customer_id,age,gender,city,annual_income,visit_frequency,avg_purchase_value,online_activity_score,membership_years,discount_usage,monthly_spending,loyal_customer
CUST-10000,43,Male,New York,98681.76,9,203.1,75.7,5.4,0.43,1981.65,1
CUST-10001,36,Male,Los Angeles,33647.13,11,50.24,76.4,1.2,0.51,577.35,1
CUST-10002,45,Male,Austin,63014.21,8,63.71,73.4,5.6,0.5,629.0,0
CUST-10003,56,Male,Miami,32348.57,5,64.83,58.6,2.7,,442.72,0
CUST-10004,35,Female,Los Angeles,31110.22,6,83.12,71.7,3.2,0.59,533.62,1
CUST-10005,35,Male,Houston,63207.82,10,134.51,56.0,0.9,0.43,1431.95,0
CUST-10006,56,Male,Chicago,101505.16,10,260.14,84.3,12.9,0.58,2526.7,1
CUST-10007,47,Female,Houston,42489.93,6,56.32,48.8,0.6,0.4,456.09,0
CUST-10008,32,Male,Los Angeles,56036.33,6,83.18,76.9,5.3,0.45,631.25,1
CUST-10009,44,Female,Los Angeles,35266.42,12,44.26,67.2,9.0,0.48,564.51,1
CUST-10010,32,Female,San Francisco,76121.1,6,118.13,84.6,4.3,0.5,870.83,0
CUST-10011,32,Male,Miami,75263.06,8,137.26,71.3,5.5,0.48,1192.92,1
CUST-10012,40,Female,Seattle,100599.99,5,147.43,62.4,0.9,0.41,962.96,0
CUST-10013,18,Female,New York,96056.58,9,120.45,63.2,0.5,0.23,1302.44,0
CUST-10014,18,Male,Miami,37778.34,1,75.87,78.3,0.5,0.63,145.48,0
CUST-10015,31,Male,Los Angeles,45012.59,8,123.51,67.1,1.1,0.5,1041.46,0
CUST-10016,25,Female,Chicago,84667.95,6,110.8,74.3,1.8,0.58,778.41,0
CUST-10017,41,Female,Boston,97569.58,10,222.61,61.6,3.9,0.35,2319.32,1
CUST-10018,27,Female,Chicago,52197.65,4,123.98,70.4,1.9,0.53,596.92,0
CUST-10019,21,Male,New York,59101.92,5,85.42,87.0,1.1,0.67,434.29,0
CUST-10020,55,Female,New York,131101.63,10,325.72,65.4,8.2,0.24,3424.51,1
CUST-10021,35,Male,Chicago,47515.72,12,120.39,49.6,1.1,0.45,1506.02,1
CUST-10022,38,Female,Miami,74732.68,7,129.51,69.2,7.5,0.4,1062.59,1
CUST-10023,20,Female,Austin,55652.85,6,81.44,100.0,0.6,0.64,597.23,1
CUST-10024,31,Female,Miami,30483.48,11,82.2,61.8,4.7,0.55,907.47,1
CUST-10025,39,Female,Seattle,151645.32,11,266.07,90.2,8.2,0.23,3227.99,1
CUST-10026,24,Female,San Francisco,80539.59,5,104.65,77.6,2.2,0.47,747.65,0
CUST-10027,42,Female,Boston,45567.48,3,63.71,71.6,6.7,0.75,304.37,0
CUST-10028,30,Male,New York,36486.65,4,78.51,62.9,3.7,0.71,334.75,0
CUST-10029,34,Female,Boston,34109.16,10,55.57,88.5,4.6,0.85,587.03,0
CUST-10030,30,Female,Chicago,47208.75,5,102.54,57.9,2.5,0.53,555.0,0
CUST-10031,60,Male,Boston,170226.64,8,420.67,57.6,4.5,0.15,3735.41,1
CUST-10032,37,Male,New York,54599.15,8,111.53,72.9,2.5,0.68,901.77,0
CUST-10033,25,Male,San Francisco,156404.31,6,420.03,49.7,2.2,0.16,2863.02,0
CUST-10034,47,Female,San Francisco,71046.54,5,143.45,78.5,7.4,0.46,817.03,1
CUST-10035,23,Female,Austin,33015.58,4,57.6,70.5,1.4,0.65,287.11,0
CUST-10036,40,Male,Miami,40623.46,8,73.44,55.2,5.9,0.43,613.33,0
CUST-10037,18,Female,Chicago,29980.31,2,67.91,78.9,0.5,0.61,221.87,0
CUST-10038,22,Male,Houston,33547.66,6,79.44,63.3,1.3,0.65,488.35,1
CUST-10039,40,Female,Chicago,36530.99,4,62.16,78.2,1.4,,296.6,0
CUST-10040,46,Male,New York,28231.75,8,81.01,70.8,4.4,0.57,652.18,0
CUST-10041,40,Male,Los Angeles,132741.64,4,183.56,54.5,2.7,0.16,1094.37,0
CUST-10042,36,Male,Los Angeles,69235.6,4,108.36,65.2,4.1,0.34,630.83,0
CUST-10043,34,Male,Houston,36518.25,5,33.53,64.2,0.9,0.65,277.59,0
CUST-10044,20,Female,Boston,72634.87,6,88.47,64.3,0.7,0.48,689.22,0
CUST-10045,29,Female,Boston,42812.33,6,73.72,61.9,0.9,0.52,625.0,0
CUST-10046,32,Male,New York,19236.67,6,30.76,67.9,1.9,0.75,234.99,0
CUST-10047,50,Male,New York,250000.0,14,420.65,80.1,10.1,0.0,4800.0,1
CUST-10048,42,Male,Los Angeles,68498.14,10,148.02,51.1,1.0,0.46,1475.14,1
CUST-10049,18,Female,Los Angeles,46409.31,3,72.88,,0.5,0.62,291.82,0
CUST-10050,41,Female,New York,27809.9,11,54.49,80.4,8.5,0.65,608.18,1
CUST-10051,33,Male,Chicago,26949.37,10,45.16,79.2,3.9,0.65,441.57,0
CUST-10052,29,Female,Phoenix,111511.77,7,179.58,77.3,3.3,0.31,1543.02,1
CUST-10053,45,Male,Houston,109062.46,5,319.29,84.0,8.7,0.36,1752.87,1
CUST-10054,50,Female,Houston,75005.31,7,166.34,,3.2,0.45,1203.08,0
CUST-10055,49,Female,Los Angeles,35675.64,8,63.17,77.5,7.4,0.78,450.67,1
CUST-10056,27,Female,San Francisco,161370.66,5,214.44,56.6,1.5,0.0,1613.73,1
CUST-10057,34,Female,Miami,64446.97,5,145.79,68.0,2.0,0.39,871.28,0
CUST-10058,41,Female,Los Angeles,86441.59,7,98.68,53.3,2.2,0.46,894.94,0
CUST-10059,49,Female,New York,91417.3,12,174.16,69.1,7.5,0.46,2109.16,1
CUST-10060,32,Female,Los Angeles,29327.13,11,67.57,78.2,4.6,0.75,624.55,1
CUST-10061,35,Male,New York,40175.96,14,95.47,89.6,6.0,0.71,1187.59,1
CUST-10062,24,Male,Chicago,44076.46,6,96.32,73.5,1.3,0.53,603.95,0
CUST-10063,23,Male,New York,100903.96,10,255.23,64.4,1.1,0.38,2572.93,1
CUST-10064,47,Female,Chicago,28526.08,15,71.57,68.8,8.1,0.67,965.6,1
CUST-10065,54,Male,Los Angeles,57073.13,15,164.17,84.2,11.3,0.59,2235.09,1
CUST-10066,37,Male,San Francisco,69436.47,11,88.56,56.5,2.3,0.5,1071.77,0
CUST-10067,50,Male,New York,108713.85,9,126.8,60.8,4.2,0.42,1306.51,0
CUST-10068,42,Male,Houston,72116.81,2,120.53,75.0,5.4,0.58,401.94,0
CUST-10069,30,Female,New York,44134.26,4,86.56,61.6,2.4,0.48,452.93,0
CUST-10070,42,Female,New York,150760.49,10,267.8,65.2,6.9,0.17,3024.96,1
CUST-10071,56,Female,Seattle,37855.2,11,69.98,55.5,7.8,0.56,773.0,1
CUST-10072,37,Female,San Francisco,130952.76,6,379.17,78.7,1.3,0.31,2461.11,1
CUST-10073,56,Female,New York,55549.63,4,103.32,69.4,2.9,0.51,496.88,0
CUST-10074,18,Male,San Francisco,82325.42,7,187.21,57.6,0.5,0.55,1361.43,0
CUST-10075,47,Male,Phoenix,54591.49,8,97.78,62.0,3.0,0.42,837.22,0
CUST-10076,39,Female,Chicago,62795.83,10,152.96,74.3,0.9,0.39,1593.6,0
CUST-10077,34,Male,Chicago,79701.19,7,147.76,78.1,4.8,0.58,1173.43,1
CUST-10078,39,Male,Seattle,82361.49,8,126.95,80.5,5.9,0.49,1145.3,1
CUST-10079,18,Female,Los Angeles,92188.12,5,130.93,78.7,0.5,0.38,828.9,0
CUST-10080,35,Male,Chicago,71761.27,6,161.2,63.9,3.7,0.46,1098.68,0
CUST-10081,42,Male,Los Angeles,33108.14,9,45.96,85.9,9.3,0.84,441.3,1
CUST-10082,55,Male,Miami,58900.58,5,131.27,61.0,2.2,0.57,728.88,0
CUST-10083,31,Male,Boston,49039.76,6,139.13,57.7,2.9,,886.51,0
CUST-10084,28,Male,Seattle,38890.77,9,82.12,75.3,2.5,0.58,782.66,0
CUST-10085,31,Male,Miami,44524.14,9,68.33,58.0,0.6,0.58,721.9,0
CUST-10086,48,Female,Austin,65311.8,10,176.17,67.3,5.2,0.46,1714.39,1
CUST-10087,41,Female,San Francisco,85931.84,6,187.08,79.4,7.3,0.68,1165.24,1
CUST-10088,31,Male,San Francisco,128602.9,8,184.18,81.6,2.7,0.4,1718.98,1
CUST-10089,44,Female,Austin,114572.69,8,140.9,80.7,9.2,0.37,1362.9,1
CUST-10090,39,Male,New York,86529.87,7,94.24,78.1,5.6,0.4,883.33,1
CUST-10091,49,Male,Phoenix,63145.24,14,107.45,83.4,9.6,0.73,1365.83,1
CUST-10092,29,Male,San Francisco,79548.86,8,219.69,58.2,3.6,0.38,1847.66,1
CUST-10093,34,Female,Boston,95409.58,8,181.99,60.8,4.6,0.49,1577.4,1
CUST-10094,33,Male,Seattle,86390.9,5,96.03,75.3,4.6,0.47,674.84,0
CUST-10095,20,Female,Seattle,65900.38,8,91.85,90.2,0.7,0.62,812.31,0
CUST-10096,41,Female,Boston,190672.55,7,450.0,76.5,5.3,,3701.26,1
CUST-10097,41,Female,Houston,39167.99,6,77.41,79.1,5.4,0.57,499.0,0
CUST-10098,38,Female,New York,151347.39,14,434.65,77.1,1.9,0.18,4800.0,1
CUST-10099,35,Female,New York,37158.88,6,91.31,69.4,5.7,0.64,557.96,1
CUST-10100,21,Male,Houston,77305.08,5,126.36,97.0,0.7,0.65,775.75,0
CUST-10101,32,Male,Chicago,116666.46,10,291.82,85.6,3.2,0.49,2957.79,1
CUST-10102,33,Female,Chicago,21920.57,7,30.73,71.4,1.9,0.65,269.13,0
CUST-10103,28,Female,Chicago,60977.82,7,148.67,66.5,2.9,0.46,1124.42,0
CUST-10104,36,Male,Boston,92969.67,8,133.53,64.9,7.0,0.52,1183.92,1
CUST-10105,42,Male,Los Angeles,70667.69,4,163.16,83.5,7.8,0.55,794.22,1
CUST-10106,60,Male,Seattle,81815.46,10,125.55,94.0,9.5,0.38,1385.48,1
CUST-10107,40,Male,Boston,69593.97,11,125.27,88.2,5.2,0.65,1405.96,1
CUST-10108,41,Male,Houston,29779.72,5,37.96,93.8,4.8,,252.12,0
CUST-10109,37,Female,Chicago,185871.89,9,450.0,35.2,2.0,0.0,4641.55,1
CUST-10110,18,Female,Miami,40012.12,5,99.79,76.5,0.5,0.73,571.38,0
CUST-10111,37,Male,San Francisco,94235.56,5,163.6,72.2,3.4,0.48,1046.13,0
CUST-10112,38,Female,Los Angeles,45086.68,11,97.42,84.1,7.6,0.61,1033.4,1
CUST-10113,67,Female,New York,23439.38,4,37.23,74.0,6.7,0.4,223.05,0
CUST-10114,35,Male,Los Angeles,39242.1,12,104.46,75.8,4.2,0.57,1171.24,1
CUST-10115,41,Male,New York,35464.99,12,92.81,91.8,8.5,0.82,984.39,1
CUST-10116,37,Female,Los Angeles,107532.21,4,162.46,76.7,4.2,0.38,829.12,0
CUST-10117,23,Female,Los Angeles,45996.84,7,132.3,71.9,0.9,0.65,939.21,0
CUST-10118,51,Male,Phoenix,37706.73,11,94.63,69.9,5.3,0.6,1021.06,1
CUST-10119,47,Other,Austin,35001.45,5,64.96,70.5,4.7,0.63,382.95,0
CUST-10120,47,Male,San Francisco,79498.22,14,183.98,61.0,8.4,0.43,2552.54,1
CUST-10121,27,Male,Boston,45437.47,6,91.48,70.2,1.4,0.71,542.25,0
CUST-10122,54,Male,Miami,84531.88,10,201.36,85.9,10.7,0.53,1982.74,1
CUST-10123,21,Male,San Francisco,88211.44,4,182.16,76.9,1.1,0.44,884.82,0
CUST-10124,45,Female,Chicago,42739.43,11,68.15,61.6,4.0,0.64,697.37,1
CUST-10125,64,Female,Los Angeles,95308.9,9,171.21,59.6,2.5,,1751.23,0
CUST-10126,26,Male,Seattle,67989.86,10,56.41,74.3,2.2,0.57,719.73,1
CUST-10127,31,Female,Boston,65714.18,9,189.04,73.1,2.2,0.6,1629.62,0
CUST-10128,39,Female,Chicago,27377.39,7,37.6,65.2,4.7,0.55,314.59,0
CUST-10129,31,Male,New York,70584.19,7,179.46,42.0,3.5,0.37,1389.08,0
CUST-10130,19,Female,Miami,60444.39,6,97.32,71.4,0.5,0.47,695.81,0
CUST-10131,38,Male,Los Angeles,121363.49,8,146.33,75.1,7.4,0.42,1448.85,1
CUST-10132,25,Female,New York,50219.45,7,98.74,61.8,1.4,0.52,714.39,0
CUST-10133,43,Male,Miami,160774.98,7,433.96,68.0,3.4,0.28,3297.3,1
CUST-10134,26,Female,Houston,67991.7,8,87.56,61.4,2.9,0.68,778.92,0
CUST-10135,56,Male,San Francisco,35481.49,6,55.33,77.4,2.5,0.64,357.55,0
CUST-10136,28,Female,Boston,42604.81,11,55.48,47.9,0.9,0.48,706.2,1
CUST-10137,34,Female,Houston,104736.85,5,245.15,73.6,6.0,0.54,1347.06,1
CUST-10138,47,Male,Houston,95829.06,4,236.64,59.8,2.8,0.41,1108.0,0
CUST-10139,23,Male,Los Angeles,62869.01,10,91.37,52.6,0.7,0.52,920.6,0
CUST-10140,40,Male,Los Angeles,67152.46,4,134.58,54.6,4.9,0.39,691.01,1
CUST-10141,53,Female,Miami,28750.25,5,77.45,61.5,1.1,0.65,411.39,0
CUST-10142,18,Male,Chicago,110140.44,12,149.69,96.2,0.5,0.48,1858.12,1
CUST-10143,40,Female,New York,44632.66,4,108.06,55.5,4.3,0.54,554.39,0
CUST-10144,41,Male,New York,111577.55,9,196.61,39.4,6.1,0.22,1970.06,0
CUST-10145,47,Male,Chicago,111838.52,5,172.33,47.3,3.7,0.35,1148.31,0
CUST-10146,23,Male,Chicago,58271.47,9,136.41,63.1,1.9,0.51,1247.1,0
CUST-10147,22,Male,Phoenix,79098.18,6,208.75,64.2,0.8,0.43,1360.44,0
CUST-10148,44,Female,Chicago,143287.73,11,207.28,75.4,6.8,0.21,2646.58,1
CUST-10149,41,Female,New York,83624.26,7,144.36,89.4,8.7,0.55,1167.92,1
CUST-10150,41,Male,Houston,47148.42,7,149.42,58.4,4.0,0.51,1069.89,0
CUST-10151,42,Female,Boston,62874.45,8,119.08,48.9,2.0,0.4,1076.61,0
CUST-10152,29,Male,New York,50443.57,7,63.59,84.2,0.8,,562.4,0
CUST-10153,40,Female,San Francisco,51724.16,10,111.7,89.0,8.5,0.6,1099.3,1
CUST-10154,41,Male,Phoenix,60830.27,14,94.98,63.5,7.1,0.54,1312.52,1
CUST-10155,29,Female,San Francisco,69877.38,6,100.08,79.4,4.1,0.46,675.29,1
CUST-10156,60,Female,New York,86153.79,12,164.69,80.6,10.6,0.69,1870.25,1
CUST-10157,43,Male,Boston,30864.24,10,86.23,77.8,3.8,0.62,819.64,1
CUST-10158,23,Female,Phoenix,46552.22,7,74.04,71.4,0.7,0.65,499.06,0
CUST-10159,45,Male,Seattle,113346.24,12,179.09,94.1,10.1,0.5,2190.74,1
CUST-10160,26,Male,Los Angeles,35607.08,5,32.95,59.7,1.8,0.63,227.35,0
CUST-10161,47,Male,San Francisco,76476.24,6,182.12,66.3,4.9,0.4,1199.43,1
CUST-10162,51,Male,Miami,20361.52,15,36.02,62.8,7.8,0.78,573.7,1
CUST-10163,28,Male,Chicago,29615.68,4,101.84,58.9,0.9,0.59,505.89,0
CUST-10164,49,Male,Chicago,85188.4,7,202.92,64.7,4.2,0.42,1561.69,1
CUST-10165,42,Male,Phoenix,41772.66,11,57.89,79.5,6.3,0.67,713.85,1
CUST-10166,47,Male,New York,181887.02,7,300.4,56.9,1.6,0.21,2548.11,1
CUST-10167,60,Female,San Francisco,94154.64,7,231.96,65.2,2.5,0.28,1833.86,1
CUST-10168,35,Female,New York,95358.85,4,142.46,72.7,3.7,0.44,810.45,0
CUST-10169,28,Male,New York,42696.13,4,55.19,67.6,2.7,0.61,304.89,0
CUST-10170,27,Male,San Francisco,62562.39,6,173.55,81.1,1.1,0.57,1071.4,0
CUST-10171,28,Male,New York,50705.34,17,121.96,64.1,0.6,0.65,1904.69,1
CUST-10172,37,Female,Austin,34982.01,6,62.21,,7.3,0.54,422.88,1
CUST-10173,42,Female,Seattle,94380.53,3,224.13,62.0,0.8,0.41,848.06,0
CUST-10174,41,Male,Phoenix,75124.15,12,201.14,49.5,0.5,0.48,2325.17,1
CUST-10175,47,Male,Miami,62829.21,3,93.45,46.0,4.1,0.42,472.04,0
CUST-10176,38,Male,Seattle,44761.78,3,40.55,89.8,2.2,0.7,260.91,0
CUST-10177,55,Male,Los Angeles,73506.34,10,139.2,67.9,8.7,0.44,1420.75,1
CUST-10178,34,Female,Seattle,26024.78,6,44.85,90.6,5.8,0.74,336.7,1
CUST-10179,70,Female,New York,141720.09,6,292.87,49.7,7.5,0.21,2110.59,1
CUST-10180,45,Male,Chicago,29724.15,9,58.86,96.7,8.5,0.79,514.44,1
CUST-10181,27,Female,Houston,29391.98,9,73.06,76.1,3.3,0.68,675.42,1
CUST-10182,25,Male,San Francisco,80347.67,3,225.36,67.0,0.9,0.52,809.21,0
CUST-10183,43,Male,New York,80998.38,5,111.49,72.5,5.1,0.42,787.13,1
CUST-10184,35,Female,Los Angeles,60077.32,12,134.84,65.1,4.5,0.62,1473.62,1
CUST-10185,46,Female,Phoenix,27989.24,6,75.78,63.2,4.1,0.62,453.33,0
CUST-10186,43,Male,Los Angeles,109802.21,10,293.68,68.7,7.5,0.38,2983.5,1
CUST-10187,37,Male,Miami,22153.09,8,33.13,,5.5,0.77,264.13,1
CUST-10188,27,Female,Phoenix,23225.47,7,38.82,75.6,1.8,0.64,277.48,0
CUST-10189,19,Female,Los Angeles,59057.72,3,124.45,67.8,0.5,0.53,531.38,0
CUST-10190,32,Male,New York,38870.37,7,76.48,65.2,0.6,0.47,635.24,0
CUST-10191,48,Male,Phoenix,89854.96,12,153.98,71.1,4.7,0.45,1903.4,1
CUST-10192,40,Male,Chicago,31561.17,5,28.33,60.5,1.2,0.62,207.49,0
CUST-10193,23,Female,New York,159311.74,4,441.46,58.8,1.7,0.23,2196.28,0
CUST-10194,40,Female,Los Angeles,104539.79,4,227.67,67.4,3.3,0.32,1151.66,1
CUST-10195,42,Male,Los Angeles,115530.5,13,306.95,85.5,6.6,0.29,4040.8,1
CUST-10196,27,Female,New York,187898.57,6,394.3,53.2,1.6,0.08,2839.78,1
CUST-10197,39,Female,Houston,53600.87,7,121.93,81.1,6.8,0.58,892.04,1
CUST-10198,38,Male,Miami,31014.79,8,72.88,76.4,7.2,0.75,604.89,1
CUST-10199,24,Male,Houston,48883.87,7,143.25,62.5,2.1,0.48,1036.43,1
CUST-10200,42,Female,Miami,38768.91,11,96.68,84.3,4.9,0.52,1049.14,1
CUST-10201,44,Female,New York,51303.23,5,159.33,38.7,1.3,0.5,879.82,0
CUST-10202,50,Female,Chicago,61341.81,4,132.72,57.2,5.1,0.47,675.04,0
CUST-10203,50,Female,Phoenix,41722.15,7,83.13,60.4,5.7,0.61,561.24,1
CUST-10204,21,Male,San Francisco,52071.21,4,110.57,94.2,1.2,0.59,528.69,0
CUST-10205,26,Male,San Francisco,67088.71,10,94.45,,2.0,0.56,1102.23,1
CUST-10206,44,Female,San Francisco,99803.79,10,167.78,66.0,6.8,0.49,1782.59,1
CUST-10207,44,Male,Phoenix,78656.7,12,117.93,75.5,8.2,0.59,1468.15,1
CUST-10208,44,Female,New York,32815.05,10,97.46,72.5,6.1,,885.67,1
CUST-10209,75,Female,San Francisco,65177.64,9,185.14,59.7,9.2,0.42,1636.36,1
CUST-10210,44,Female,San Francisco,70671.71,9,110.26,71.3,2.9,0.53,1057.39,0
CUST-10211,51,Male,Austin,32992.98,5,95.19,70.0,1.2,0.43,483.15,0
CUST-10212,49,Female,San Francisco,71440.44,10,97.91,83.4,9.1,0.61,979.41,1
CUST-10213,45,Female,San Francisco,81672.29,15,178.91,68.7,9.2,0.45,2589.64,1
CUST-10214,34,Female,Houston,66710.92,7,191.65,60.6,2.9,0.55,1339.84,0
CUST-10215,47,Male,Seattle,70384.09,7,213.35,,6.6,0.54,1497.34,1
CUST-10216,28,Male,Austin,38362.49,7,91.02,79.2,1.6,0.64,552.81,0
CUST-10217,35,Male,Miami,140747.35,6,343.56,65.2,3.3,0.34,2322.41,0
CUST-10218,32,Male,Phoenix,73806.56,3,101.31,65.7,1.6,0.35,546.63,0
CUST-10219,38,Male,New York,96419.57,10,147.82,57.9,6.2,0.44,1658.75,1
CUST-10220,65,Female,San Francisco,125352.85,10,320.37,81.6,7.6,0.42,3188.21,1
CUST-10221,18,Female,San Francisco,85714.46,4,193.53,62.3,0.5,0.51,873.52,0
CUST-10222,46,Female,Miami,97915.21,5,183.45,40.3,0.9,0.16,1209.42,0
CUST-10223,18,Female,New York,75247.7,6,192.67,89.4,0.5,0.57,1254.02,0
CUST-10224,32,Male,Phoenix,48801.35,3,64.05,76.6,1.5,0.57,334.29,0
CUST-10225,51,Female,Los Angeles,85594.49,5,159.1,66.4,5.4,0.48,871.38,1
CUST-10226,38,Male,Miami,113197.06,4,213.63,65.2,3.6,0.48,1085.62,0
CUST-10227,25,Male,Los Angeles,132692.04,3,370.73,66.6,1.5,0.27,1387.94,0
CUST-10228,29,Female,San Francisco,102017.13,8,159.8,66.0,1.4,0.4,1439.83,0
CUST-10229,46,Female,Los Angeles,80665.63,10,192.12,94.7,9.6,0.52,1920.04,1
CUST-10230,29,Female,New York,103582.72,9,135.88,52.6,2.2,0.35,1388.81,1
CUST-10231,40,Male,Phoenix,79813.66,5,116.24,81.4,5.6,0.59,706.96,1
CUST-10232,38,Female,New York,140010.2,10,295.01,59.7,5.1,0.29,3176.41,1
CUST-10233,30,Male,Phoenix,43319.04,7,63.04,81.7,3.1,0.72,538.22,1
CUST-10234,63,Male,Boston,125662.15,9,207.18,,8.6,0.22,2203.18,1
CUST-10235,45,Female,Austin,70742.92,10,109.5,65.1,9.0,0.42,1223.01,1
CUST-10236,18,Female,Los Angeles,86269.19,8,212.62,63.5,0.5,0.35,1843.64,0
CUST-10237,40,Female,Miami,102711.71,6,114.91,72.5,4.0,0.42,944.9,0
CUST-10238,30,Female,Los Angeles,90517.01,10,194.98,77.3,3.2,0.41,2014.33,1
CUST-10239,48,Female,Boston,102777.25,3,253.72,56.6,1.7,0.3,991.61,0
CUST-10240,28,Female,Miami,42361.59,11,77.53,61.1,0.8,0.68,850.65,0
CUST-10241,36,Female,New York,154702.68,6,313.73,83.5,3.7,0.33,2259.6,1
CUST-10242,44,Female,Chicago,80550.01,9,186.18,66.1,9.4,0.47,1709.8,1
CUST-10243,48,Female,Los Angeles,66356.35,8,205.26,98.4,8.0,0.6,1607.27,1
CUST-10244,23,Other,Miami,89254.21,3,127.85,82.7,1.5,0.54,623.11,0
CUST-10245,33,Male,Chicago,207462.4,10,450.0,55.0,1.4,0.0,4800.0,1
CUST-10246,32,Female,San Francisco,42277.49,8,65.63,68.8,2.8,0.69,557.28,0
CUST-10247,30,Female,Phoenix,32623.01,9,61.75,72.9,2.2,0.72,564.75,0
CUST-10248,59,Male,Austin,228196.6,12,450.0,56.0,11.9,0.0,4800.0,1
CUST-10249,42,Female,Boston,80472.35,7,119.12,82.7,1.8,0.48,975.49,1
CUST-10250,22,Male,Chicago,62581.5,8,88.82,88.3,1.1,0.55,818.99,1
CUST-10251,49,Female,San Francisco,71594.92,8,156.64,83.9,11.3,0.73,1208.94,1
CUST-10252,63,Female,Miami,94176.38,14,121.88,100.0,13.4,0.36,1808.01,1
CUST-10253,50,Male,Boston,239892.27,11,450.0,83.7,11.0,0.08,4800.0,1
CUST-10254,19,Male,New York,52444.48,9,173.48,,0.5,0.51,1570.07,0
CUST-10255,32,Female,Los Angeles,59356.9,15,169.66,69.6,5.3,0.63,2334.26,1
CUST-10256,53,Male,Los Angeles,52281.53,10,56.54,77.6,11.4,0.66,611.1,1
CUST-10257,29,Male,Chicago,82061.37,8,119.83,60.0,3.8,0.4,1083.41,1
CUST-10258,43,Male,New York,134766.82,9,238.55,74.9,9.4,0.21,2467.55,1
CUST-10259,47,Female,Houston,115748.28,8,339.18,77.6,10.9,0.31,2855.97,1
CUST-10260,26,Female,San Francisco,111282.95,8,272.19,73.4,1.1,0.37,2238.41,0
CUST-10261,37,Female,Houston,181384.27,5,450.0,69.0,1.4,0.04,2729.39,1
CUST-10262,18,Male,San Francisco,56902.57,6,102.05,76.6,0.5,0.62,678.42,0
CUST-10263,25,Female,New York,48186.51,6,98.72,73.8,1.8,0.67,677.98,0
CUST-10264,34,Female,Seattle,141183.49,3,371.66,68.4,2.4,0.4,1427.94,0
CUST-10265,23,Male,Boston,69129.56,9,159.41,70.9,1.5,0.63,1379.41,0
CUST-10266,57,Female,Phoenix,24505.9,5,64.49,70.3,1.4,0.55,270.61,0
CUST-10267,20,Female,Seattle,57821.27,10,176.33,76.2,0.5,0.6,1687.4,1
CUST-10268,32,Female,New York,83111.13,8,177.38,58.1,2.3,0.44,1490.01,0
CUST-10269,39,Male,Miami,37256.53,6,38.98,79.3,2.0,0.76,318.56,0
CUST-10270,55,Male,New York,44036.51,8,121.71,86.7,10.8,0.57,936.39,1
CUST-10271,20,Male,Chicago,51275.87,5,74.72,68.7,0.8,0.58,497.89,0
CUST-10272,51,Male,Los Angeles,36588.72,7,93.25,75.6,8.9,0.58,722.52,1
CUST-10273,38,Female,Phoenix,66983.73,7,196.76,62.5,5.4,,1469.16,1
CUST-10274,26,Male,Los Angeles,23573.05,11,28.7,73.7,0.5,0.72,308.0,0
CUST-10275,43,Female,Phoenix,51013.82,12,65.36,77.2,5.4,0.64,739.32,1
CUST-10276,40,Male,Chicago,73758.03,7,93.77,90.9,7.3,0.53,772.69,1
CUST-10277,30,Male,Seattle,64723.07,5,148.79,78.6,3.3,0.51,816.91,0
CUST-10278,38,Female,Phoenix,84225.33,4,158.04,44.5,2.2,0.46,785.92,0
CUST-10279,33,Male,Los Angeles,31397.43,8,71.68,86.6,5.2,0.7,549.08,1
CUST-10280,39,Female,Los Angeles,43880.14,13,90.75,90.6,8.1,0.67,1141.73,1
CUST-10281,45,Male,Seattle,57418.75,3,79.29,71.8,3.4,0.44,339.56,0
CUST-10282,57,Male,Chicago,81239.14,10,185.11,48.4,3.5,0.34,1958.59,1
CUST-10283,23,Female,Houston,57409.24,12,60.36,81.2,1.0,0.67,775.1,0
CUST-10284,63,Female,Phoenix,142389.63,10,256.72,56.6,1.4,0.22,2862.34,1
CUST-10285,18,Male,Los Angeles,41642.18,5,103.46,64.4,0.5,0.32,603.28,0
CUST-10286,36,Male,Los Angeles,31016.28,5,101.12,75.8,6.7,0.56,535.87,1
CUST-10287,45,Female,Chicago,139153.74,8,178.71,83.9,7.0,0.42,1761.93,1
CUST-10288,41,Female,Los Angeles,30464.97,7,29.49,53.3,7.1,0.69,246.3,0
CUST-10289,30,Female,Los Angeles,87666.34,9,152.43,88.2,3.4,0.48,1458.13,1
CUST-10290,35,Male,New York,44836.13,4,77.93,74.8,2.9,0.75,370.49,0
CUST-10291,32,Other,Los Angeles,22139.15,5,54.54,76.2,3.7,0.61,336.91,0
CUST-10292,30,Male,Los Angeles,51656.43,6,101.29,69.8,4.1,0.59,685.89,1
CUST-10293,48,Male,Austin,93438.63,10,142.49,100.0,9.8,0.52,1455.09,1
CUST-10294,42,Female,Phoenix,26469.65,3,46.67,53.8,1.2,0.58,192.7,0
CUST-10295,29,Male,Miami,68648.47,6,184.48,89.6,2.3,0.49,1192.19,1
CUST-10296,48,Male,New York,107101.94,8,187.95,72.0,5.1,0.34,1651.27,1
CUST-10297,41,Male,New York,38725.73,10,50.25,100.0,7.0,0.78,578.15,1
CUST-10298,47,Male,Miami,45927.81,11,55.46,66.9,6.1,0.66,657.64,1
CUST-10299,45,Female,Phoenix,107277.79,5,297.27,53.0,4.1,,1690.64,0
CUST-10300,28,Female,New York,101255.36,9,266.53,60.7,3.0,0.34,2503.87,1
CUST-10301,31,Male,Chicago,49913.36,11,93.4,57.9,2.7,0.6,982.83,0
CUST-10302,46,Female,Houston,63345.2,8,190.04,62.0,3.2,0.48,1508.62,1
CUST-10303,45,Female,Seattle,48074.73,10,90.09,83.3,9.7,0.64,867.5,1
CUST-10304,37,Female,New York,127637.87,8,190.41,57.0,1.3,0.25,1742.96,1
CUST-10305,39,Male,Phoenix,85073.39,10,112.71,74.7,0.6,0.42,1300.46,1
CUST-10306,53,Other,San Francisco,80573.51,3,127.39,60.0,2.4,0.41,654.3,0
CUST-10307,30,Female,Austin,66880.54,7,157.54,76.4,1.2,0.41,1242.36,1
CUST-10308,44,Male,Miami,31235.43,6,68.72,72.6,5.8,0.6,440.71,0
CUST-10309,35,Male,Los Angeles,31689.6,5,84.68,66.1,4.4,0.64,455.92,0
CUST-10310,35,Male,San Francisco,62828.86,4,148.06,65.6,3.3,0.36,751.76,0
CUST-10311,51,Female,Miami,49266.81,7,89.15,41.5,3.1,0.24,797.08,1
CUST-10312,47,Male,San Francisco,129028.16,5,209.06,86.4,2.0,0.32,1366.22,0
CUST-10313,47,Female,Miami,81627.43,8,93.51,72.2,6.0,0.47,841.14,1
CUST-10314,53,Male,Boston,71306.16,10,177.24,70.8,8.1,0.41,1797.52,1
CUST-10315,38,Female,New York,132637.36,8,353.24,53.6,2.8,0.2,3028.06,0
CUST-10316,46,Male,New York,45631.86,7,91.62,63.1,2.9,0.51,748.28,0
CUST-10317,34,Female,Miami,88201.14,7,192.67,42.0,1.0,0.31,1501.3,0
CUST-10318,41,Female,Los Angeles,41963.17,5,70.73,68.4,0.7,0.36,439.59,0
CUST-10319,36,Male,New York,135937.68,6,357.41,52.6,1.2,0.23,2385.11,0
CUST-10320,39,Male,Chicago,56506.84,9,138.98,94.1,6.4,0.84,1143.55,0
CUST-10321,45,Male,Miami,18950.08,6,43.77,83.3,4.0,0.66,302.78,1
CUST-10322,28,Female,New York,105364.72,3,248.79,54.4,0.6,0.27,985.59,0
CUST-10323,63,Female,San Francisco,113691.64,14,296.15,77.8,7.9,0.48,3992.74,1
CUST-10324,25,Male,New York,58210.12,5,87.01,90.0,1.7,0.55,536.03,0
CUST-10325,23,Male,New York,60747.11,9,126.21,92.4,1.1,0.73,1087.4,1
CUST-10326,51,Male,Los Angeles,57525.83,3,135.47,73.3,1.9,0.52,516.04,0
CUST-10327,47,Female,New York,27932.01,7,54.21,86.2,8.9,0.65,382.19,1
CUST-10328,45,Female,Seattle,20759.92,16,57.71,72.4,7.6,0.67,837.85,1
CUST-10329,45,Female,Seattle,129826.78,6,357.53,77.7,4.6,0.19,2399.17,1
CUST-10330,37,Male,San Francisco,50233.55,6,162.44,54.4,3.2,0.5,1026.02,0
CUST-10331,27,Male,Los Angeles,157533.59,5,267.33,83.9,1.0,0.22,1683.73,0
CUST-10332,38,Female,Houston,102120.38,9,265.39,100.0,6.2,0.48,2369.67,1
CUST-10333,29,Male,New York,160123.75,13,216.4,64.9,2.8,0.14,3192.6,1
CUST-10334,49,Female,Los Angeles,45008.76,3,128.61,49.1,1.5,0.52,471.0,0
CUST-10335,36,Male,Houston,23028.92,7,59.89,66.2,3.0,0.55,441.11,0
CUST-10336,28,Male,San Francisco,44047.82,4,65.28,84.6,3.7,0.61,376.46,1
CUST-10337,34,Female,New York,58505.57,7,144.41,71.7,3.2,0.59,1049.01,0
CUST-10338,42,Other,Los Angeles,19018.11,13,36.76,77.7,3.5,0.69,428.57,1
CUST-10339,31,Female,Boston,51257.06,11,91.32,71.7,3.5,0.52,991.45,1
CUST-10340,28,Male,Chicago,51428.67,7,103.61,88.3,1.2,0.57,774.84,0
CUST-10341,40,Male,Boston,34033.86,10,70.4,81.0,4.8,0.48,718.86,0
CUST-10342,40,Female,Austin,35421.27,7,43.96,65.0,6.1,0.58,399.87,0
CUST-10343,31,Female,Houston,46092.59,5,52.03,53.0,4.5,0.47,388.59,1
CUST-10344,32,Female,Los Angeles,74451.65,6,135.69,87.6,4.0,0.6,921.24,0
CUST-10345,40,Male,Miami,32968.09,6,100.12,73.9,3.7,0.63,564.03,0
CUST-10346,20,Female,New York,84645.81,8,215.77,,0.7,0.46,1787.56,1
CUST-10347,21,Female,Los Angeles,66714.99,6,120.71,84.8,1.1,0.5,820.97,0
CUST-10348,29,Female,Miami,52688.35,3,108.55,67.3,2.4,0.57,456.93,0
CUST-10349,35,Female,Chicago,41059.73,7,76.02,73.5,0.5,0.61,561.8,1
CUST-10350,41,Male,Los Angeles,31986.59,7,90.21,79.3,8.2,0.69,580.93,1
CUST-10351,55,Female,Phoenix,113876.01,4,231.17,61.4,2.9,0.27,1172.98,0
CUST-10352,48,Female,San Francisco,103945.83,5,274.2,85.5,2.0,0.45,1508.47,0
CUST-10353,36,Female,New York,120930.4,7,172.78,67.9,2.6,0.37,1411.12,0
CUST-10354,37,Female,Los Angeles,59751.35,5,144.66,53.5,3.2,0.57,741.45,0
CUST-10355,25,Female,Los Angeles,57397.11,6,80.05,57.5,2.3,0.64,614.06,0
CUST-10356,37,Female,Chicago,72701.7,9,170.72,81.3,3.3,0.6,1522.36,1
CUST-10357,34,Male,Miami,20565.34,8,23.13,65.4,0.8,0.67,188.52,0
CUST-10358,41,Male,San Francisco,43440.63,6,43.53,72.4,6.0,0.5,363.55,1
CUST-10359,28,Male,San Francisco,50898.3,8,86.95,74.4,2.8,0.6,674.61,1
CUST-10360,44,Male,New York,58268.76,11,137.67,78.5,8.6,0.69,1389.42,1
CUST-10361,56,Male,New York,47110.76,8,87.76,78.8,6.3,0.68,671.84,1
CUST-10362,36,Male,Los Angeles,73582.72,5,187.12,57.3,1.1,0.51,994.73,0
CUST-10363,42,Male,Los Angeles,64892.38,7,134.9,81.8,5.5,0.5,1021.45,1
CUST-10364,46,Male,New York,146757.51,7,242.79,69.2,1.8,0.33,1988.35,0
CUST-10365,33,Male,Chicago,195960.77,12,405.99,67.7,0.6,0.0,4800.0,1
CUST-10366,40,Male,New York,38897.27,7,48.06,69.8,7.0,0.54,370.39,1
CUST-10367,38,Female,San Francisco,81644.1,12,170.81,82.3,3.5,0.57,1982.1,1
CUST-10368,39,Female,Miami,55352.09,10,84.76,86.7,4.6,0.53,923.88,1
CUST-10369,28,Male,Houston,51103.47,6,141.22,50.6,2.8,0.47,880.18,0
CUST-10370,38,Female,New York,42518.4,12,94.95,73.0,3.5,0.71,1079.85,0
CUST-10371,43,Female,Boston,41098.33,5,74.28,49.3,1.0,0.51,453.19,0
CUST-10372,55,Male,Austin,67205.68,8,164.28,62.1,4.1,0.58,1302.24,0
CUST-10373,49,Female,Los Angeles,38835.38,9,98.93,63.3,2.8,0.62,849.81,1
CUST-10374,63,Female,San Francisco,82134.07,8,148.34,92.7,14.7,0.71,1193.98,1
CUST-10375,28,Female,Seattle,59884.24,13,72.78,72.5,3.1,0.57,945.87,1
CUST-10376,48,Male,Houston,55245.14,13,144.94,67.0,5.7,0.45,1817.98,1
CUST-10377,40,Female,Los Angeles,38681.31,6,83.93,66.9,1.0,0.62,542.5,0
CUST-10378,64,Male,Chicago,61545.05,8,102.68,40.5,2.2,0.53,892.32,0
CUST-10379,28,Female,Houston,33131.19,9,89.02,70.2,3.3,0.55,828.12,1
CUST-10380,27,Other,Chicago,61644.42,7,143.12,71.7,3.4,0.46,1089.82,0
CUST-10381,30,Female,Boston,127009.81,6,189.57,55.7,0.6,0.3,1422.92,0
CUST-10382,18,Female,San Francisco,86419.11,10,130.36,49.0,0.5,0.29,1471.78,1
CUST-10383,31,Male,Los Angeles,73181.44,2,118.13,71.5,2.3,0.5,425.34,0
CUST-10384,28,Other,Phoenix,73367.97,2,147.14,57.4,1.2,0.5,428.95,0
CUST-10385,39,Female,San Francisco,37597.51,5,45.44,49.7,1.3,0.6,294.55,0
CUST-10386,42,Male,New York,172743.89,10,235.43,96.5,7.5,0.22,2753.51,1
CUST-10387,60,Female,Los Angeles,36752.7,6,72.95,61.7,7.3,0.6,504.06,0
CUST-10388,49,Male,Boston,100926.93,8,263.25,73.9,10.4,0.32,2240.02,1
CUST-10389,31,Male,Houston,74769.23,6,183.27,80.8,1.6,0.43,1217.6,1
CUST-10390,27,Female,Los Angeles,39683.02,7,103.03,60.5,2.6,0.63,724.89,0
CUST-10391,43,Male,New York,121121.28,1,248.31,56.8,1.6,0.41,604.28,0
CUST-10392,22,Female,Houston,66013.4,4,133.28,54.5,0.6,0.32,666.55,0
CUST-10393,59,Male,Houston,132414.98,7,286.42,65.5,2.4,0.17,2249.66,1
CUST-10394,52,Male,Los Angeles,68627.69,9,91.97,79.4,11.1,0.49,951.01,1
CUST-10395,32,Female,Phoenix,46183.04,3,78.82,72.7,3.8,0.56,374.73,1
CUST-10396,18,Male,New York,56541.11,6,109.49,68.0,0.5,0.59,762.59,0
CUST-10397,54,Female,New York,30589.95,4,66.57,50.4,5.8,0.41,295.54,0
CUST-10398,36,Female,Houston,43896.63,6,87.55,67.9,5.6,0.47,603.84,1
CUST-10399,52,Female,New York,63713.73,8,114.87,70.1,4.2,0.51,914.42,1
CUST-10400,18,Female,Seattle,77201.38,6,147.18,75.0,0.5,0.45,1021.86,0
CUST-10401,30,Female,New York,35902.17,11,56.06,58.3,4.4,0.48,691.15,0
CUST-10402,38,Male,San Francisco,67303.41,7,144.72,74.3,4.6,0.41,1135.53,1
CUST-10403,38,Female,Chicago,75880.56,6,190.37,88.4,5.2,0.49,1168.37,1
CUST-10404,32,Male,Chicago,79741.47,11,230.95,74.2,3.8,0.49,2439.79,1
CUST-10405,45,Female,Miami,20308.59,5,40.25,65.6,3.2,0.56,262.54,0
CUST-10406,25,Female,Houston,73270.26,7,100.23,65.8,1.3,0.32,819.05,1
CUST-10407,36,Female,San Francisco,67049.42,6,129.39,81.3,1.4,0.61,908.33,0
CUST-10408,39,Female,Houston,46920.09,13,92.02,75.2,7.8,0.6,1183.85,1
CUST-10409,44,Female,Phoenix,18000.0,12,37.49,92.3,7.7,0.79,471.04,1
CUST-10410,46,Female,Miami,108607.12,8,269.92,66.8,1.0,0.38,2310.72,1
CUST-10411,24,Female,Phoenix,53265.22,3,129.43,79.3,1.5,0.62,501.38,0
CUST-10412,19,Male,Phoenix,22672.53,5,55.2,62.5,0.5,0.65,310.65,0
CUST-10413,53,Male,Miami,62087.97,11,85.33,76.8,11.5,0.64,1034.79,1
CUST-10414,41,Male,Boston,77231.35,9,116.01,71.1,3.5,0.34,1133.21,1
CUST-10415,29,Female,Chicago,104826.54,4,139.67,88.3,3.0,0.54,776.27,0
CUST-10416,56,Male,Houston,44084.45,11,77.61,34.9,2.9,0.43,898.3,0
CUST-10417,39,Male,New York,73578.09,10,133.97,61.3,4.9,0.45,1417.11,1
CUST-10418,52,Male,Los Angeles,45177.66,4,121.31,56.6,4.3,0.52,530.3,0
CUST-10419,38,Female,Chicago,76708.24,3,102.06,82.9,1.7,0.54,507.17,0
CUST-10420,62,Female,Seattle,45770.65,12,91.14,71.0,9.5,0.68,1098.3,1
CUST-10421,59,Male,Houston,32932.37,8,64.83,85.0,9.8,0.69,514.46,1
CUST-10422,35,Male,San Francisco,73318.88,9,116.53,75.6,6.7,0.45,1131.27,1
CUST-10423,49,Male,New York,39623.3,11,88.37,75.6,8.5,0.75,935.07,1
CUST-10424,45,Male,Chicago,126735.28,11,249.04,66.6,5.8,0.24,3006.33,1
CUST-10425,54,Male,Boston,170408.7,12,292.79,80.9,13.2,0.04,3909.48,1
CUST-10426,26,Female,Los Angeles,49660.59,9,113.24,63.1,2.7,0.48,1004.82,0
CUST-10427,46,Other,New York,36563.55,5,40.45,76.6,6.4,0.62,250.43,1
CUST-10428,50,Male,Chicago,67311.49,8,182.89,59.6,6.8,0.46,1482.63,1
CUST-10429,18,Male,San Francisco,59600.6,7,142.23,82.9,0.5,0.54,1070.17,0
CUST-10430,23,Male,Chicago,102347.66,9,153.36,85.5,1.4,0.44,1578.45,1
CUST-10431,18,Male,Chicago,38377.13,6,84.84,69.7,0.5,0.58,462.64,0
CUST-10432,34,Male,San Francisco,99581.22,9,143.91,,1.0,0.28,1541.66,0
CUST-10433,46,Male,Los Angeles,65957.03,9,161.58,74.7,8.2,0.58,1434.99,1
CUST-10434,56,Male,San Francisco,54086.59,6,132.0,59.6,4.3,0.5,835.15,0
CUST-10435,38,Female,New York,82465.02,10,103.24,51.4,1.4,0.44,1149.21,0
CUST-10436,57,Female,Chicago,88261.25,13,156.51,88.9,12.8,0.4,2125.3,1
CUST-10437,21,Female,Phoenix,50922.68,10,126.25,56.8,1.0,0.54,1260.8,1
CUST-10438,18,Male,Miami,54032.93,7,104.21,88.2,0.5,0.62,823.12,0
CUST-10439,37,Female,Miami,33266.79,6,69.35,77.9,3.6,0.62,369.9,0
CUST-10440,42,Female,San Francisco,134399.86,9,284.52,44.2,2.3,0.09,2858.89,0
CUST-10441,37,Male,Los Angeles,105033.56,11,323.44,76.3,0.6,,3497.02,1
CUST-10442,18,Male,New York,59565.09,7,150.55,,0.5,0.62,1031.96,0
CUST-10443,36,Female,Los Angeles,58548.91,1,163.13,67.6,1.5,0.65,334.87,0
CUST-10444,22,Male,Seattle,137345.36,7,384.57,70.7,1.0,0.27,2894.7,1
CUST-10445,46,Male,Seattle,38420.95,11,62.8,85.0,9.4,0.61,723.64,1
CUST-10446,42,Female,Austin,80616.16,4,220.81,59.1,1.5,0.39,1077.87,0
CUST-10447,26,Female,New York,55314.91,3,92.61,73.8,0.7,0.49,383.83,0
CUST-10448,31,Male,Houston,125209.75,3,317.5,59.1,4.7,0.1,1318.14,1
CUST-10449,25,Female,Phoenix,50330.31,5,131.31,45.5,2.2,0.48,784.03,0
CUST-10450,37,Female,San Francisco,142437.91,5,370.55,72.4,0.9,0.24,2121.09,1
CUST-10451,49,Male,Phoenix,33322.09,8,68.34,61.2,1.4,0.45,599.17,0
CUST-10452,26,Female,Miami,27568.87,9,58.6,67.5,2.3,0.7,549.36,0
CUST-10453,44,Male,Los Angeles,55416.48,5,109.52,81.1,4.2,0.61,617.05,0
CUST-10454,31,Male,New York,83403.56,9,139.67,61.5,3.9,0.29,1473.28,1
CUST-10455,28,Female,Los Angeles,48261.82,8,111.54,75.5,1.9,0.63,835.68,0
CUST-10456,36,Male,New York,106858.23,8,229.55,83.4,7.0,0.39,1942.68,1
CUST-10457,25,Male,Los Angeles,56094.06,6,101.75,59.8,2.1,0.48,630.78,0
CUST-10458,31,Male,New York,25832.43,4,52.02,85.8,0.7,0.62,259.69,0
CUST-10459,23,Female,Los Angeles,82138.98,8,126.37,61.3,1.0,0.45,1144.43,0
CUST-10460,61,Female,Phoenix,31362.59,9,25.86,67.9,8.7,0.64,290.01,1
CUST-10461,38,Male,Boston,54258.93,4,86.58,80.1,1.6,0.56,458.57,0
CUST-10462,29,Female,Seattle,147223.8,6,238.59,65.7,0.5,0.28,1767.1,0
CUST-10463,40,Male,Los Angeles,151171.13,8,243.98,48.8,1.2,0.17,2341.4,0
CUST-10464,36,Female,New York,54850.02,8,128.72,82.8,4.0,0.47,1066.26,0
CUST-10465,35,Male,New York,97635.64,11,133.07,71.3,4.5,0.44,1712.28,1
CUST-10466,45,Female,Austin,45214.49,4,75.97,52.1,1.5,0.49,364.97,0
CUST-10467,47,Other,Houston,44590.24,13,99.19,50.1,7.9,0.64,1192.12,1
CUST-10468,31,Female,New York,54025.79,5,132.04,72.8,3.4,0.45,765.86,0
CUST-10469,31,Male,Seattle,28594.56,10,10.96,87.1,4.9,0.7,159.35,1
CUST-10470,34,Female,Chicago,59654.08,8,102.36,63.9,5.5,0.55,897.75,0
CUST-10471,18,Male,Boston,75087.11,7,132.55,72.0,0.5,0.52,1122.48,0
CUST-10472,19,Female,Los Angeles,44545.26,6,73.46,68.8,0.5,0.47,531.17,0
CUST-10473,54,Male,Chicago,97996.4,10,130.16,47.6,6.6,0.28,1467.31,1
CUST-10474,57,Male,Houston,41384.7,6,83.63,67.6,7.6,0.67,561.98,1
CUST-10475,35,Male,Boston,47274.0,15,136.7,80.0,2.3,0.56,1914.7,1
CUST-10476,44,Male,Seattle,88114.74,8,201.56,73.5,5.5,0.57,1678.95,1
CUST-10477,41,Female,Houston,23798.21,6,48.76,69.0,1.8,0.54,268.41,0
CUST-10478,74,Female,Los Angeles,98037.12,13,253.48,73.4,10.2,,3187.72,1
CUST-10479,51,Female,Chicago,46523.16,7,109.65,41.7,0.8,0.42,797.49,0
CUST-10480,36,Female,Austin,97728.96,8,155.29,43.0,2.1,0.26,1487.71,0
CUST-10481,26,Female,Phoenix,92846.67,9,133.93,55.7,1.1,0.53,1300.85,0
CUST-10482,18,Male,Miami,70882.82,8,98.22,59.9,0.5,0.52,935.34,0
CUST-10483,40,Male,Chicago,37903.68,7,71.85,67.7,1.7,0.67,520.5,0
CUST-10484,28,Male,Houston,27537.14,10,51.62,53.5,3.6,0.57,519.86,1
CUST-10485,20,Male,Chicago,27771.17,8,85.93,51.0,0.5,0.64,700.34,0
CUST-10486,30,Male,San Francisco,131653.35,7,223.08,74.9,3.3,0.35,1718.37,1
CUST-10487,25,Male,Seattle,63306.51,6,148.76,66.6,1.2,0.6,988.44,0
CUST-10488,58,Male,Houston,38142.93,9,92.9,50.9,5.1,0.47,871.08,0
CUST-10489,48,Male,Houston,48178.38,14,98.79,100.0,12.0,0.73,1242.53,1
CUST-10490,37,Female,Los Angeles,106945.28,6,148.12,54.8,2.1,0.22,1173.8,0
CUST-10491,55,Male,New York,107955.51,6,158.48,67.9,3.4,0.31,1226.08,1
CUST-10492,38,Female,Boston,80949.0,9,131.97,74.8,4.9,0.48,1292.03,1
CUST-10493,27,Female,Los Angeles,85708.3,11,90.84,72.3,2.8,0.37,1185.85,1
CUST-10494,56,Female,Miami,56319.32,14,112.04,85.7,14.7,0.57,1525.54,1
CUST-10495,44,Male,San Francisco,88214.69,11,201.99,95.8,7.4,0.5,2211.86,1
CUST-10496,25,Male,Miami,57481.55,7,118.43,58.5,1.8,0.7,864.01,0
CUST-10497,35,Male,Boston,65009.65,5,102.05,73.5,3.1,0.47,647.27,0
CUST-10498,27,Male,Phoenix,71063.31,5,159.26,79.3,2.3,0.49,901.95,1
CUST-10499,21,Male,Boston,77882.97,9,95.46,40.7,0.9,0.32,1099.09,0
CUST-10500,49,Female,New York,47086.76,6,89.06,71.9,3.1,0.64,488.27,0
CUST-10501,60,Female,Phoenix,63517.88,13,64.59,53.9,10.2,0.52,923.58,1
CUST-10502,21,Female,Miami,58240.15,4,107.47,73.6,0.6,0.61,550.74,0
CUST-10503,44,Male,Los Angeles,84581.32,7,204.07,64.5,5.4,0.35,1592.46,1
CUST-10504,30,Male,San Francisco,71996.21,7,72.0,51.9,1.6,,653.53,0
CUST-10505,32,Female,Miami,77232.6,6,175.53,60.3,2.1,0.33,1207.99,1
CUST-10506,30,Male,Seattle,65672.74,7,94.23,100.0,3.1,0.55,784.94,1
CUST-10507,27,Female,Los Angeles,89473.86,5,164.35,64.4,0.7,0.51,994.83,0
CUST-10508,38,Female,San Francisco,60369.33,7,64.63,52.3,0.6,0.5,558.28,0
CUST-10509,28,Male,Los Angeles,51335.35,8,80.17,66.4,1.0,0.42,698.32,0
CUST-10510,41,Male,San Francisco,102487.74,7,109.5,50.3,2.0,0.46,931.97,0
CUST-10511,37,Male,Chicago,48189.84,11,76.46,57.2,1.9,0.56,857.84,0
CUST-10512,35,Male,Phoenix,146903.45,8,372.21,,5.4,0.19,3292.24,1
CUST-10513,27,Male,Chicago,75509.42,8,128.7,71.5,1.9,0.44,1183.38,1
CUST-10514,31,Male,New York,74055.22,7,161.17,75.6,2.7,0.61,1199.05,0
CUST-10515,47,Male,New York,110200.31,10,246.37,85.4,7.7,0.54,2422.96,1
CUST-10516,44,Female,New York,57512.89,10,113.67,66.9,7.7,0.41,1199.14,1
CUST-10517,26,Female,Phoenix,77353.95,9,115.76,52.2,0.5,0.38,1179.24,0
CUST-10518,39,Male,Seattle,105954.09,6,135.95,85.5,7.3,0.41,1024.45,1
CUST-10519,47,Female,New York,136881.6,12,248.01,76.5,11.5,0.19,3232.28,1
CUST-10520,18,Female,New York,58670.94,7,180.06,79.1,0.5,0.54,1277.5,0
CUST-10521,44,Female,Chicago,30866.4,10,54.41,83.0,6.9,0.6,555.85,1
CUST-10522,30,Female,San Francisco,55904.21,6,108.38,57.6,0.5,0.55,771.9,0
CUST-10523,44,Male,New York,63531.39,9,120.39,59.9,1.0,0.51,1131.67,0
CUST-10524,28,Male,Los Angeles,143396.35,3,349.04,64.9,1.5,0.36,1355.56,1
CUST-10525,18,Female,Los Angeles,186701.8,6,450.0,56.4,0.5,0.24,3076.66,0
CUST-10526,18,Female,Chicago,67583.65,3,179.53,78.6,0.5,0.58,620.57,0
CUST-10527,38,Female,Los Angeles,62596.04,6,61.81,75.7,3.8,0.5,482.6,1
CUST-10528,41,Other,Los Angeles,52302.95,7,52.19,77.3,4.3,0.63,485.59,1
CUST-10529,27,Female,San Francisco,114555.81,4,149.38,80.8,1.9,0.4,860.44,0
CUST-10530,45,Male,Phoenix,145645.4,4,204.25,69.4,3.7,,1129.74,0
CUST-10531,18,Male,New York,178622.52,2,409.75,84.0,0.5,0.33,1311.23,0
CUST-10532,37,Male,Phoenix,86131.27,14,186.05,71.5,4.5,0.51,2507.3,1
CUST-10533,23,Female,Chicago,99751.9,7,164.55,82.3,1.2,0.32,1385.96,0
CUST-10534,30,Female,Boston,98565.49,6,233.92,80.5,2.5,0.34,1603.23,1
CUST-10535,38,Female,Los Angeles,60846.93,10,172.47,82.2,7.5,0.65,1604.41,1
CUST-10536,27,Female,San Francisco,52480.56,8,82.83,74.7,2.7,0.59,704.86,1
CUST-10537,33,Female,San Francisco,75061.66,4,175.0,71.2,1.3,0.45,862.96,0
CUST-10538,50,Female,Los Angeles,76951.59,10,213.96,64.9,5.9,0.26,2268.33,1
CUST-10539,31,Female,Boston,31429.57,7,51.82,64.5,1.9,0.6,356.34,0
CUST-10540,48,Male,Houston,47678.29,11,110.67,100.0,11.8,0.77,1168.98,1
CUST-10541,24,Female,San Francisco,50186.74,8,145.85,68.9,1.3,0.63,1162.24,0
CUST-10542,44,Female,New York,121421.73,6,156.02,68.2,1.2,0.28,1234.72,0
CUST-10543,55,Male,Los Angeles,47330.38,8,47.04,63.7,6.4,0.53,507.62,1
CUST-10544,18,Male,Phoenix,57454.56,7,110.04,80.6,0.5,0.52,876.37,0
CUST-10545,28,Female,Los Angeles,43903.61,7,71.4,72.6,2.6,0.56,537.49,0
CUST-10546,44,Male,Houston,114411.44,8,309.5,82.9,2.7,0.45,2524.38,1
CUST-10547,35,Male,Chicago,24304.38,5,49.93,49.2,0.7,0.62,237.15,0
CUST-10548,42,Male,Phoenix,61855.71,13,151.06,85.2,1.4,0.74,1794.56,1
CUST-10549,30,Female,Houston,27175.68,6,36.6,72.8,1.7,0.73,229.11,0
CUST-10550,39,Female,New York,56694.83,8,119.71,48.3,3.3,0.47,973.15,1
CUST-10551,36,Male,Phoenix,54053.68,8,146.43,70.5,6.1,0.45,1220.54,1
CUST-10552,52,Male,Chicago,64632.24,8,84.81,71.3,4.0,0.42,837.78,0
CUST-10553,41,Other,Los Angeles,69870.26,4,162.28,41.3,0.8,0.4,801.1,0
CUST-10554,42,Female,New York,78903.37,11,219.5,84.2,7.6,0.63,2223.74,1
CUST-10555,33,Female,Los Angeles,45199.43,9,79.72,79.5,5.3,0.51,713.22,1
CUST-10556,32,Male,Los Angeles,57396.31,4,79.6,74.5,3.0,0.58,443.95,1
CUST-10557,32,Male,Boston,66048.1,1,163.82,72.2,2.0,0.63,361.76,0
CUST-10558,42,Male,Chicago,62722.18,9,138.2,53.6,7.5,0.44,1330.95,1
CUST-10559,32,Female,New York,70775.23,10,119.89,66.1,0.5,0.53,1252.17,0
CUST-10560,41,Male,New York,105334.87,5,202.65,66.4,8.5,0.43,1198.66,1
CUST-10561,62,Male,New York,76634.15,11,150.39,82.6,13.1,0.52,1701.96,1
CUST-10562,48,Male,Phoenix,53922.47,7,93.63,61.5,6.8,0.68,719.14,1
CUST-10563,34,Male,New York,60402.06,2,129.87,65.1,2.1,0.57,359.95,0
CUST-10564,52,Female,Houston,30408.75,5,77.16,59.8,0.9,0.64,465.02,0
CUST-10565,33,Male,Chicago,61439.28,13,148.22,60.4,6.0,0.44,1899.12,1
CUST-10566,18,Female,Miami,94129.78,5,142.99,80.4,0.5,0.56,906.87,0
CUST-10567,25,Female,Los Angeles,77784.12,8,220.11,78.9,1.3,0.51,1791.22,1
CUST-10568,18,Male,Chicago,37799.2,5,76.23,63.5,0.5,0.55,460.54,0
CUST-10569,33,Female,San Francisco,113987.29,5,293.14,69.2,4.0,0.13,1730.11,1
CUST-10570,38,Female,Chicago,48109.34,6,111.19,92.8,7.9,0.67,618.19,1
CUST-10571,58,Female,Miami,73573.02,7,135.72,80.3,10.8,0.55,1044.24,1
CUST-10572,41,Male,San Francisco,63074.66,3,125.74,41.5,1.2,0.51,545.26,0
CUST-10573,35,Male,Chicago,67876.38,6,179.46,71.9,3.0,0.56,1164.13,0
CUST-10574,47,Male,Houston,39713.96,3,76.18,70.1,1.7,0.65,320.75,0
CUST-10575,18,Female,Austin,46573.36,5,123.96,92.0,0.5,0.72,628.39,0
CUST-10576,40,Female,San Francisco,34659.93,6,80.01,,3.2,0.5,477.61,0
CUST-10577,47,Female,Boston,83982.1,8,163.66,74.9,8.6,0.48,1396.05,1
CUST-10578,20,Male,New York,88008.56,7,186.01,60.2,0.5,0.54,1357.94,0
CUST-10579,51,Male,Houston,63699.25,4,150.11,68.5,2.1,0.57,718.59,0
CUST-10580,42,Female,Boston,74606.79,7,111.68,96.2,6.7,0.58,909.72,1
CUST-10581,33,Male,Los Angeles,42558.59,10,119.39,85.1,5.1,0.66,1074.16,1
CUST-10582,45,Female,Austin,96592.83,8,250.81,58.8,2.6,0.39,2149.85,1
CUST-10583,65,Male,New York,120149.76,10,161.82,71.1,6.6,0.38,1773.02,1
CUST-10584,40,Male,Boston,43835.66,10,145.99,73.5,5.6,0.55,1367.87,1
CUST-10585,40,Male,Chicago,74224.69,7,155.47,91.9,7.1,0.55,1174.93,1
CUST-10586,32,Male,New York,113277.99,7,229.76,80.2,3.7,0.4,1846.91,0
CUST-10587,27,Male,Seattle,53535.19,7,119.36,66.8,0.8,0.54,886.07,0
CUST-10588,47,Male,Los Angeles,53730.93,6,90.52,68.4,6.5,0.59,695.87,1
CUST-10589,27,Male,New York,95526.72,8,117.43,71.2,3.2,0.42,1116.46,1
CUST-10590,38,Male,New York,34370.01,9,101.28,87.8,7.0,0.67,827.68,1
CUST-10591,32,Male,Phoenix,28293.32,6,29.21,61.7,3.5,0.65,269.5,1
CUST-10592,43,Female,Austin,36330.86,11,49.59,82.9,10.0,0.58,604.52,1
CUST-10593,42,Male,New York,29790.55,8,72.18,76.3,1.5,0.56,600.17,1
CUST-10594,50,Female,Chicago,97856.76,6,157.21,45.3,6.4,0.52,1080.57,0
CUST-10595,31,Female,New York,27066.14,7,44.39,67.1,4.1,0.62,442.0,0
CUST-10596,34,Female,San Francisco,90041.65,7,169.99,60.9,1.3,0.28,1378.57,0
CUST-10597,26,Female,New York,109748.46,9,175.23,86.8,3.1,0.46,1709.68,1
CUST-10598,32,Male,Los Angeles,53796.51,9,57.57,77.9,2.3,0.54,617.68,1
CUST-10599,42,Female,New York,52361.18,8,147.13,56.2,3.7,0.53,1192.31,1
CUST-10600,47,Female,Houston,57822.19,5,54.45,53.6,2.9,0.38,449.69,0
CUST-10601,26,Female,Seattle,67782.55,7,135.79,68.3,1.3,0.53,1039.03,1
CUST-10602,48,Male,Houston,85004.47,5,179.59,63.4,7.1,0.42,1070.94,0
CUST-10603,54,Male,New York,19650.22,11,39.94,90.2,6.5,0.85,352.55,1
CUST-10604,42,Male,Houston,32511.62,7,75.29,59.5,2.3,0.66,502.12,0
CUST-10605,60,Female,Miami,68151.96,11,172.44,93.2,12.2,0.53,1854.48,1
CUST-10606,28,Female,New York,75006.37,8,126.58,56.0,0.7,0.25,1212.62,1
CUST-10607,23,Male,New York,106523.58,4,270.68,62.5,1.8,0.31,1309.39,0
CUST-10608,18,Female,New York,83375.9,5,106.2,78.4,0.5,0.41,728.19,0
CUST-10609,55,Female,San Francisco,70905.53,8,96.94,87.9,7.6,0.49,894.79,1
CUST-10610,45,Male,Phoenix,41919.03,8,101.61,46.1,4.4,0.48,832.31,0
CUST-10611,37,Female,Houston,164593.52,7,281.61,90.7,4.6,0.25,2324.21,1
CUST-10612,41,Female,Los Angeles,134219.94,8,299.37,71.2,7.4,0.27,2604.09,1
CUST-10613,24,Male,Los Angeles,79818.81,9,153.42,88.3,2.4,0.73,1328.19,1
CUST-10614,67,Female,Austin,61978.46,8,114.04,36.8,4.9,0.36,1079.48,1
CUST-10615,39,Male,Los Angeles,81538.31,4,130.98,64.2,4.9,0.61,648.07,1
CUST-10616,39,Female,Boston,98296.03,8,218.66,57.3,4.2,0.43,1871.79,1
CUST-10617,46,Female,Phoenix,60117.29,8,92.25,83.6,11.2,0.61,807.72,1
CUST-10618,43,Female,New York,50232.35,6,91.58,80.2,8.2,0.61,614.88,1
CUST-10619,40,Male,Chicago,138835.57,12,211.46,71.7,3.8,0.22,2846.4,1
CUST-10620,28,Male,Boston,73528.3,8,120.06,82.2,2.2,0.46,1064.76,1
CUST-10621,43,Male,Chicago,155710.72,6,194.61,67.0,2.8,0.15,1592.57,1
CUST-10622,60,Female,Seattle,74363.26,13,131.12,72.8,11.5,0.55,1666.63,1
CUST-10623,54,Male,Los Angeles,55101.67,8,88.93,99.8,12.2,0.63,671.4,1
CUST-10624,57,Female,Houston,102824.28,14,212.13,96.3,14.5,0.52,2946.47,1
CUST-10625,31,Male,Seattle,78726.65,7,212.55,78.1,3.2,0.54,1531.84,1
CUST-10626,26,Male,Boston,69496.58,6,83.79,67.3,2.3,0.49,707.81,0
CUST-10627,36,Male,Houston,28240.84,6,32.05,76.2,3.5,0.63,224.35,0
CUST-10628,38,Female,Phoenix,67829.22,8,108.17,72.3,5.1,0.54,942.1,1
CUST-10629,51,Female,New York,57150.84,7,124.64,58.9,4.9,0.36,971.18,1
CUST-10630,18,Male,Los Angeles,49804.78,7,133.43,69.4,0.5,0.53,932.02,0
CUST-10631,56,Male,Los Angeles,48751.32,7,99.84,44.5,0.8,0.31,780.46,0
CUST-10632,36,Female,New York,91091.66,7,176.01,63.6,0.7,0.36,1431.07,0
CUST-10633,32,Male,Los Angeles,28913.79,8,36.55,85.7,4.2,0.8,405.27,0
CUST-10634,25,Female,Los Angeles,56069.05,5,94.56,64.7,2.6,0.47,614.15,0
CUST-10635,18,Female,Austin,97289.82,6,146.3,61.3,0.5,0.38,1065.58,0
CUST-10636,47,Female,San Francisco,40685.94,9,68.31,,8.6,0.74,616.4,1
CUST-10637,38,Female,Chicago,62021.08,9,67.27,73.9,6.7,0.58,728.45,1
CUST-10638,22,Female,Austin,43460.62,3,79.67,61.1,0.9,0.55,362.71,0
CUST-10639,22,Female,New York,59769.93,11,119.96,59.2,0.6,0.51,1307.1,1
CUST-10640,33,Female,Chicago,130140.03,7,370.49,52.4,5.6,0.26,2784.69,1
CUST-10641,58,Female,Phoenix,21362.55,13,45.91,100.0,14.1,0.77,588.65,1
CUST-10642,34,Male,New York,107250.21,7,271.56,74.4,3.1,0.34,2032.82,1
CUST-10643,19,Male,San Francisco,59725.13,6,78.79,59.3,0.5,0.54,592.4,1
CUST-10644,35,Male,New York,56177.56,11,151.53,86.4,6.1,0.63,1614.71,1
CUST-10645,34,Female,New York,41953.76,11,76.36,75.1,4.7,0.63,868.33,1
CUST-10646,18,Female,New York,106622.99,7,268.09,67.9,0.5,0.38,2039.33,0
CUST-10647,37,Male,Boston,59078.32,3,119.66,68.5,1.3,0.54,466.44,0
CUST-10648,35,Male,San Francisco,64707.83,4,134.42,90.1,6.7,0.51,675.23,1
CUST-10649,46,Male,Phoenix,51511.38,10,48.43,54.8,0.9,0.4,610.56,0
CUST-10650,60,Female,Houston,47266.79,10,59.04,86.5,4.6,0.61,640.41,1
CUST-10651,51,Female,Los Angeles,22912.04,6,66.19,63.2,7.5,0.66,399.73,0
CUST-10652,34,Female,Phoenix,38147.95,8,131.21,69.3,1.6,0.54,1017.29,0
CUST-10653,24,Male,Chicago,89010.59,6,158.98,73.9,0.9,0.44,1135.02,0
CUST-10654,68,Female,New York,34433.88,9,77.17,59.2,5.6,0.61,648.7,0
CUST-10655,38,Male,San Francisco,43980.57,5,104.61,85.4,2.5,0.78,579.23,0
CUST-10656,38,Female,New York,59083.61,10,70.98,93.2,6.5,0.54,802.59,1
CUST-10657,37,Male,New York,50883.44,9,128.8,88.1,4.1,0.72,1094.04,1
CUST-10658,40,Female,Miami,50754.93,8,76.9,65.8,2.8,0.58,695.51,1
CUST-10659,36,Male,San Francisco,43911.6,3,65.51,70.6,2.6,0.72,263.16,0
CUST-10660,31,Male,Phoenix,40163.43,7,78.45,83.0,0.7,0.55,542.42,0
CUST-10661,31,Female,Chicago,55536.34,4,112.72,55.0,0.7,0.54,514.13,0
CUST-10662,37,Male,Chicago,78689.14,4,206.17,84.7,5.6,0.54,977.87,0
CUST-10663,31,Male,San Francisco,141331.99,2,196.06,84.7,1.0,0.23,827.56,0
CUST-10664,29,Female,San Francisco,66549.32,6,164.79,56.5,2.4,0.48,1037.18,0
CUST-10665,39,Female,Houston,132288.02,13,286.7,52.1,7.2,0.02,4092.44,1
CUST-10666,34,Male,Austin,54358.59,8,146.73,58.5,2.7,0.57,1218.58,0
CUST-10667,56,Female,Austin,90196.67,9,142.76,57.1,5.5,0.32,1406.64,1
CUST-10668,18,Female,Chicago,149424.13,8,304.47,64.7,0.5,0.3,2679.97,0
CUST-10669,51,Male,Miami,55180.28,14,108.56,88.9,11.5,0.77,1465.88,1
CUST-10670,52,Male,Houston,25898.58,19,37.89,80.3,12.0,0.76,667.92,1
CUST-10671,18,Male,Houston,53860.82,8,138.73,73.2,0.5,0.63,1083.18,0
CUST-10672,33,Female,New York,53867.53,8,138.22,58.3,5.7,0.42,1096.67,1
CUST-10673,33,Male,Houston,44868.47,8,44.36,100.0,5.0,0.71,399.7,1
CUST-10674,21,Male,Boston,175397.48,10,399.11,73.6,0.8,0.12,4452.31,1
CUST-10675,28,Female,Miami,27926.32,7,60.82,74.0,2.7,0.63,451.98,0
CUST-10676,24,Female,Miami,59810.72,4,140.15,63.5,0.7,0.65,663.84,0
CUST-10677,59,Male,New York,47157.29,7,140.82,53.0,8.5,0.53,1011.32,0
CUST-10678,49,Female,Los Angeles,53419.6,7,63.22,58.2,3.6,0.54,545.05,1
CUST-10679,53,Male,Los Angeles,90416.6,6,142.9,52.0,4.3,0.35,1079.16,1
CUST-10680,46,Male,Los Angeles,73045.95,7,183.93,41.2,1.8,0.47,1417.83,0
CUST-10681,24,Female,Houston,45990.52,6,95.22,62.9,1.2,0.58,607.81,0
CUST-10682,31,Female,Chicago,41105.2,10,52.72,66.1,2.8,0.44,629.3,1
CUST-10683,43,Male,Houston,60279.41,8,76.99,64.2,6.2,0.46,765.77,0
CUST-10684,23,Female,Chicago,133603.74,5,163.36,71.8,1.0,0.41,1140.99,0
CUST-10685,46,Female,Los Angeles,39699.19,8,58.99,85.8,9.0,0.67,544.13,1
CUST-10686,35,Male,New York,190219.99,8,416.65,76.3,3.8,0.08,3864.73,1
CUST-10687,33,Female,Boston,118429.16,9,203.18,73.1,4.0,0.45,1952.31,1
CUST-10688,46,Male,New York,145042.38,6,229.87,55.5,3.5,0.16,1813.99,0
CUST-10689,43,Other,New York,85333.36,9,213.68,60.7,8.2,0.39,2027.68,1
CUST-10690,33,Female,Miami,92435.98,6,203.99,66.2,3.9,0.43,1440.53,0
CUST-10691,51,Male,Austin,35986.33,11,59.72,97.1,11.5,0.71,710.68,1
CUST-10692,25,Male,San Francisco,54309.27,8,156.37,61.1,0.9,0.56,1168.73,0
CUST-10693,45,Male,New York,107260.05,5,274.62,68.5,4.4,0.27,1592.72,1
CUST-10694,45,Male,Los Angeles,72235.32,7,177.9,52.8,1.7,0.48,1291.59,0
CUST-10695,34,Male,Austin,55332.77,4,138.81,63.2,1.8,0.48,636.04,0
CUST-10696,41,Male,Miami,18000.0,11,56.49,69.1,3.9,0.73,554.32,1
CUST-10697,22,Female,Houston,41397.25,4,128.29,66.1,1.5,0.61,529.1,0
CUST-10698,49,Male,Los Angeles,34638.98,9,67.04,52.9,7.1,0.73,591.33,1
CUST-10699,35,Female,New York,93608.06,11,191.58,48.2,2.6,0.22,2280.72,1
CUST-10700,31,Female,New York,66470.95,6,138.88,82.7,4.0,0.52,924.58,0
CUST-10701,50,Male,Phoenix,35613.83,4,92.96,42.1,0.7,0.48,461.49,0
CUST-10702,29,Female,New York,250000.0,5,450.0,66.2,1.9,0.0,3024.78,1
CUST-10703,21,Male,Austin,100147.3,5,133.82,64.8,0.9,0.42,906.15,1
CUST-10704,19,Male,New York,124000.47,5,174.57,60.9,0.5,0.21,1209.97,0
CUST-10705,45,Female,San Francisco,228109.22,9,390.89,,6.8,0.06,4154.0,1
CUST-10706,22,Male,New York,109228.85,7,247.46,79.6,0.7,0.42,1949.34,1
CUST-10707,59,Female,Houston,35004.42,13,76.72,73.1,5.4,0.62,981.35,1
CUST-10708,18,Female,New York,46917.99,9,61.6,81.6,0.5,0.6,561.92,1
CUST-10709,58,Female,Miami,83379.53,16,121.47,97.8,14.6,0.53,1915.42,1
CUST-10710,40,Female,Phoenix,18000.0,13,45.88,65.3,3.1,0.61,608.87,1
CUST-10711,36,Female,New York,70348.36,9,174.7,88.1,4.8,0.59,1517.12,1
CUST-10712,31,Male,Seattle,22870.0,11,75.02,83.8,1.6,0.52,740.59,1
CUST-10713,42,Male,Houston,54075.07,8,106.25,53.8,3.9,0.49,897.05,1
CUST-10714,37,Female,Boston,99643.76,7,202.38,95.5,6.1,0.53,1493.38,1
CUST-10715,51,Male,Boston,74759.33,2,93.54,79.6,6.9,0.45,342.91,1
CUST-10716,39,Male,Boston,103919.96,7,129.87,96.1,7.2,0.5,1086.69,1
CUST-10717,39,Male,New York,195344.13,11,367.93,93.9,5.5,0.21,4410.26,1
CUST-10718,33,Female,New York,68072.96,6,114.39,76.7,4.0,0.57,759.73,1
CUST-10719,37,Male,Austin,242591.82,2,404.92,65.0,0.7,0.0,1489.7,0
CUST-10720,41,Female,Houston,57241.91,7,88.99,,7.0,0.6,731.91,1
CUST-10721,18,Male,Los Angeles,100142.0,4,255.83,66.3,0.5,0.33,1225.71,0
CUST-10722,21,Male,Miami,37917.78,7,92.5,58.8,0.8,0.47,654.36,0
CUST-10723,46,Male,Los Angeles,140002.97,5,312.79,,2.2,0.19,1872.05,1
CUST-10724,40,Male,San Francisco,127685.74,10,332.46,95.8,8.6,0.5,3289.29,1
CUST-10725,35,Female,Seattle,141332.31,2,381.26,80.8,2.3,0.26,1172.03,0
CUST-10726,38,Male,Miami,52889.44,11,137.71,56.0,3.6,0.44,1537.52,1
CUST-10727,42,Male,Los Angeles,33258.08,5,69.55,43.1,1.2,0.58,437.06,0
CUST-10728,31,Female,Chicago,71609.92,4,94.42,65.8,1.0,0.41,574.17,0
CUST-10729,28,Male,Chicago,24349.83,5,42.97,56.6,1.3,0.67,274.65,0
CUST-10730,40,Male,Houston,43504.25,9,78.42,68.9,5.1,0.74,669.13,1
CUST-10731,26,Male,New York,80470.41,9,153.46,70.3,2.0,0.38,1484.38,0
CUST-10732,42,Other,Chicago,186726.88,8,450.0,74.4,6.0,0.19,4008.73,1
CUST-10733,18,Female,Houston,60353.91,6,98.17,62.5,0.5,0.56,690.75,0
CUST-10734,50,Male,Houston,55186.6,8,122.82,81.7,6.6,0.54,1022.23,1
CUST-10735,43,Male,Miami,49870.78,11,97.79,96.6,8.1,0.83,1022.72,1
CUST-10736,41,Male,Houston,26308.87,15,45.34,99.0,8.6,0.71,685.57,1
CUST-10737,49,Male,Los Angeles,65034.61,6,95.38,64.8,3.7,0.56,670.43,0
CUST-10738,57,Female,San Francisco,79850.67,4,131.35,69.5,2.4,0.43,739.4,0
CUST-10739,50,Female,Miami,31710.48,10,78.72,78.0,5.7,0.6,795.71,1
CUST-10740,18,Male,Los Angeles,34419.86,4,64.13,70.2,0.5,0.71,335.18,0
CUST-10741,22,Female,Phoenix,38324.86,7,98.56,63.0,1.5,0.47,660.23,0
CUST-10742,30,Male,New York,75551.6,5,135.64,81.1,1.5,0.48,842.89,0
CUST-10743,38,Male,Los Angeles,49562.26,10,103.21,71.6,4.6,0.5,1050.5,1
CUST-10744,44,Male,Boston,38441.15,16,81.11,53.8,1.6,0.41,1340.08,1
CUST-10745,29,Male,Boston,75128.68,10,199.33,82.9,2.7,0.59,1950.57,1
CUST-10746,40,Female,Houston,67382.47,8,178.29,55.8,0.8,0.37,1471.61,0
CUST-10747,28,Male,San Francisco,80589.29,7,177.4,63.7,3.2,,1363.04,0
CUST-10748,30,Male,Seattle,51105.74,7,71.65,71.6,4.6,0.59,540.1,1
CUST-10749,21,Female,Austin,80236.25,11,142.1,78.3,0.7,0.46,1637.06,1
CUST-10750,26,Female,Houston,46790.62,9,57.5,65.5,1.2,0.63,618.74,0
CUST-10751,21,Female,Houston,28400.58,6,83.63,76.6,0.8,0.72,525.85,0
CUST-10752,26,Female,Chicago,95502.94,13,176.78,49.2,2.2,0.21,2470.51,1
CUST-10753,50,Male,New York,87278.43,8,155.73,52.8,2.8,0.36,1397.09,1
CUST-10754,26,Female,Chicago,53591.46,5,136.22,71.0,2.7,0.55,774.93,0
CUST-10755,69,Female,Miami,23463.01,7,84.97,58.0,3.4,0.62,531.92,0
CUST-10756,43,Female,Miami,35464.11,6,78.7,54.3,0.6,0.43,478.79,0
CUST-10757,40,Female,Boston,178368.05,6,351.46,75.8,4.9,0.07,2577.29,1
CUST-10758,27,Male,New York,34404.19,10,44.61,85.0,0.9,0.7,512.62,0
CUST-10759,46,Female,Houston,45389.32,14,77.68,67.8,8.0,0.49,1136.45,1
CUST-10760,31,Male,New York,72543.14,10,165.12,81.3,1.3,0.57,1563.0,1
CUST-10761,39,Male,Los Angeles,73130.47,8,160.92,73.0,7.0,0.53,1296.52,1
CUST-10762,68,Male,Boston,30752.79,7,55.49,83.8,7.3,0.63,489.11,1
CUST-10763,36,Female,Houston,56150.72,7,97.03,80.3,4.3,0.58,735.15,1
CUST-10764,51,Male,San Francisco,32644.1,6,75.86,54.0,2.9,0.48,464.64,0
CUST-10765,29,Female,New York,76789.18,5,203.09,72.5,1.1,0.45,1091.75,0
CUST-10766,37,Male,Chicago,41051.85,11,74.49,56.3,5.0,0.69,816.33,0
CUST-10767,59,Female,San Francisco,49194.52,9,112.69,48.9,4.2,0.52,1048.15,1
CUST-10768,30,Male,New York,111025.28,10,152.42,62.1,2.2,0.42,1714.25,1
CUST-10769,59,Female,Los Angeles,55379.17,8,166.12,71.8,7.5,0.53,1336.2,1
CUST-10770,46,Female,New York,92684.82,9,228.65,50.5,3.0,0.27,2201.23,0
CUST-10771,31,Male,Phoenix,62821.52,5,90.02,48.5,4.2,0.52,493.94,1
CUST-10772,45,Male,Austin,112452.58,8,186.23,77.5,10.2,0.37,1691.61,1
CUST-10773,49,Female,Miami,28129.6,8,55.96,64.5,5.6,0.57,454.86,0
CUST-10774,45,Female,Austin,94354.86,10,169.24,63.4,10.0,0.45,1770.2,1
CUST-10775,19,Female,Seattle,68280.15,4,102.26,63.3,0.5,0.51,525.04,0
CUST-10776,29,Male,Seattle,56054.59,4,145.66,74.0,1.1,0.43,676.23,0
CUST-10777,35,Female,Houston,28971.89,5,80.65,53.7,1.6,0.62,460.05,0
CUST-10778,37,Male,Houston,69703.24,8,103.08,70.3,3.9,0.49,862.69,1
CUST-10779,45,Female,Chicago,35870.77,10,48.21,67.8,5.9,0.6,510.46,1
CUST-10780,40,Female,Miami,66676.64,13,193.86,60.4,3.3,0.46,2410.31,1
CUST-10781,21,Male,New York,191763.86,4,369.0,38.8,0.7,0.0,2076.77,0
CUST-10782,42,Female,New York,119383.12,9,283.56,82.3,4.4,0.32,2699.53,1
CUST-10783,45,Female,Boston,130357.86,7,269.42,80.7,7.6,0.32,2077.92,1
CUST-10784,44,Female,New York,51052.11,4,78.46,49.6,1.3,0.53,404.44,0
CUST-10785,50,Male,Austin,87262.55,8,232.42,95.1,9.2,0.58,1801.81,1
CUST-10786,48,Male,San Francisco,42803.06,11,125.36,90.8,11.2,0.61,1302.0,1
CUST-10787,43,Female,Los Angeles,55438.0,11,75.81,67.0,7.8,0.52,887.62,1
CUST-10788,37,Male,San Francisco,181154.99,8,357.46,,1.9,0.11,3315.16,1
CUST-10789,18,Male,Miami,37978.88,6,56.07,62.6,0.5,0.59,391.85,0
CUST-10790,43,Other,Los Angeles,108601.45,8,274.36,58.4,5.2,0.27,2395.66,1
CUST-10791,40,Male,Miami,85522.1,5,176.37,79.7,8.4,0.5,1066.19,1
CUST-10792,41,Female,Miami,88086.74,9,244.53,76.9,7.6,0.55,2084.96,1
CUST-10793,22,Male,Los Angeles,33066.0,7,89.09,70.4,1.1,0.62,579.36,0
CUST-10794,25,Male,New York,95101.98,8,157.77,62.5,0.8,0.2,1499.75,1
CUST-10795,50,Female,Los Angeles,57610.65,10,171.52,85.8,9.3,0.62,1607.49,1
CUST-10796,37,Female,Los Angeles,107367.24,6,170.05,59.8,6.3,0.28,1300.59,1
CUST-10797,46,Female,New York,31971.64,11,83.93,77.8,10.5,0.56,945.97,1
CUST-10798,38,Female,San Francisco,91159.52,6,198.82,74.0,5.1,0.42,1361.72,1
CUST-10799,38,Female,Chicago,63702.42,4,159.05,64.1,4.4,0.55,716.82,0
CUST-10800,49,Male,Seattle,25036.38,10,42.13,82.6,7.9,0.79,466.06,1
CUST-10801,31,Male,Los Angeles,40016.68,11,57.36,84.8,4.9,0.61,639.47,1
CUST-10802,39,Male,Chicago,22781.73,9,62.66,77.3,5.5,0.69,534.99,0
CUST-10803,32,Female,Phoenix,33909.88,8,87.97,54.9,1.8,0.52,747.15,0
CUST-10804,32,Male,Seattle,89121.16,9,191.75,55.2,3.7,,1838.52,1
CUST-10805,34,Male,Houston,56748.78,8,104.48,74.3,5.7,0.52,928.84,1
CUST-10806,40,Male,Chicago,61913.29,8,121.96,70.7,5.2,0.54,1069.7,1
CUST-10807,32,Male,Seattle,40266.27,11,60.96,,3.1,0.66,662.06,1
CUST-10808,53,Male,Los Angeles,109096.4,10,214.35,75.6,10.4,0.45,2231.79,1
CUST-10809,27,Female,New York,72453.1,8,159.7,72.4,2.5,0.53,1351.89,1
CUST-10810,35,Male,Chicago,57851.93,7,120.51,61.5,0.9,0.49,922.23,0
CUST-10811,32,Female,Miami,82364.23,7,145.69,,4.2,0.3,1173.83,0
CUST-10812,55,Female,New York,44552.86,11,61.5,67.5,6.3,0.57,756.53,1
CUST-10813,40,Male,Phoenix,54661.42,9,136.48,94.7,8.3,0.67,1160.47,1
CUST-10814,50,Female,Phoenix,60256.8,9,145.28,76.4,12.4,0.49,1337.33,1
CUST-10815,20,Male,Boston,49490.57,9,40.08,74.6,0.6,0.59,450.5,0
CUST-10816,41,Female,Los Angeles,86331.4,10,237.25,94.9,8.9,0.53,2371.53,1
CUST-10817,48,Other,Los Angeles,79088.56,10,82.01,60.9,4.1,0.54,930.12,1
CUST-10818,38,Female,Chicago,54079.03,12,136.96,72.7,5.6,0.65,1518.67,1
CUST-10819,50,Female,Los Angeles,58319.19,7,148.83,55.9,1.4,0.39,1079.24,0
CUST-10820,31,Male,San Francisco,98542.78,15,249.07,93.9,1.2,0.53,3488.66,1
CUST-10821,54,Male,Phoenix,72321.37,10,129.66,87.2,12.5,0.56,1318.13,1
CUST-10822,65,Female,San Francisco,78270.2,9,165.42,81.0,13.5,0.58,1523.54,1
CUST-10823,33,Male,Miami,90111.35,12,232.68,71.2,3.4,0.43,2759.07,1
CUST-10824,32,Male,Boston,90362.49,2,260.29,79.3,2.2,0.22,742.03,1
CUST-10825,55,Male,Chicago,23261.58,6,49.3,68.6,6.9,0.59,344.08,0
CUST-10826,56,Female,Austin,29521.14,11,10.92,85.4,13.1,0.68,215.82,1
CUST-10827,31,Male,Los Angeles,112519.24,9,235.63,53.8,1.5,0.25,2357.44,1
CUST-10828,32,Female,San Francisco,67042.74,6,141.6,40.1,2.0,0.33,977.19,1
CUST-10829,34,Male,Houston,55870.66,14,143.52,58.4,5.1,0.41,1976.43,1
CUST-10830,21,Male,Miami,90976.09,1,238.55,81.6,1.2,0.52,468.61,0
CUST-10831,26,Female,Chicago,56703.12,7,106.71,62.6,0.8,0.45,872.75,0
CUST-10832,25,Male,Miami,52435.57,6,84.88,63.8,2.3,0.55,593.29,0
CUST-10833,28,Female,Boston,42106.48,8,74.7,77.3,2.8,0.52,633.51,0
CUST-10834,37,Male,San Francisco,91260.15,7,217.74,73.6,2.1,0.32,1685.2,0
CUST-10835,40,Male,Miami,69006.97,10,116.76,88.8,6.8,0.66,1221.0,1
CUST-10836,56,Male,New York,54784.56,8,138.32,80.9,11.1,0.72,1067.23,1
CUST-10837,26,Female,Los Angeles,39291.02,6,77.26,74.7,0.9,0.82,454.73,0
CUST-10838,49,Female,Austin,221561.35,10,450.0,62.9,6.5,0.0,4800.0,1
CUST-10839,35,Female,San Francisco,72404.09,8,220.12,87.5,5.3,0.48,1733.48,1
CUST-10840,37,Male,Houston,36565.5,4,41.3,74.2,1.9,0.5,278.08,0
CUST-10841,46,Female,Chicago,80990.2,8,187.97,76.0,5.5,0.6,1495.6,1
CUST-10842,24,Female,New York,71303.99,3,173.24,73.8,0.7,0.52,638.06,0
CUST-10843,42,Female,Chicago,33054.3,3,88.4,87.9,3.3,0.78,377.21,0
CUST-10844,39,Female,Houston,65528.04,6,192.78,85.3,2.2,0.68,1205.15,0
CUST-10845,43,Female,Los Angeles,40668.19,13,75.83,81.2,5.3,0.56,946.61,1
CUST-10846,41,Male,New York,160867.06,2,301.1,86.0,1.7,0.25,1036.94,0
CUST-10847,67,Female,Houston,65904.3,5,94.99,58.1,6.1,0.58,600.81,1
CUST-10848,30,Male,Phoenix,42454.97,3,104.56,53.5,1.7,0.46,439.93,0
CUST-10849,31,Female,Los Angeles,65803.97,9,119.29,76.4,4.0,0.46,1153.22,0
CUST-10850,30,Male,Phoenix,76594.73,9,207.67,68.8,3.5,0.48,1863.01,1
CUST-10851,31,Male,Boston,71346.4,7,120.98,60.8,0.9,0.34,973.27,0
CUST-10852,30,Male,Chicago,164365.01,7,222.25,65.7,4.6,0.02,2020.44,1
CUST-10853,52,Male,Seattle,119500.68,9,272.18,89.9,10.3,0.26,2626.48,1
CUST-10854,55,Male,Boston,82960.95,10,215.95,71.1,9.3,0.65,2118.45,1
CUST-10855,31,Female,New York,45780.41,10,142.79,78.1,2.7,0.67,1347.7,1
CUST-10856,28,Female,New York,67959.05,5,171.88,78.2,1.1,0.5,969.41,0
CUST-10857,43,Female,Chicago,72274.57,12,135.0,85.6,9.6,0.46,1662.81,1
CUST-10858,31,Female,Phoenix,32312.48,5,40.35,67.0,0.5,0.64,257.31,0
CUST-10859,45,Male,Chicago,108608.35,9,253.2,79.2,7.6,0.47,2323.6,1
CUST-10860,40,Female,Los Angeles,38280.02,5,96.11,77.3,4.7,0.7,576.63,1
CUST-10861,19,Male,Phoenix,35455.25,4,88.75,79.9,0.5,0.4,420.77,0
CUST-10862,56,Female,New York,55213.07,10,122.51,61.8,6.0,0.64,1146.02,1
CUST-10863,59,Male,Austin,86441.43,14,227.94,76.0,8.0,0.47,3080.02,1
CUST-10864,30,Male,Los Angeles,41659.88,5,61.79,63.6,3.7,0.45,368.36,1
CUST-10865,33,Male,Boston,26432.07,6,73.72,49.8,0.8,0.38,480.69,0
CUST-10866,41,Male,New York,126010.94,5,211.21,41.6,1.0,0.18,1416.85,1
CUST-10867,42,Male,Los Angeles,49889.65,9,88.77,41.8,2.4,0.56,769.13,0
CUST-10868,45,Male,Los Angeles,36516.08,4,73.19,53.5,2.0,0.64,330.64,0
CUST-10869,62,Female,Austin,40858.94,8,61.49,22.0,0.6,0.46,514.02,0
CUST-10870,35,Female,New York,172557.53,8,382.91,79.6,4.4,0.23,3394.74,1
CUST-10871,28,Male,Phoenix,35105.66,9,57.63,62.0,3.3,0.64,535.89,0
CUST-10872,21,Male,Seattle,63669.41,12,101.68,73.9,1.2,0.57,1288.98,0
CUST-10873,29,Female,San Francisco,60658.38,2,76.02,76.3,2.2,0.5,330.18,0
CUST-10874,37,Male,Chicago,30713.54,3,69.68,71.4,2.5,0.53,271.9,0
CUST-10875,59,Female,Austin,41107.71,11,124.14,73.7,13.0,0.55,1337.2,1
CUST-10876,31,Male,Boston,33920.25,4,39.4,73.1,4.5,0.66,251.99,1
CUST-10877,40,Female,Chicago,91741.56,8,228.33,92.5,5.7,0.37,1916.08,1
CUST-10878,37,Female,Houston,54130.13,8,65.87,66.0,2.4,0.46,662.82,1
CUST-10879,52,Female,Austin,206209.73,8,424.6,79.6,12.4,0.05,4000.74,1
CUST-10880,68,Female,Austin,41808.49,10,71.0,49.7,3.1,0.63,721.06,0
CUST-10881,31,Male,Chicago,37025.42,4,60.07,66.6,0.7,0.52,286.53,0
CUST-10882,32,Male,Seattle,145804.71,9,164.66,84.1,4.6,0.27,1782.13,1
CUST-10883,50,Female,Los Angeles,105741.26,8,237.6,68.8,7.4,0.32,2064.52,1
CUST-10884,46,Female,Chicago,68952.47,7,172.98,63.5,3.1,0.46,1321.5,1
CUST-10885,60,Male,New York,41909.12,14,91.73,98.3,10.2,0.65,1215.93,1
CUST-10886,45,Female,Los Angeles,149083.24,5,212.3,77.3,8.4,0.21,1474.19,1
CUST-10887,33,Male,Phoenix,47032.21,10,90.7,59.6,5.1,0.68,859.41,1
CUST-10888,45,Male,Houston,41496.7,7,78.45,68.2,3.4,0.66,594.71,0
CUST-10889,51,Female,Los Angeles,110331.18,8,221.44,47.2,0.8,0.2,1985.47,0
CUST-10890,47,Male,Chicago,56254.57,6,128.31,78.7,6.2,0.55,861.25,0
CUST-10891,44,Female,Chicago,31759.75,12,49.46,95.1,9.0,0.71,639.07,1
CUST-10892,50,Male,Austin,60807.08,6,93.88,30.0,3.1,0.27,704.84,0
CUST-10893,52,Male,Seattle,45819.69,7,139.56,62.8,6.0,0.45,1031.67,1
CUST-10894,54,Female,Chicago,18000.0,11,10.0,56.2,4.1,0.59,107.74,0
CUST-10895,45,Female,Boston,41834.07,1,95.63,54.3,0.6,0.62,204.71,0
CUST-10896,35,Male,Los Angeles,47853.24,11,110.92,91.2,6.2,0.64,1218.64,1
CUST-10897,39,Male,San Francisco,42559.13,8,43.09,66.1,1.6,0.58,405.27,0
CUST-10898,52,Male,Austin,79453.99,12,156.48,71.1,10.5,0.44,1909.84,1
CUST-10899,28,Male,Chicago,38563.68,4,74.22,47.6,1.7,0.62,376.36,0
CUST-10900,42,Female,San Francisco,96344.48,7,251.0,63.5,3.0,0.37,1850.1,1
CUST-10901,33,Female,Los Angeles,33627.59,7,62.17,97.4,5.7,0.54,534.42,1
CUST-10902,38,Male,Los Angeles,98161.7,5,261.69,59.6,5.4,0.41,1506.44,0
CUST-10903,53,Male,Houston,27186.22,13,34.03,79.1,9.8,0.67,479.83,1
CUST-10904,40,Female,Austin,18481.86,12,28.55,81.6,6.8,0.62,365.76,1
CUST-10905,38,Female,Chicago,105600.82,6,218.51,68.0,3.1,0.37,1484.17,0
CUST-10906,21,Female,Boston,42377.58,4,91.74,57.0,0.9,0.55,483.4,0
CUST-10907,46,Female,Boston,156496.06,7,352.33,59.3,3.4,0.1,2873.06,1
CUST-10908,45,Male,Los Angeles,82624.2,13,114.34,100.0,9.1,0.54,1493.54,1
CUST-10909,63,Male,Chicago,84450.58,11,170.52,40.8,9.2,0.4,1923.31,1
CUST-10910,34,Female,Phoenix,82238.24,7,164.81,40.1,1.9,0.29,1284.9,0
CUST-10911,40,Female,Houston,54450.45,9,158.88,87.9,8.0,0.7,1396.57,1
CUST-10912,40,Male,New York,77818.33,9,120.76,79.1,5.3,0.61,1202.14,1
CUST-10913,56,Male,Austin,113094.63,10,303.5,76.4,7.7,0.39,3138.69,1
CUST-10914,36,Male,San Francisco,80189.79,8,160.53,53.9,0.7,0.28,1438.46,0
CUST-10915,41,Female,Chicago,39525.52,9,104.49,86.7,8.4,0.58,887.49,1
CUST-10916,45,Male,Phoenix,65350.4,13,132.95,68.2,10.3,0.51,1695.57,1
CUST-10917,40,Male,New York,25419.78,10,49.01,80.2,5.2,0.7,484.79,0
CUST-10918,32,Female,Houston,99557.05,5,237.32,69.7,2.8,0.43,1340.14,0
CUST-10919,40,Male,Boston,127076.07,12,293.66,71.6,3.5,0.41,3558.18,1
CUST-10920,50,Male,Boston,118350.39,9,275.88,87.5,3.8,0.31,2639.59,1
CUST-10921,25,Male,Los Angeles,111262.54,4,277.99,,1.8,0.22,1385.7,0
CUST-10922,39,Male,Houston,49346.35,7,111.19,72.3,1.5,0.66,775.57,0
CUST-10923,29,Male,San Francisco,71907.15,6,187.97,75.8,4.1,0.61,1173.73,1
CUST-10924,52,Female,Los Angeles,33689.51,6,88.42,80.8,2.8,0.69,541.79,0
CUST-10925,19,Female,New York,175277.41,4,277.66,69.6,0.5,0.28,1548.22,0
CUST-10926,31,Male,Houston,40384.35,8,73.67,59.6,1.9,0.48,651.84,0
CUST-10927,42,Male,Phoenix,57790.64,7,124.89,65.1,2.6,0.58,871.36,0
CUST-10928,56,Female,New York,83044.11,8,210.07,48.1,8.6,0.51,1715.47,0
CUST-10929,37,Male,New York,37417.55,6,28.77,72.8,5.9,0.63,330.7,1
CUST-10930,31,Male,Los Angeles,26040.92,15,57.28,90.4,3.9,0.77,781.18,1
CUST-10931,60,Female,Los Angeles,62477.09,10,153.26,62.2,3.9,0.55,1494.74,1
CUST-10932,20,Male,Houston,41020.56,7,43.57,57.7,0.6,0.49,441.91,0
CUST-10933,18,Male,Los Angeles,59578.11,7,92.77,72.4,0.5,0.53,715.73,0
CUST-10934,43,Male,Los Angeles,106135.28,13,211.77,74.7,7.4,0.29,2820.17,1
CUST-10935,31,Female,Seattle,75781.97,6,240.45,66.2,3.8,0.52,1519.58,0
CUST-10936,25,Male,New York,106869.73,11,216.15,69.6,1.1,0.34,2500.85,1
CUST-10937,46,Male,Houston,64303.59,11,191.56,88.6,9.0,0.5,2055.28,1
CUST-10938,40,Male,Austin,50875.82,3,152.15,80.0,3.5,0.72,505.72,0
CUST-10939,31,Female,Phoenix,29547.01,12,36.14,77.1,2.4,0.84,406.96,0
CUST-10940,22,Male,San Francisco,86580.61,7,222.78,45.5,0.8,0.3,1727.45,0
CUST-10941,48,Male,Chicago,59322.06,5,145.43,76.0,1.9,0.64,769.89,0
CUST-10942,45,Female,New York,115575.9,7,316.66,87.4,4.8,0.48,2274.88,1
CUST-10943,36,Female,Phoenix,45215.24,8,97.13,50.1,0.6,0.44,837.55,0
CUST-10944,60,Male,Phoenix,42022.85,15,90.82,75.2,7.1,0.67,1329.42,1
CUST-10945,25,Male,New York,65209.14,6,93.37,56.2,2.2,0.45,683.87,0
CUST-10946,19,Male,Chicago,35933.56,6,85.3,58.3,0.5,0.65,489.95,0
CUST-10947,29,Female,Boston,134024.32,8,177.86,61.7,0.8,0.11,1788.11,1
CUST-10948,37,Male,Los Angeles,110147.57,6,318.59,65.5,2.5,0.39,2095.46,0
CUST-10949,40,Male,Chicago,31016.52,6,100.46,71.4,4.6,0.74,576.07,0
CUST-10950,35,Male,Chicago,85030.41,9,223.13,43.4,1.6,0.33,2057.8,0
CUST-10951,42,Male,Miami,20459.53,8,58.76,62.8,1.6,0.58,487.6,1
CUST-10952,22,Male,Miami,84233.78,5,229.96,70.2,1.0,0.41,1342.97,0
CUST-10953,55,Male,San Francisco,53546.03,8,139.08,81.0,8.8,0.68,1027.7,1
CUST-10954,37,Female,Chicago,68100.54,5,101.95,84.0,6.3,0.48,707.1,1
CUST-10955,51,Female,New York,27871.22,14,69.08,100.0,13.2,0.71,917.33,1
CUST-10956,42,Male,Los Angeles,34214.67,9,66.07,73.2,7.5,0.56,598.99,1
CUST-10957,43,Male,San Francisco,95877.22,2,199.06,71.8,2.6,0.46,646.76,0
CUST-10958,44,Female,San Francisco,53424.15,6,118.13,59.6,7.9,0.77,726.31,0
CUST-10959,43,Male,Austin,39156.78,15,97.91,76.1,5.6,0.62,1350.76,1
CUST-10960,45,Female,Chicago,114315.91,10,239.36,68.7,5.1,0.33,2511.73,1
CUST-10961,53,Other,Phoenix,147284.16,11,325.03,69.7,13.1,0.33,3675.99,1
CUST-10962,40,Male,Houston,82224.92,7,216.31,86.0,6.3,0.48,1609.25,1
CUST-10963,46,Male,New York,42368.66,6,118.79,65.9,7.8,0.64,766.22,1
CUST-10964,36,Male,Chicago,137386.01,3,191.47,53.9,0.6,0.23,955.13,0
CUST-10965,55,Female,Houston,23576.14,12,42.77,87.6,12.9,0.71,510.14,1
CUST-10966,29,Female,Austin,51177.97,12,52.8,84.8,3.6,0.67,721.92,1
CUST-10967,59,Female,Chicago,58464.74,7,142.45,45.6,4.8,0.38,1032.73,1
CUST-10968,37,Female,Austin,155955.99,16,310.11,74.8,2.6,0.21,4800.0,1
CUST-10969,20,Male,Houston,81229.7,8,208.94,60.0,0.5,,1771.46,0
CUST-10970,39,Female,Los Angeles,49408.76,6,65.64,64.6,0.9,0.52,459.76,0
CUST-10971,29,Female,New York,45598.33,5,48.72,65.7,3.1,,290.89,0
CUST-10972,48,Female,New York,120716.6,9,305.01,54.1,2.6,0.33,2875.42,1
CUST-10973,30,Male,Chicago,43569.41,6,101.54,80.8,4.5,0.71,659.39,1
CUST-10974,32,Female,New York,81509.48,9,164.91,87.2,4.8,0.54,1584.97,1
CUST-10975,18,Female,Chicago,28678.47,10,36.71,68.9,0.5,0.5,334.72,0
CUST-10976,32,Female,Austin,79216.44,4,112.58,56.6,2.4,0.54,551.91,0
CUST-10977,18,Female,San Francisco,96840.43,6,276.04,63.2,0.5,0.36,1757.08,0
CUST-10978,18,Female,San Francisco,40768.39,4,73.54,49.4,0.5,0.52,392.74,0
CUST-10979,47,Female,New York,122506.11,3,238.69,74.5,0.8,0.32,1066.34,0
CUST-10980,47,Female,Chicago,75069.01,7,105.85,70.2,5.5,0.53,815.31,1
CUST-10981,43,Female,Los Angeles,90199.04,13,253.61,86.0,9.5,0.4,3286.68,1
CUST-10982,26,Male,Boston,53797.5,6,77.26,80.3,3.0,0.61,606.18,0
CUST-10983,37,Male,New York,79984.07,12,154.73,70.8,6.2,0.43,1832.02,1
CUST-10984,37,Male,Chicago,58716.71,6,164.17,78.3,5.0,0.48,1044.9,1
CUST-10985,24,Female,Phoenix,45276.99,3,143.53,100.0,2.1,0.77,467.48,0
CUST-10986,56,Female,Houston,56047.7,9,153.56,69.0,8.0,0.53,1355.37,1
CUST-10987,48,Female,Seattle,126926.7,9,250.92,46.6,2.6,0.29,2527.79,0
CUST-10988,35,Male,Los Angeles,106642.49,8,260.92,83.8,4.8,0.31,2293.28,1
CUST-10989,38,Male,Chicago,31503.69,11,51.66,84.7,7.4,0.74,543.81,1
CUST-10990,40,Male,Miami,84238.52,5,164.47,62.4,0.7,0.37,974.77,0
CUST-10991,18,Male,Houston,93365.61,9,137.67,81.1,0.5,0.46,1419.2,1
CUST-10992,35,Female,Chicago,52743.79,5,87.79,75.2,2.2,0.54,566.52,0
CUST-10993,29,Male,New York,94308.65,2,169.02,70.5,0.9,0.39,595.45,0
CUST-10994,25,Female,San Francisco,97097.71,5,254.36,65.8,1.0,0.46,1425.08,1
CUST-10995,34,Female,Austin,38961.41,8,44.92,73.8,2.8,0.57,401.77,0
CUST-10996,59,Male,Phoenix,40282.05,8,77.8,91.7,14.1,0.85,626.3,1
CUST-10997,45,Female,Seattle,98572.61,10,195.94,94.6,9.4,0.63,1894.5,1
CUST-10998,31,Male,Houston,40166.78,9,98.31,70.3,4.9,0.73,818.92,0
CUST-10999,44,Male,Los Angeles,101469.32,5,251.04,64.8,1.7,,1483.7,0
CUST-11000,54,Female,New York,140447.75,4,183.34,58.8,0.9,0.24,1125.41,0
CUST-11001,49,Female,Phoenix,86376.89,7,175.63,65.7,1.8,0.46,1349.98,1
CUST-11002,38,Male,Houston,138497.7,5,274.08,88.1,7.4,0.28,1710.16,1
CUST-11003,30,Male,Miami,49184.83,7,135.63,52.4,1.2,0.48,933.9,0
CUST-11004,46,Male,San Francisco,82873.68,15,143.73,81.0,6.6,0.48,2220.18,1
CUST-11005,42,Male,Austin,69957.4,10,119.31,88.6,2.6,0.63,1205.04,1
CUST-11006,48,Female,Houston,49936.51,7,96.91,58.6,0.7,0.48,758.16,0
CUST-11007,45,Female,Chicago,74598.8,4,119.64,44.7,1.4,0.44,669.78,0
CUST-11008,50,Male,Los Angeles,26480.4,15,71.38,,9.2,0.74,950.76,1
CUST-11009,31,Female,Chicago,63022.23,9,151.59,91.0,1.4,0.59,1344.75,1
CUST-11010,53,Male,Seattle,34010.52,6,31.52,77.7,3.6,0.53,271.56,0
CUST-11011,40,Male,New York,45197.31,6,83.45,55.8,3.6,0.48,571.8,0
CUST-11012,62,Female,Austin,85970.12,11,154.53,60.1,10.0,0.25,1858.57,1
CUST-11013,29,Female,Austin,53946.71,6,74.4,77.0,2.3,0.57,591.02,0
CUST-11014,58,Female,Phoenix,69109.45,9,170.57,80.9,14.2,0.54,1521.76,1
CUST-11015,40,Female,Los Angeles,55791.32,5,102.92,41.7,4.1,0.34,640.39,0
CUST-11016,30,Female,Los Angeles,108333.0,4,133.9,56.6,1.4,0.28,795.69,0
CUST-11017,32,Male,Los Angeles,55283.05,10,125.58,67.8,3.2,0.52,1248.92,1
CUST-11018,34,Female,New York,27519.37,4,39.71,58.7,3.2,0.65,127.09,0
CUST-11019,43,Other,Chicago,63671.13,8,152.37,98.3,8.0,0.69,1218.43,1
CUST-11020,44,Male,New York,24727.58,10,35.56,91.5,9.8,0.75,380.72,1
CUST-11021,31,Female,San Francisco,36684.58,8,50.2,67.8,4.4,0.64,429.19,1
CUST-11022,37,Female,Chicago,36582.19,8,63.35,63.3,3.3,0.62,590.46,0
CUST-11023,63,Male,New York,44189.83,11,75.44,,3.6,0.36,900.26,0
CUST-11024,58,Female,Houston,39190.17,8,65.26,73.3,13.8,0.54,564.66,1
CUST-11025,43,Male,Austin,35393.25,5,132.55,65.2,4.2,0.57,594.61,0
CUST-11026,38,Female,San Francisco,37552.53,9,66.72,86.2,6.3,0.71,572.04,1
CUST-11027,39,Male,Houston,111259.94,10,280.35,78.2,8.3,0.33,2938.38,1
CUST-11028,45,Female,Miami,36667.07,8,65.47,62.2,6.4,0.58,516.85,1
CUST-11029,25,Male,San Francisco,24861.82,2,55.05,58.1,1.6,0.61,200.69,0
CUST-11030,34,Male,Boston,54277.35,8,108.38,93.6,4.6,0.73,854.2,1
CUST-11031,18,Male,Los Angeles,35503.85,11,51.89,80.1,0.5,0.7,564.96,0
CUST-11032,42,Female,Seattle,43506.24,8,92.43,61.5,4.9,0.61,762.47,1
CUST-11033,45,Female,Los Angeles,88870.29,6,117.2,68.2,3.7,0.5,876.88,1
CUST-11034,32,Female,Boston,51960.69,6,53.75,69.7,1.3,0.56,442.64,0
CUST-11035,56,Female,Los Angeles,35012.61,12,84.28,82.8,9.3,0.77,942.73,1
CUST-11036,23,Male,Boston,81263.18,6,126.91,50.6,1.4,0.42,933.86,0
CUST-11037,20,Male,Austin,105903.18,6,173.59,94.0,0.7,0.43,1252.05,0
CUST-11038,40,Female,New York,95658.58,10,156.96,87.0,7.7,0.49,1632.62,1
CUST-11039,50,Male,Austin,18000.0,7,14.33,46.4,3.2,0.57,145.76,0
CUST-11040,58,Female,New York,41881.93,9,113.24,86.1,11.8,0.83,919.68,1
CUST-11041,32,Female,Los Angeles,63798.58,8,119.52,50.3,2.4,0.34,1051.47,0
CUST-11042,50,Male,Chicago,50344.29,7,127.97,72.4,8.2,,982.2,1
CUST-11043,37,Male,Austin,50598.27,9,71.7,97.1,6.5,0.7,660.14,1
CUST-11044,35,Female,Houston,31486.95,2,73.81,53.9,2.1,0.5,291.6,0
CUST-11045,48,Male,Houston,25486.77,4,54.85,58.9,7.4,0.49,338.51,0
CUST-11046,45,Male,San Francisco,206977.03,9,304.01,67.9,5.4,0.13,3315.2,1
CUST-11047,19,Male,Austin,60407.33,8,108.11,73.1,0.5,0.51,957.88,0
CUST-11048,55,Female,Miami,70952.62,13,188.08,79.8,10.5,0.54,2333.81,1
CUST-11049,54,Female,Los Angeles,62497.86,11,85.28,100.0,11.2,0.66,941.74,1
CUST-11050,30,Male,Los Angeles,63763.51,5,172.89,75.0,1.7,0.56,855.37,0
CUST-11051,42,Male,New York,70901.93,8,184.78,71.8,6.9,0.57,1470.47,1
CUST-11052,43,Male,Phoenix,27845.22,5,51.3,75.9,6.3,0.69,298.17,0
CUST-11053,41,Female,New York,34298.6,5,59.06,85.0,4.5,0.61,321.45,0
CUST-11054,31,Male,Los Angeles,75574.53,8,186.9,88.7,2.3,0.6,1467.74,1
CUST-11055,29,Male,Seattle,74389.1,6,82.08,57.2,1.8,0.33,656.12,0
CUST-11056,37,Female,Los Angeles,99598.5,7,217.87,62.0,0.6,0.32,1697.89,0
CUST-11057,52,Female,Houston,74338.71,8,122.71,72.9,2.7,0.54,1040.54,0
CUST-11058,44,Other,Chicago,37969.33,4,96.47,55.4,1.1,0.56,511.36,0
CUST-11059,33,Female,New York,128849.49,10,234.8,67.4,5.2,0.25,2588.7,1
CUST-11060,47,Male,Chicago,83391.67,14,199.66,88.8,10.0,0.47,2720.52,1
CUST-11061,18,Male,Chicago,80355.11,9,113.91,55.7,0.5,0.41,1226.17,1
CUST-11062,51,Male,Boston,200182.54,12,263.77,99.9,10.9,0.11,3688.76,1
CUST-11063,18,Male,Los Angeles,173120.18,4,372.31,81.5,0.5,0.37,1890.96,0
CUST-11064,33,Female,Chicago,80317.84,6,85.78,68.8,3.2,0.51,742.84,0
CUST-11065,24,Female,Miami,68275.43,5,123.6,68.0,2.2,0.52,820.41,0
CUST-11066,22,Female,San Francisco,130261.58,6,286.65,80.2,1.3,0.39,1998.81,0
CUST-11067,51,Male,Miami,38435.23,11,87.2,55.0,0.5,0.59,876.96,0
CUST-11068,32,Female,Austin,44819.36,6,73.05,80.2,2.8,0.67,448.93,0
CUST-11069,42,Female,Miami,72071.75,8,211.81,77.1,0.6,0.48,1755.42,0
CUST-11070,37,Male,Chicago,37069.59,7,86.5,61.7,2.5,0.53,589.9,0
CUST-11071,43,Female,Miami,69223.21,13,151.32,60.9,4.6,0.4,1957.81,1
CUST-11072,38,Male,Houston,55665.89,10,109.75,56.2,7.2,0.55,1125.05,1
CUST-11073,22,Male,Los Angeles,40605.83,2,52.66,62.6,1.2,0.58,307.58,0
CUST-11074,49,Female,Los Angeles,63113.83,6,136.56,77.0,4.8,0.46,993.79,1
CUST-11075,32,Female,Los Angeles,119647.21,5,309.54,68.3,3.0,0.37,1735.65,0
CUST-11076,19,Male,New York,76213.19,9,169.59,73.8,0.5,0.49,1528.82,0
CUST-11077,32,Male,New York,76372.53,6,193.62,96.6,2.0,0.41,1330.75,0
CUST-11078,56,Other,New York,86214.81,8,188.85,94.4,9.4,0.58,1605.72,1
CUST-11079,48,Female,Seattle,85198.39,6,121.49,67.1,3.5,0.37,860.58,1
CUST-11080,33,Female,Boston,55099.8,6,108.99,55.2,3.1,0.5,722.7,0
CUST-11081,33,Male,Phoenix,58091.23,3,84.69,80.7,0.6,0.71,364.27,0
CUST-11082,34,Male,Seattle,40079.02,9,69.52,66.9,5.5,0.46,698.36,1
CUST-11083,62,Male,New York,49048.71,3,98.17,54.9,1.2,0.56,478.68,0
CUST-11084,42,Male,Boston,46478.59,5,84.57,54.4,2.5,0.45,501.1,0
CUST-11085,43,Male,Houston,65094.03,3,116.24,76.8,3.7,0.5,452.32,0
CUST-11086,50,Male,New York,79238.77,7,123.4,67.6,8.2,0.28,1048.59,1
CUST-11087,40,Female,New York,68386.1,8,136.93,73.7,6.5,0.56,1196.6,1
CUST-11088,34,Male,Los Angeles,88004.83,4,162.2,58.9,1.0,0.33,834.13,0
CUST-11089,35,Female,New York,88391.9,9,133.55,72.1,0.8,0.45,1361.82,0
CUST-11090,37,Male,Los Angeles,53893.95,6,126.29,79.4,6.2,0.64,788.77,1
CUST-11091,37,Male,New York,43585.91,9,48.48,74.6,5.6,0.73,468.78,1
CUST-11092,46,Male,Los Angeles,41353.3,9,107.3,81.2,9.4,0.75,901.3,1
CUST-11093,38,Male,Los Angeles,29922.24,9,54.64,72.9,5.6,0.54,495.6,1
CUST-11094,46,Male,Austin,63933.26,11,90.25,71.6,8.5,0.54,998.25,1
CUST-11095,37,Female,Los Angeles,40485.23,9,91.29,64.3,3.2,0.77,820.71,1
CUST-11096,38,Female,Los Angeles,48635.08,8,107.21,77.8,4.9,0.63,882.08,1
CUST-11097,18,Female,San Francisco,71159.34,6,123.56,63.2,0.5,0.49,860.69,0
CUST-11098,48,Male,Seattle,114135.45,9,207.59,44.5,2.5,0.29,2114.16,0
CUST-11099,42,Female,Chicago,90507.27,6,177.23,59.7,4.3,0.38,1254.01,1
CUST-11100,49,Female,Seattle,65893.12,12,71.08,78.1,9.3,0.64,961.09,1
CUST-11101,18,Male,Los Angeles,117302.77,6,162.0,65.8,0.5,0.3,1286.81,0
CUST-11102,63,Female,New York,26740.39,11,63.67,100.0,10.4,0.83,689.7,1
CUST-11103,36,Female,Los Angeles,159272.56,7,373.48,64.9,2.5,0.08,3108.46,1
CUST-11104,51,Female,Phoenix,68932.93,10,152.16,64.3,0.9,0.32,1526.11,1
CUST-11105,25,Female,Chicago,59885.63,5,138.99,61.0,0.6,0.48,813.92,0
CUST-11106,45,Female,San Francisco,48571.51,8,134.76,100.0,10.2,0.6,1104.4,1
CUST-11107,25,Female,Los Angeles,50047.52,7,133.9,68.8,2.7,0.41,1008.14,1
CUST-11108,30,Male,San Francisco,102862.42,8,219.26,56.5,1.4,0.46,1820.39,0
CUST-11109,60,Female,Los Angeles,85459.82,6,143.81,56.7,2.6,0.44,1042.97,0
CUST-11110,35,Female,Chicago,79458.24,4,168.6,85.2,0.6,,857.93,0
CUST-11111,40,Female,Houston,35755.46,3,43.29,59.9,2.4,0.55,181.6,0
CUST-11112,48,Other,San Francisco,47645.73,10,106.72,71.9,4.3,0.65,1043.76,1
CUST-11113,43,Male,Los Angeles,68690.39,10,99.07,77.2,2.8,0.62,1016.6,0
CUST-11114,39,Male,Seattle,99515.68,8,122.59,62.8,6.8,0.29,1175.47,1
CUST-11115,42,Male,San Francisco,75967.79,7,191.0,83.3,7.3,0.5,1406.4,1
CUST-11116,66,Male,Los Angeles,130679.63,8,255.35,56.6,1.7,0.22,2288.72,0
CUST-11117,37,Male,Austin,60589.62,10,132.43,67.7,5.5,0.58,1292.77,1
CUST-11118,40,Female,San Francisco,75820.04,12,143.02,90.7,4.8,0.54,1728.35,1
CUST-11119,50,Male,Chicago,79544.36,7,176.76,65.8,2.1,0.47,1340.46,0
CUST-11120,51,Female,New York,134553.84,10,337.06,76.8,9.9,0.3,3516.37,1
CUST-11121,52,Female,Houston,26214.79,6,89.18,58.6,1.6,0.67,570.31,0
CUST-11122,45,Male,New York,41818.69,6,99.67,72.6,2.3,0.66,642.83,0
CUST-11123,24,Male,Chicago,48637.95,9,149.92,85.5,0.8,0.59,1247.42,0
CUST-11124,57,Female,Chicago,250000.0,12,450.0,95.7,14.1,0.0,4800.0,1
CUST-11125,24,Female,San Francisco,66551.94,3,71.9,63.5,1.8,0.4,389.23,0
CUST-11126,41,Female,New York,68817.48,10,143.77,66.0,4.1,0.61,1459.01,1
CUST-11127,28,Female,Miami,70114.34,9,176.88,70.7,3.4,0.71,1415.41,0
CUST-11128,37,Female,Los Angeles,101541.86,2,182.54,52.2,2.0,0.41,628.76,0
CUST-11129,41,Female,Chicago,61925.21,10,87.38,94.5,8.6,0.48,980.38,1
CUST-11130,41,Female,Miami,92123.05,11,217.4,70.8,6.6,0.37,2454.11,1
CUST-11131,43,Female,Phoenix,26840.14,7,47.89,67.8,5.8,0.57,309.58,0
CUST-11132,57,Female,Los Angeles,42476.99,7,54.15,80.5,12.0,0.61,471.0,1
CUST-11133,43,Male,Chicago,101725.54,8,136.69,52.9,6.6,0.15,1330.85,1
CUST-11134,35,Female,Los Angeles,62644.65,8,121.48,100.0,6.1,0.55,993.25,1
CUST-11135,49,Male,Phoenix,25936.7,10,71.0,78.6,10.4,0.81,648.75,1
CUST-11136,52,Female,Los Angeles,32160.46,4,58.06,78.3,3.1,0.7,226.2,0
CUST-11137,23,Male,San Francisco,50564.34,4,71.66,68.7,0.9,0.56,412.04,0
CUST-11138,45,Male,Houston,51522.27,6,99.29,61.7,1.2,0.49,688.46,0
CUST-11139,46,Male,New York,92391.88,13,114.97,76.4,2.9,0.42,1621.12,1
CUST-11140,34,Male,Los Angeles,52851.0,7,129.17,54.9,2.5,0.53,959.12,0
CUST-11141,54,Male,Los Angeles,75528.21,6,101.01,62.3,0.9,0.46,789.43,0
CUST-11142,36,Female,Chicago,45718.44,6,72.74,58.6,2.6,0.46,582.85,0
CUST-11143,39,Male,Houston,94908.33,8,150.21,76.5,6.6,0.51,1292.99,1
CUST-11144,35,Male,Houston,184356.52,9,356.52,84.7,5.8,0.12,3635.75,1
CUST-11145,38,Male,San Francisco,62327.99,6,131.84,60.9,0.6,0.57,903.69,0
CUST-11146,24,Female,New York,92973.61,7,244.38,48.1,0.5,0.24,1895.92,0
CUST-11147,20,Male,Boston,79342.32,4,177.37,55.7,0.5,0.34,886.24,0
CUST-11148,57,Male,Los Angeles,66776.71,11,110.73,62.9,13.2,0.55,1265.78,1
CUST-11149,27,Male,Los Angeles,86369.29,5,113.83,77.5,2.0,0.42,831.03,1
CUST-11150,26,Female,San Francisco,96363.51,5,146.93,94.5,3.2,0.61,910.67,1
CUST-11151,18,Male,Miami,40667.31,8,72.26,,0.5,0.66,571.45,0
CUST-11152,30,Male,Chicago,109871.09,5,255.85,67.8,4.3,0.45,1471.86,0
CUST-11153,22,Male,San Francisco,83893.66,4,158.84,70.5,0.6,0.44,803.71,0
CUST-11154,57,Female,Seattle,55867.79,10,115.77,71.4,7.4,0.46,1174.78,1
CUST-11155,50,Male,Miami,174609.61,13,351.73,92.1,12.7,,4800.0,1
CUST-11156,29,Female,New York,69009.39,6,148.88,53.6,1.1,0.52,1001.09,0
CUST-11157,65,Male,Miami,58464.71,13,92.91,71.5,8.8,0.5,1189.31,1
CUST-11158,49,Female,Miami,56186.22,6,145.17,62.4,4.6,0.52,962.08,0
CUST-11159,34,Male,San Francisco,71077.42,16,93.73,,2.8,0.4,1599.06,1
CUST-11160,18,Male,Miami,64410.96,3,116.19,70.2,0.5,0.57,455.86,0
CUST-11161,65,Male,Austin,39058.28,6,49.33,89.1,9.0,0.55,444.64,1
CUST-11162,21,Male,Chicago,76654.37,5,198.08,,1.0,0.56,1070.86,0
CUST-11163,18,Male,New York,30361.41,10,65.55,90.8,0.5,0.61,645.64,0
CUST-11164,50,Female,Chicago,29725.34,7,56.53,76.7,7.0,0.58,456.52,1
CUST-11165,67,Other,New York,182219.42,10,234.55,98.0,12.0,0.22,2723.97,1
CUST-11166,54,Male,Los Angeles,33245.41,11,63.7,61.7,14.0,0.77,720.16,1
CUST-11167,44,Female,Phoenix,18300.07,14,29.43,89.6,10.1,,410.7,1
CUST-11168,45,Female,Los Angeles,33659.61,11,48.22,90.0,8.6,0.66,551.93,1
CUST-11169,48,Female,San Francisco,181045.0,6,308.08,61.8,6.1,0.07,2336.45,1
CUST-11170,47,Male,Miami,21010.46,14,31.87,68.6,2.3,0.79,446.27,1
CUST-11171,41,Female,Chicago,35273.35,6,58.94,64.3,0.9,0.73,481.45,0
CUST-11172,39,Male,Boston,31358.02,5,68.68,80.4,2.3,0.73,357.34,0
CUST-11173,37,Female,New York,63770.12,10,119.43,51.2,2.9,0.51,1271.45,0
CUST-11174,28,Male,Seattle,54455.17,3,67.97,60.0,1.0,0.46,376.53,0
CUST-11175,34,Male,Miami,40470.49,13,74.38,70.5,1.8,0.52,960.11,1
CUST-11176,18,Male,Los Angeles,157602.11,9,234.91,70.1,0.5,0.31,2495.9,0
CUST-11177,36,Male,Los Angeles,34208.32,7,38.28,73.9,4.0,0.69,243.73,1
CUST-11178,26,Female,Los Angeles,59199.48,4,154.17,67.1,0.8,0.53,688.73,0
CUST-11179,24,Male,Miami,60962.08,6,132.9,65.7,1.9,0.49,899.2,0
CUST-11180,40,Female,Seattle,41483.0,8,100.08,59.9,3.3,0.54,809.44,0
CUST-11181,54,Male,Los Angeles,79463.81,10,210.32,68.8,9.8,0.51,2060.32,1
CUST-11182,49,Male,Phoenix,39924.05,14,37.22,81.3,11.0,0.78,565.22,1
CUST-11183,19,Female,New York,88190.91,3,211.25,60.1,0.5,0.39,815.43,0
CUST-11184,26,Other,Chicago,53894.87,8,72.33,81.3,3.2,0.46,696.47,1
CUST-11185,49,Male,Austin,21376.44,6,16.27,69.8,8.2,0.72,160.44,1
CUST-11186,26,Male,New York,140526.86,5,373.04,54.8,0.6,0.29,2145.72,0
CUST-11187,35,Female,Boston,183056.61,6,450.0,65.7,2.5,0.28,3067.87,1
CUST-11188,44,Male,Miami,47114.2,9,120.51,87.5,9.3,0.67,1017.44,1
CUST-11189,26,Female,Austin,38037.74,5,74.28,70.8,2.1,0.56,439.41,0
CUST-11190,39,Female,New York,155299.53,9,352.76,73.5,2.8,0.18,3506.86,1
CUST-11191,21,Male,Los Angeles,160324.22,6,262.92,64.0,1.2,0.18,1967.79,0
CUST-11192,30,Male,New York,67218.71,8,134.19,81.0,3.9,0.47,1207.31,1
CUST-11193,41,Male,San Francisco,67991.09,7,39.9,84.9,6.9,0.58,474.89,1
CUST-11194,18,Male,Phoenix,46848.95,4,81.56,77.8,0.5,0.69,407.19,0
CUST-11195,43,Female,New York,31660.66,13,64.4,60.1,7.8,0.74,772.64,1
CUST-11196,37,Female,Miami,44495.52,8,109.83,66.0,2.5,0.58,977.8,0
CUST-11197,44,Female,Los Angeles,146859.69,10,368.22,62.8,6.3,0.08,4043.61,1
CUST-11198,40,Female,New York,67222.3,9,179.75,78.0,7.5,0.55,1519.63,1
CUST-11199,54,Male,Chicago,33818.83,12,40.63,70.9,3.0,0.5,548.31,1
CUST-11200,39,Female,New York,93755.67,7,234.63,60.9,1.8,0.43,1659.4,0
CUST-11201,32,Male,Los Angeles,44630.04,8,76.37,69.2,1.3,0.68,672.22,0
CUST-11202,39,Female,Chicago,55026.17,8,112.5,67.5,2.0,0.62,951.44,0
CUST-11203,44,Male,Seattle,35908.14,5,78.76,63.1,1.5,0.5,465.74,0
CUST-11204,38,Female,Miami,30650.2,14,65.59,55.2,6.8,0.47,975.49,1
CUST-11205,38,Female,Chicago,82258.32,12,123.67,75.2,6.6,0.42,1602.45,1
CUST-11206,29,Male,San Francisco,80370.75,4,163.73,76.6,1.1,0.48,840.43,0
CUST-11207,30,Male,Houston,34915.22,8,58.01,69.8,3.5,0.44,541.42,1
CUST-11208,21,Female,Los Angeles,66140.03,7,96.33,68.5,0.9,0.51,767.38,0
CUST-11209,58,Male,San Francisco,55988.35,9,88.98,70.7,4.5,0.49,899.3,1
CUST-11210,23,Female,San Francisco,51256.21,5,69.83,83.3,0.8,0.57,477.35,0
CUST-11211,29,Female,Phoenix,87260.81,8,161.42,75.3,1.5,0.38,1407.76,1
CUST-11212,29,Male,Phoenix,72119.39,15,204.32,84.6,3.3,0.39,2957.23,1
CUST-11213,48,Male,San Francisco,75044.44,7,131.98,61.3,4.2,0.48,1056.68,0
CUST-11214,34,Female,Chicago,61142.28,7,132.26,67.5,2.1,0.64,994.83,0
CUST-11215,52,Male,Seattle,67436.69,11,171.41,57.6,0.8,0.4,1863.38,0
CUST-11216,29,Male,New York,93303.16,5,242.47,85.6,4.0,0.48,1333.68,0
CUST-11217,41,Female,Seattle,45405.69,6,36.9,67.3,7.0,0.6,289.74,1
CUST-11218,27,Female,Los Angeles,95895.5,3,138.15,66.0,2.0,0.39,638.82,0
CUST-11219,63,Male,New York,87280.95,10,105.79,98.1,14.2,,1116.11,1
CUST-11220,23,Male,Phoenix,42749.44,4,96.66,72.3,0.9,0.64,449.11,0
CUST-11221,41,Female,Chicago,44573.78,12,121.91,,6.4,0.74,1303.47,1
CUST-11222,45,Female,Miami,78375.93,6,181.66,88.6,3.6,0.56,1168.05,1
CUST-11223,42,Female,Chicago,52762.03,11,78.87,54.7,3.4,0.53,875.35,1
CUST-11224,35,Male,San Francisco,53478.0,7,144.11,75.6,5.8,0.57,1055.44,1
CUST-11225,36,Female,Los Angeles,51404.3,9,98.35,89.5,5.8,0.71,840.74,1
CUST-11226,38,Female,Los Angeles,91524.71,5,238.5,86.3,2.7,0.52,1310.91,0
CUST-11227,36,Female,Chicago,25425.64,1,71.12,72.2,1.0,0.65,119.49,0
CUST-11228,49,Female,Phoenix,40820.31,4,92.16,69.0,4.8,0.6,476.15,0
CUST-11229,64,Male,Phoenix,83277.26,13,199.52,89.4,11.5,0.63,2459.33,1
CUST-11230,31,Female,Houston,47315.74,6,105.09,60.7,1.0,0.41,781.13,0
CUST-11231,21,Male,Austin,68303.65,9,166.85,52.0,1.0,0.35,1548.86,0
CUST-11232,36,Male,San Francisco,130595.07,9,289.13,81.4,6.5,0.33,2777.45,1
CUST-11233,68,Female,Boston,101568.26,8,292.9,53.8,3.1,0.41,2438.47,1
CUST-11234,28,Female,New York,58692.97,10,134.82,71.6,3.5,0.46,1350.18,1
CUST-11235,57,Female,New York,68521.84,5,90.57,43.9,1.2,0.39,583.19,0
CUST-11236,58,Female,Los Angeles,97943.29,11,127.63,77.3,10.2,0.38,1540.35,1
CUST-11237,31,Male,New York,116989.48,7,252.27,76.8,4.2,0.56,1879.08,1
CUST-11238,44,Female,Houston,49250.84,9,108.28,92.5,4.9,0.68,941.81,1
CUST-11239,57,Male,Houston,50107.9,5,67.46,52.0,3.5,0.46,534.46,0
CUST-11240,33,Female,Houston,58838.32,5,62.6,82.4,5.6,0.63,452.9,1
CUST-11241,35,Male,San Francisco,150229.98,6,324.91,57.3,0.6,0.19,2281.91,0
CUST-11242,31,Female,Austin,101629.92,10,171.48,40.1,3.1,0.46,1858.11,1
CUST-11243,25,Male,Seattle,95782.66,3,187.78,60.1,1.4,0.38,787.17,0
CUST-11244,30,Female,New York,42649.46,9,56.44,90.6,2.5,0.7,579.29,0
CUST-11245,23,Female,Los Angeles,54303.57,11,144.95,60.2,1.3,0.34,1624.83,0
CUST-11246,38,Male,Los Angeles,55749.21,5,83.06,73.0,4.5,0.5,553.04,1
CUST-11247,28,Female,New York,148649.6,8,375.63,92.5,1.2,0.3,3201.87,1
CUST-11248,40,Female,Houston,45673.54,9,128.78,86.5,6.1,0.63,1148.54,1
CUST-11249,19,Female,Houston,96319.7,6,218.57,71.9,0.5,0.37,1455.81,1
CUST-11250,41,Female,Los Angeles,46836.24,7,134.96,61.5,0.7,0.58,962.43,0
CUST-11251,48,Male,San Francisco,59339.49,7,128.4,87.5,6.0,0.54,1005.37,1
CUST-11252,18,Male,San Francisco,96490.45,7,222.52,68.2,0.5,0.35,1736.39,0
CUST-11253,42,Male,New York,160199.94,7,392.4,74.7,3.0,0.21,3114.02,1
CUST-11254,52,Male,Chicago,51169.64,10,153.64,63.1,7.7,0.58,1509.53,0
CUST-11255,23,Male,Boston,18050.66,8,57.36,63.3,1.3,0.55,493.25,0
CUST-11256,58,Female,Houston,23543.73,12,62.18,74.2,5.6,0.71,658.45,1
CUST-11257,43,Male,Los Angeles,72311.81,5,175.41,61.4,6.7,0.49,1008.83,1
CUST-11258,29,Male,Los Angeles,29802.99,9,49.57,,4.2,0.64,435.58,0
CUST-11259,37,Male,Los Angeles,40415.98,4,52.6,,4.0,0.54,282.24,0
CUST-11260,44,Female,New York,73590.82,7,118.32,63.7,8.3,0.42,973.35,1
CUST-11261,38,Female,Miami,18000.0,4,31.3,64.9,2.4,0.64,146.25,0
CUST-11262,44,Male,New York,60490.51,13,103.14,60.0,8.0,0.5,1381.47,1
CUST-11263,26,Female,Los Angeles,34799.48,9,93.88,63.9,2.3,0.58,897.64,0
CUST-11264,40,Male,New York,34562.16,8,65.01,87.0,5.8,0.71,512.83,1
CUST-11265,21,Other,Miami,34462.07,13,83.2,,1.1,0.62,987.35,1
CUST-11266,36,Female,New York,42851.68,8,50.08,50.1,2.1,0.41,498.03,0
CUST-11267,27,Male,Los Angeles,78786.9,5,116.36,68.1,1.6,0.47,720.26,0
CUST-11268,29,Female,Houston,93617.26,9,162.62,75.5,0.8,0.39,1614.6,1
CUST-11269,52,Female,Chicago,47409.44,7,91.77,83.8,10.0,0.71,687.02,1
CUST-11270,51,Male,Los Angeles,46244.56,10,92.6,94.4,11.2,0.63,1012.84,1
CUST-11271,45,Female,Los Angeles,50648.22,8,119.26,,4.7,0.45,1017.45,1
CUST-11272,24,Male,Miami,29572.88,7,45.28,63.7,1.2,0.55,348.81,0
CUST-11273,34,Male,Austin,31286.41,8,60.59,75.7,4.4,0.71,482.61,0
CUST-11274,52,Male,Los Angeles,27364.03,6,25.19,65.8,1.5,0.77,191.84,0
CUST-11275,39,Male,New York,37621.99,8,60.28,64.3,2.8,0.61,545.17,0
CUST-11276,65,Male,New York,165396.37,5,307.64,71.4,5.8,0.26,1820.33,1
CUST-11277,42,Female,San Francisco,53705.02,3,125.65,69.9,5.2,0.44,520.14,1
CUST-11278,40,Male,Houston,18000.0,8,60.62,59.1,4.5,0.63,457.92,0
CUST-11279,34,Male,Miami,38375.64,5,109.33,63.5,1.7,0.63,595.01,0
CUST-11280,39,Female,San Francisco,34243.94,10,47.58,74.1,4.8,0.67,490.04,1
CUST-11281,36,Female,Boston,66974.29,6,78.43,76.9,6.7,,642.05,1
CUST-11282,46,Other,Seattle,66102.82,4,143.05,48.2,0.8,0.37,698.95,0
CUST-11283,49,Female,Miami,52925.98,12,82.28,72.1,8.6,0.46,986.68,1
CUST-11284,28,Female,Chicago,55738.54,10,133.78,58.2,2.7,0.5,1339.98,1
CUST-11285,22,Female,Los Angeles,51710.02,3,104.39,71.9,1.5,0.49,432.29,0
CUST-11286,18,Female,Houston,24853.62,4,53.17,78.1,0.5,0.73,250.54,0
CUST-11287,44,Female,Houston,49581.83,5,153.51,78.3,6.7,0.44,766.11,1
CUST-11288,24,Male,Phoenix,81153.83,8,152.56,51.6,2.0,0.4,1353.65,0
CUST-11289,18,Male,New York,181124.72,4,409.91,70.7,0.5,0.0,2184.13,1
CUST-11290,42,Female,Phoenix,43288.57,10,48.72,61.3,5.9,0.65,551.22,1
CUST-11291,67,Male,Chicago,53315.65,14,105.67,49.8,8.0,0.43,1475.72,1
CUST-11292,37,Male,Phoenix,62620.82,10,198.9,92.2,3.6,0.6,1954.38,1
CUST-11293,48,Female,Los Angeles,131450.12,10,302.03,65.0,1.4,0.25,3227.83,1
CUST-11294,38,Female,Chicago,44606.81,7,73.32,53.9,2.7,0.74,582.39,0
CUST-11295,36,Male,Los Angeles,88087.65,3,198.87,,2.4,0.4,861.67,0
CUST-11296,49,Female,Seattle,44879.39,8,131.52,81.6,9.1,,1038.63,1
CUST-11297,34,Female,Houston,60695.89,8,104.28,70.5,5.9,0.59,902.45,1
CUST-11298,41,Female,Los Angeles,101221.25,5,189.6,68.8,2.5,0.33,1235.58,1
CUST-11299,41,Female,New York,38356.31,4,124.4,65.8,1.1,0.7,494.63,0
CUST-11300,29,Female,San Francisco,58331.64,12,154.27,56.3,4.4,0.31,1912.07,1
CUST-11301,49,Female,Los Angeles,100423.7,9,254.98,51.3,8.7,0.29,2396.58,1
CUST-11302,35,Male,Austin,81096.15,9,194.14,64.0,6.1,,1812.41,1
CUST-11303,28,Female,Houston,86394.54,6,181.57,57.9,1.0,0.37,1221.22,0
CUST-11304,44,Female,Los Angeles,95223.47,9,223.44,85.2,8.4,0.43,2023.02,1
CUST-11305,27,Female,Phoenix,41113.33,8,101.74,86.1,3.0,0.57,768.34,1
CUST-11306,38,Female,Los Angeles,187092.24,4,403.5,68.9,1.6,0.12,2182.71,0
CUST-11307,37,Male,Miami,55114.15,5,100.77,55.0,1.6,0.45,581.39,0
CUST-11308,51,Female,Los Angeles,18000.0,12,56.67,60.9,4.3,0.63,622.17,1
CUST-11309,43,Male,Austin,51747.79,4,112.42,48.8,2.6,0.53,525.5,0
CUST-11310,37,Male,Phoenix,38563.2,5,54.77,76.1,7.4,0.49,400.22,1
CUST-11311,47,Male,Seattle,100787.35,9,163.43,66.7,4.5,0.4,1574.52,0
CUST-11312,54,Male,New York,58367.35,13,173.9,100.0,11.1,0.65,2045.62,1
CUST-11313,44,Female,Los Angeles,107930.95,8,221.42,71.7,8.5,0.35,2060.17,1
CUST-11314,38,Male,San Francisco,100259.98,6,182.03,76.8,3.4,,1326.0,1
CUST-11315,22,Male,Phoenix,29572.33,7,34.47,72.6,1.3,0.63,261.87,0
CUST-11316,25,Female,New York,68180.78,8,98.99,52.4,0.7,0.49,941.73,0
CUST-11317,34,Male,Los Angeles,42276.86,7,121.94,66.0,2.8,0.64,833.94,0
CUST-11318,30,Male,Los Angeles,68332.53,8,75.03,63.0,4.7,0.5,752.31,1
CUST-11319,35,Male,Phoenix,32987.83,10,66.88,83.7,1.6,0.62,628.56,1
CUST-11320,38,Male,Los Angeles,64665.27,4,166.51,73.5,3.4,0.52,769.84,0
CUST-11321,44,Male,Los Angeles,54372.24,9,161.16,64.8,8.3,0.37,1501.93,1
CUST-11322,37,Male,Los Angeles,57736.82,6,81.53,84.0,5.2,0.64,550.18,0
CUST-11323,43,Female,Chicago,158619.0,13,269.95,87.4,6.5,0.29,3723.06,1
CUST-11324,38,Male,New York,61075.25,12,147.76,93.1,6.9,0.63,1687.75,1
CUST-11325,18,Male,Austin,22654.04,9,52.2,74.6,0.5,0.63,490.81,0
CUST-11326,26,Female,New York,121542.3,7,228.21,71.2,2.6,0.46,1793.19,1
CUST-11327,36,Male,Boston,107613.3,4,163.53,79.5,6.4,0.54,914.14,1
CUST-11328,23,Female,Chicago,21148.41,11,55.09,68.0,0.5,0.73,491.89,1
CUST-11329,45,Female,Chicago,40068.28,9,96.81,77.7,6.3,0.55,794.48,1
CUST-11330,56,Male,Los Angeles,77471.64,8,188.58,54.4,5.6,0.37,1598.43,1
CUST-11331,52,Female,Phoenix,63369.7,11,110.55,69.8,1.2,0.58,1271.54,0
CUST-11332,35,Male,San Francisco,75667.98,5,138.43,65.1,3.1,0.44,828.91,0
CUST-11333,55,Male,Chicago,57394.45,11,127.52,89.0,9.7,0.71,1291.46,1
CUST-11334,39,Female,New York,45743.76,7,91.12,74.5,7.8,0.48,625.07,1
CUST-11335,33,Male,Boston,19582.61,9,24.55,79.3,3.9,0.55,251.79,1
CUST-11336,30,Female,Austin,166053.26,5,363.96,90.0,4.2,0.39,2087.64,0
CUST-11337,34,Female,Chicago,35047.39,10,76.38,69.7,1.2,0.73,704.41,0
CUST-11338,33,Male,Phoenix,53257.42,6,111.18,73.9,1.7,0.53,717.48,0
CUST-11339,40,Female,Chicago,52541.9,13,115.98,88.2,8.6,0.72,1321.11,1
CUST-11340,39,Female,Los Angeles,97573.45,8,217.83,71.8,7.5,0.48,1815.37,1
CUST-11341,38,Other,New York,77462.81,6,143.46,51.1,2.3,0.43,1066.79,0
CUST-11342,43,Female,Chicago,61421.22,5,151.69,95.0,6.4,0.7,888.52,0
CUST-11343,52,Female,Miami,18000.0,10,24.99,69.0,5.3,0.59,323.53,0
CUST-11344,49,Male,New York,48215.46,9,140.45,84.8,6.1,0.56,1196.28,1
CUST-11345,20,Female,Phoenix,70753.41,5,126.92,83.3,0.8,0.54,826.87,0
CUST-11346,18,Male,Seattle,93946.21,7,237.48,57.8,0.5,0.43,1753.92,0
CUST-11347,49,Male,Los Angeles,38713.19,8,101.79,48.6,3.3,0.55,781.53,0
CUST-11348,21,Female,New York,33226.08,8,43.21,72.1,0.7,0.61,377.86,0
CUST-11349,35,Male,Miami,54830.2,7,78.11,63.9,2.3,0.5,669.01,0
CUST-11350,23,Female,Los Angeles,18000.0,4,47.48,58.4,1.7,0.65,184.77,0
CUST-11351,18,Male,New York,41182.45,5,84.52,39.6,0.5,0.53,495.0,0
CUST-11352,44,Female,Chicago,137155.51,7,396.47,89.2,9.9,0.44,2853.59,1
CUST-11353,47,Male,Chicago,117163.28,12,281.71,76.2,9.6,0.24,3583.57,1
CUST-11354,31,Male,Seattle,86402.18,7,195.92,,1.5,0.45,1494.46,1
CUST-11355,18,Male,Phoenix,56857.74,3,90.11,,0.5,0.53,384.8,0
CUST-11356,31,Female,Chicago,21454.82,8,18.86,73.3,2.9,0.77,156.72,0
CUST-11357,42,Male,Houston,35538.54,6,69.47,64.7,2.8,0.58,493.59,1
CUST-11358,20,Female,Austin,51417.09,6,125.84,55.4,0.6,0.33,866.98,0
CUST-11359,40,Male,New York,51041.67,10,111.94,96.6,8.6,0.69,1056.9,1
CUST-11360,37,Male,Los Angeles,52294.18,7,53.08,82.6,3.9,,450.41,1
CUST-11361,44,Male,Austin,114110.48,10,295.74,78.8,7.6,0.33,2980.0,1
CUST-11362,39,Male,Austin,45451.39,9,136.47,44.4,4.3,0.36,1257.51,1
CUST-11363,26,Female,New York,61675.07,8,98.31,78.1,1.5,0.53,880.76,0
CUST-11364,52,Female,New York,105859.73,8,249.43,39.6,10.9,0.19,2188.0,1
CUST-11365,36,Male,Chicago,27974.6,7,54.57,60.5,6.2,0.47,398.45,1
CUST-11366,37,Female,New York,48050.23,7,129.05,68.4,1.0,0.65,952.11,0
CUST-11367,26,Female,Phoenix,33717.7,8,50.46,62.3,1.3,0.59,443.47,0
CUST-11368,32,Male,New York,75199.56,4,158.1,81.7,3.1,0.54,775.88,0
CUST-11369,27,Male,New York,61551.13,10,174.16,62.5,1.5,0.37,1722.05,0
CUST-11370,35,Female,Houston,44004.02,8,65.19,67.8,5.4,0.53,559.35,1
CUST-11371,58,Male,Austin,42739.69,9,74.49,44.2,2.2,0.52,722.52,0
CUST-11372,21,Male,Chicago,33302.08,11,72.8,52.8,1.1,0.38,848.38,1
CUST-11373,18,Male,Los Angeles,84485.35,6,94.32,83.2,0.5,0.52,761.79,0
CUST-11374,55,Female,Austin,50332.59,5,71.48,74.4,4.6,0.62,426.42,0
CUST-11375,35,Male,Houston,70137.73,5,144.87,66.6,2.7,0.51,857.02,0
CUST-11376,29,Male,Chicago,32629.64,6,48.06,52.7,1.2,0.58,317.41,0
CUST-11377,50,Male,Chicago,40789.06,8,86.36,56.8,3.6,0.51,704.01,1
CUST-11378,30,Male,New York,65480.85,8,138.23,54.0,3.6,0.37,1210.99,1
CUST-11379,59,Male,Houston,48280.02,5,28.81,67.1,6.0,0.4,302.37,1
CUST-11380,46,Female,Chicago,82948.44,9,188.21,86.1,7.9,0.63,1748.99,1
CUST-11381,32,Male,Los Angeles,50237.01,7,137.95,60.3,3.1,0.54,1079.59,0
CUST-11382,63,Female,New York,106242.1,10,249.47,39.1,2.6,0.14,2710.14,1
CUST-11383,30,Male,Los Angeles,75149.44,7,172.86,65.7,2.6,0.45,1350.43,0
CUST-11384,46,Female,Houston,48789.99,8,91.83,66.9,8.6,0.52,808.1,1
CUST-11385,41,Female,New York,45453.96,10,59.21,59.0,3.1,0.58,597.13,0
CUST-11386,53,Male,New York,106781.74,13,283.8,86.4,9.2,0.42,3619.43,1
CUST-11387,56,Female,Boston,40910.94,8,108.83,51.1,3.4,0.44,935.93,1
CUST-11388,38,Female,Houston,50922.82,4,80.5,63.4,1.5,0.63,427.28,0
CUST-11389,28,Female,New York,71191.9,8,187.37,69.2,1.8,0.51,1558.53,1
CUST-11390,43,Male,San Francisco,68386.09,14,119.56,70.2,4.2,0.63,1611.06,1
CUST-11391,29,Other,New York,60201.03,4,65.71,64.2,3.5,0.46,399.69,0
CUST-11392,62,Female,San Francisco,50283.58,4,59.77,70.5,7.2,0.66,330.93,1
CUST-11393,39,Female,San Francisco,33792.83,8,73.74,57.1,1.1,0.53,563.04,0
CUST-11394,33,Female,Phoenix,98374.99,6,251.18,62.4,4.0,0.34,1735.68,0
CUST-11395,40,Male,San Francisco,59314.58,9,113.83,75.5,4.4,0.53,1024.98,1
CUST-11396,21,Female,New York,68600.05,8,141.66,58.9,0.7,0.5,1246.16,0
CUST-11397,26,Female,San Francisco,70923.6,7,118.99,81.8,2.7,0.55,960.01,0
CUST-11398,52,Female,New York,126488.51,4,194.02,53.3,2.5,0.26,1109.78,0
CUST-11399,30,Male,Los Angeles,163793.06,5,280.32,72.1,4.4,0.06,1908.25,1
CUST-11400,25,Female,Boston,70420.89,6,142.15,47.0,1.3,0.34,1006.01,1
CUST-11401,44,Male,Houston,47581.79,11,65.32,62.7,5.1,0.65,736.95,1
CUST-11402,52,Female,Austin,33981.84,9,62.29,69.7,12.7,0.71,551.66,1
CUST-11403,46,Male,New York,35536.31,7,94.64,,8.6,0.58,713.26,1
CUST-11404,49,Male,Chicago,23430.71,6,73.98,40.8,1.4,0.6,394.46,0
CUST-11405,28,Female,New York,49127.89,3,58.48,80.8,2.5,0.6,222.48,1
CUST-11406,20,Male,Phoenix,18000.0,9,51.45,77.8,0.6,0.67,462.34,1
CUST-11407,56,Female,New York,125432.06,12,253.36,62.1,7.9,0.2,3259.5,1
CUST-11408,34,Female,New York,90368.65,8,82.74,61.5,4.9,0.24,915.51,1
CUST-11409,34,Male,Los Angeles,54936.96,6,117.61,61.9,3.4,0.43,757.95,0
CUST-11410,53,Male,San Francisco,132080.15,8,216.96,48.0,1.5,0.19,2030.36,1
CUST-11411,44,Female,New York,42809.98,10,62.39,71.2,5.7,0.59,696.64,1
CUST-11412,43,Male,Seattle,44943.12,6,79.34,53.2,0.7,0.59,534.25,0
CUST-11413,63,Female,New York,27811.59,9,74.79,64.2,5.6,0.63,623.61,0
CUST-11414,30,Female,New York,107719.02,8,168.6,66.2,2.6,0.28,1480.52,1
CUST-11415,49,Male,Chicago,37934.62,8,77.39,90.4,8.2,0.6,686.82,1
CUST-11416,38,Male,Austin,60063.52,5,162.62,78.7,4.3,0.65,869.96,1
CUST-11417,41,Male,New York,120739.76,13,171.97,54.3,1.8,0.32,2437.57,0
CUST-11418,56,Female,New York,145151.02,10,416.8,93.7,14.0,0.32,4301.64,1
CUST-11419,44,Male,San Francisco,74749.59,9,102.93,64.2,6.9,0.5,991.15,0
CUST-11420,44,Male,Los Angeles,75499.45,10,124.24,54.0,3.6,0.48,1301.4,0
CUST-11421,50,Female,San Francisco,48269.11,8,112.67,91.1,12.4,0.51,898.27,1
CUST-11422,33,Female,Los Angeles,144559.81,9,413.02,88.8,5.4,0.26,3902.5,1
CUST-11423,27,Male,Chicago,52350.4,8,110.38,74.3,0.9,0.52,855.68,0
CUST-11424,25,Male,Los Angeles,64854.68,6,103.06,76.1,2.0,0.45,704.41,0
CUST-11425,18,Female,Chicago,46414.33,8,105.24,85.3,0.5,0.59,905.92,1
CUST-11426,62,Female,Miami,93744.77,6,208.67,62.6,3.3,0.42,1358.16,1
CUST-11427,24,Female,Miami,56868.89,7,153.67,65.7,0.9,0.48,1102.14,0
CUST-11428,35,Female,Houston,75295.38,10,121.09,72.6,4.1,0.57,1285.71,1
CUST-11429,34,Female,Boston,77598.29,7,77.41,56.6,2.4,0.38,759.47,1
CUST-11430,41,Female,Los Angeles,55801.57,7,143.45,76.3,7.8,0.57,1067.7,1
CUST-11431,47,Female,Los Angeles,99160.62,3,169.81,,1.6,0.34,781.0,0
CUST-11432,48,Female,Phoenix,57947.78,11,141.12,79.1,11.0,0.55,1491.85,1
CUST-11433,31,Female,Phoenix,30156.32,8,53.08,82.9,4.5,0.64,428.82,1
CUST-11434,35,Male,New York,44600.44,7,135.21,99.2,5.2,0.68,917.4,0
CUST-11435,41,Male,Phoenix,52525.44,7,127.09,50.5,2.8,0.37,996.27,1
CUST-11436,35,Female,Chicago,89547.02,12,149.43,59.7,5.0,0.25,1910.12,1
CUST-11437,57,Male,San Francisco,172160.51,11,196.98,88.9,6.9,0.09,2669.27,1
CUST-11438,43,Female,Miami,21164.91,8,47.26,100.0,6.5,0.83,307.56,1
CUST-11439,46,Male,Houston,52132.12,8,129.09,56.5,3.8,0.46,1070.31,1
CUST-11440,45,Female,New York,93426.32,8,166.53,75.0,9.1,0.48,1413.98,1
CUST-11441,52,Male,Phoenix,56527.02,13,132.29,68.4,1.0,0.49,1690.71,1
CUST-11442,40,Female,San Francisco,125634.95,10,251.04,93.1,6.2,0.38,2664.48,1
CUST-11443,22,Female,Los Angeles,86467.94,10,192.65,74.0,1.4,0.52,1905.66,0
CUST-11444,42,Male,Chicago,34753.66,6,69.69,76.0,6.4,0.73,482.47,0
CUST-11445,30,Female,Austin,35879.25,14,110.37,48.6,1.3,0.59,1414.78,1
CUST-11446,31,Male,Los Angeles,72837.73,3,92.7,60.9,1.8,0.41,424.47,0
CUST-11447,45,Male,Los Angeles,102233.5,5,241.14,63.4,5.8,0.19,1406.23,1
CUST-11448,52,Male,Los Angeles,66934.56,9,127.57,64.9,4.8,0.36,1268.24,1
CUST-11449,38,Male,Houston,23382.43,6,20.53,73.9,0.5,0.68,150.86,0
CUST-11450,41,Other,Boston,38512.41,5,39.97,67.6,0.9,0.53,283.16,0
CUST-11451,58,Male,Phoenix,68899.03,11,123.47,78.1,11.6,0.43,1438.33,1
CUST-11452,40,Female,Los Angeles,52335.98,5,62.2,49.2,1.2,0.51,365.35,0
CUST-11453,69,Male,Phoenix,51720.95,10,161.1,87.3,14.0,,1420.06,1
CUST-11454,44,Female,Phoenix,83062.49,8,172.95,62.6,4.9,0.42,1503.31,1
CUST-11455,18,Male,Phoenix,26729.82,11,98.46,80.6,0.5,0.6,995.76,1
CUST-11456,47,Female,New York,59455.49,9,124.36,62.3,1.9,0.48,1176.24,1
CUST-11457,42,Female,Phoenix,37541.53,10,85.54,93.9,8.9,0.61,817.07,1
CUST-11458,53,Female,Chicago,67947.55,8,156.39,69.5,1.0,0.5,1308.18,0
CUST-11459,46,Male,New York,107640.12,8,191.98,71.2,1.0,0.45,1711.21,0
CUST-11460,36,Female,Houston,24552.6,2,55.02,71.8,0.9,0.67,105.97,0
CUST-11461,23,Male,Austin,59429.26,7,133.71,58.4,0.7,0.47,1057.43,0
CUST-11462,35,Male,Los Angeles,96223.27,8,211.68,62.9,3.6,0.4,1882.76,0
CUST-11463,27,Male,Austin,23574.41,7,40.43,68.1,2.9,0.54,283.81,0
CUST-11464,31,Male,New York,70820.82,6,89.97,63.7,1.8,0.52,692.47,0
CUST-11465,45,Male,San Francisco,41298.44,11,97.83,74.5,8.2,0.6,1037.8,1
CUST-11466,58,Female,New York,53067.56,10,150.01,89.3,11.7,0.65,1448.86,1
CUST-11467,42,Male,Los Angeles,18000.0,8,38.44,98.4,8.8,0.83,294.4,1
CUST-11468,23,Male,Houston,103267.06,4,270.95,58.6,0.7,0.31,1339.13,0
CUST-11469,43,Male,Phoenix,40811.73,8,77.71,70.4,1.8,0.63,603.74,0
CUST-11470,52,Female,Miami,34375.89,6,116.33,68.4,2.1,0.65,641.0,0
CUST-11471,30,Female,Phoenix,57455.9,9,119.86,60.7,2.0,0.5,1066.47,0
CUST-11472,36,Male,Phoenix,28954.6,10,58.8,62.5,3.8,0.72,572.94,0
CUST-11473,38,Female,Boston,36816.42,7,98.08,76.4,4.0,0.53,646.41,0
CUST-11474,28,Female,Chicago,121049.49,2,261.51,58.5,1.4,0.32,819.52,0
CUST-11475,45,Male,Los Angeles,153905.41,8,380.37,87.0,6.9,0.16,3391.07,1
CUST-11476,36,Female,New York,54397.46,14,141.84,66.5,2.8,0.48,1862.4,1
CUST-11477,43,Female,Chicago,97000.12,8,127.1,80.4,4.0,0.44,1250.66,1
CUST-11478,27,Female,San Francisco,90625.64,9,190.25,89.8,0.8,0.44,1806.01,0
CUST-11479,32,Male,New York,36069.0,14,104.26,74.9,3.5,0.68,1330.32,1
CUST-11480,46,Male,New York,45983.53,7,86.72,77.9,7.5,0.74,674.83,1
CUST-11481,33,Male,New York,158840.29,9,271.63,58.7,4.7,0.26,2712.99,0
CUST-11482,58,Female,Phoenix,23890.64,11,49.62,92.9,13.6,0.73,577.75,1
CUST-11483,33,Female,Los Angeles,194903.84,5,447.07,67.7,4.7,0.21,2654.84,1
CUST-11484,40,Male,New York,54963.44,8,115.94,51.5,2.5,0.44,1015.56,0
CUST-11485,49,Male,Phoenix,107478.59,4,224.09,60.0,3.3,0.43,1105.62,0
CUST-11486,20,Female,Miami,44175.46,8,92.05,81.5,0.8,0.55,791.05,1
CUST-11487,18,Female,Los Angeles,92940.4,7,243.04,57.3,0.5,0.2,1963.97,1
CUST-11488,19,Female,Houston,103385.84,5,186.31,85.0,0.5,0.48,1105.54,1
CUST-11489,53,Female,New York,146544.07,11,195.04,99.4,10.2,0.41,2374.03,1
CUST-11490,31,Female,Boston,48539.77,5,146.92,85.7,1.8,0.75,779.1,1
CUST-11491,68,Male,Los Angeles,40581.51,9,90.49,72.3,12.8,0.68,798.98,1
CUST-11492,31,Male,Austin,57222.6,6,183.32,75.5,1.2,0.61,1056.6,0
CUST-11493,40,Male,Austin,31103.34,4,40.58,78.7,3.4,0.76,235.64,0
CUST-11494,56,Female,Miami,58008.15,7,165.33,58.5,5.5,0.37,1197.41,1
CUST-11495,62,Male,New York,48518.78,10,141.6,82.1,8.6,0.6,1388.41,1
CUST-11496,62,Female,Houston,88438.4,9,114.91,65.1,7.2,0.43,1166.48,1
CUST-11497,52,Male,New York,54997.8,9,107.25,78.4,6.5,0.61,1069.94,1
CUST-11498,50,Male,Boston,27205.98,9,42.35,84.1,7.3,0.73,404.8,1
CUST-11499,45,Female,Miami,103690.33,4,219.47,53.8,4.8,0.29,1162.52,1
CUST-11500,47,Male,Austin,143695.464,7,156.77,75.4,3.3,0.59,1125.21,1
CUST-11501,31,Male,Phoenix,49474.22,4,108.36,70.8,3.6,0.69,575.25,0
CUST-11502,28,Female,Houston,88956.62,6,118.41,74.5,3.3,0.4,914.52,1
CUST-11503,37,Male,Houston,79578.16,7,188.86,73.5,3.9,0.27,1543.37,0
CUST-11504,35,Female,Chicago,38865.54,11,92.14,71.5,4.6,0.81,915.81,0
CUST-11505,32,Female,Chicago,45428.7,10,62.85,50.2,3.2,0.45,708.24,1
CUST-11506,46,Female,Phoenix,27949.7,9,69.03,61.7,1.1,0.53,592.78,0
CUST-11507,49,Female,Boston,31260.03,15,76.75,57.5,5.5,0.42,1128.72,1
CUST-11508,39,Male,Phoenix,65116.66,8,124.27,84.3,0.6,0.58,1030.26,1
CUST-11509,55,Female,Seattle,82391.35,10,164.51,69.2,10.0,0.45,1664.31,1
CUST-11510,24,Male,Seattle,99067.64,4,200.86,91.4,1.5,0.62,1055.47,0
CUST-11511,35,Male,Houston,97685.6,5,193.63,74.9,1.3,0.41,1214.41,0
CUST-11512,29,Male,Los Angeles,91766.2,7,224.09,71.9,2.6,0.52,1628.02,1
CUST-11513,18,Male,Phoenix,75084.48,3,214.7,62.5,0.5,0.43,811.52,0
CUST-11514,37,Female,Chicago,20126.84,4,29.84,70.1,2.9,0.57,186.74,0
CUST-11515,36,Male,New York,62731.06,9,139.04,78.7,7.1,0.48,1296.29,1
CUST-11516,56,Female,Chicago,92141.29,14,210.24,86.3,14.4,0.48,2829.71,1
CUST-11517,45,Male,Austin,33229.92,13,73.5,70.9,8.6,0.58,926.91,1
CUST-11518,25,Male,New York,76568.44,10,136.11,67.5,2.4,0.4,1452.69,0
CUST-11519,60,Female,San Francisco,98341.8,8,236.63,80.6,6.5,0.51,1944.0,1
CUST-11520,52,Male,Seattle,84505.36,7,128.77,62.8,5.8,0.33,1045.05,1
CUST-11521,44,Female,Phoenix,58632.1,10,50.78,100.0,9.9,0.61,559.65,1
CUST-11522,35,Male,Houston,69436.16,5,158.06,90.5,2.8,0.66,943.17,0
CUST-11523,26,Male,San Francisco,83020.61,3,157.08,66.9,0.8,0.46,672.92,0
CUST-11524,33,Male,Chicago,27373.37,3,44.05,66.4,1.3,0.66,198.98,0
CUST-11525,51,Female,New York,94238.34,11,190.98,59.9,9.5,0.6,2025.16,1
CUST-11526,60,Male,Austin,68712.3,17,78.02,54.6,6.1,0.35,1374.79,1
CUST-11527,56,Male,Chicago,27554.36,6,57.7,67.3,3.4,0.5,443.53,0
CUST-11528,32,Male,San Francisco,151197.14,8,278.91,66.7,4.7,0.34,2553.88,1
CUST-11529,24,Female,Houston,67213.24,8,158.65,40.4,1.4,0.34,1358.05,1
CUST-11530,39,Female,New York,36677.93,8,69.92,67.6,5.0,0.64,567.98,1
CUST-11531,18,Female,Austin,39604.48,5,67.26,70.6,0.5,0.63,445.91,0
CUST-11532,41,Male,Miami,38819.61,7,68.67,94.9,2.2,0.7,520.03,0
CUST-11533,36,Female,New York,55145.08,6,100.73,55.9,1.3,0.48,636.34,0
CUST-11534,32,Female,Austin,68998.17,7,151.47,66.4,3.1,0.53,1216.92,1
CUST-11535,18,Female,San Francisco,46550.66,1,108.38,74.0,0.5,0.66,226.44,0
CUST-11536,44,Female,Chicago,99993.31,10,258.42,88.0,7.7,0.4,2664.5,1
CUST-11537,31,Female,Phoenix,82251.85,5,160.53,64.4,1.7,0.51,929.79,0
CUST-11538,23,Male,New York,99684.28,7,147.55,77.6,1.8,0.43,1281.33,0
CUST-11539,18,Female,Houston,52618.74,8,104.52,66.6,0.5,0.65,926.83,0
CUST-11540,37,Female,New York,116871.27,6,281.88,76.9,1.3,0.29,1918.3,1
CUST-11541,59,Male,Houston,44834.48,14,60.21,93.7,12.8,0.72,767.81,1
CUST-11542,57,Male,Houston,35827.19,6,51.94,76.9,4.0,0.66,371.75,0
CUST-11543,32,Female,Seattle,122786.01,9,156.17,81.5,4.1,0.4,1664.06,1
CUST-11544,30,Male,San Francisco,88897.88,7,157.51,65.2,0.5,0.44,1249.9,0
CUST-11545,43,Female,Los Angeles,44255.42,7,119.76,77.3,1.4,0.53,824.82,0
CUST-11546,26,Male,Seattle,54955.13,7,152.2,50.7,2.1,0.5,1157.28,0
CUST-11547,41,Male,Houston,35613.95,12,69.22,42.2,2.1,0.47,847.71,0
CUST-11548,47,Male,Phoenix,134017.67,3,343.9,77.1,0.8,0.27,1359.31,0
CUST-11549,52,Male,New York,73288.12,12,156.23,80.5,6.6,0.37,1898.87,1
CUST-11550,36,Male,Seattle,73278.99,8,185.52,54.6,2.7,0.4,1523.52,0
CUST-11551,35,Male,Boston,93239.91,8,184.19,83.9,5.6,0.56,1554.92,1
CUST-11552,27,Female,Miami,28029.88,4,67.67,90.6,3.0,0.68,310.81,0
CUST-11553,28,Other,Boston,112487.25,6,182.75,99.0,2.7,0.47,1269.78,1
CUST-11554,35,Male,Los Angeles,45974.35,9,67.72,61.5,2.3,0.43,668.78,1
CUST-11555,42,Female,Seattle,169084.13,8,404.43,54.4,4.7,0.0,3758.58,1
CUST-11556,48,Female,Houston,44019.03,13,51.67,87.7,8.6,0.68,689.38,1
CUST-11557,28,Female,New York,122875.21,4,253.88,68.0,0.7,0.26,1344.84,0
CUST-11558,55,Female,San Francisco,21765.32,4,77.03,51.3,5.3,0.59,329.55,0
CUST-11559,34,Male,San Francisco,42146.45,9,98.88,65.5,5.4,0.7,819.63,1
CUST-11560,37,Male,Los Angeles,53796.21,7,133.22,71.2,3.4,0.63,994.86,0
CUST-11561,29,Male,New York,26495.05,8,42.4,61.0,2.9,0.46,433.93,0
CUST-11562,18,Male,New York,98769.77,4,138.24,59.6,0.5,0.3,846.44,0
CUST-11563,48,Female,Chicago,66520.75,9,129.74,86.9,9.4,0.61,1136.02,1
CUST-11564,46,Male,New York,44564.41,4,132.41,65.0,1.6,0.7,571.97,0
CUST-11565,34,Female,New York,72556.82,9,176.74,76.5,5.6,0.5,1583.82,1
CUST-11566,38,Female,Chicago,85138.0,4,174.18,73.4,1.3,0.47,868.69,0
CUST-11567,44,Female,Austin,20822.42,13,53.01,100.0,9.3,0.64,656.26,1
CUST-11568,19,Female,Miami,27226.94,10,65.42,70.9,0.5,0.57,622.56,0
CUST-11569,31,Male,Los Angeles,52691.94,7,55.48,31.3,3.4,0.38,557.41,1
CUST-11570,47,Female,Austin,60305.1,10,174.74,78.9,9.9,0.52,1696.82,1
CUST-11571,22,Male,Phoenix,47350.55,8,111.14,84.6,0.5,0.63,908.38,0
CUST-11572,41,Female,Chicago,88737.47,7,177.32,81.5,2.8,0.47,1380.88,0
CUST-11573,21,Female,Chicago,72214.47,9,145.53,69.6,1.1,0.51,1380.52,0
CUST-11574,43,Female,Chicago,80588.21,7,134.06,61.0,4.2,0.42,1087.7,1
CUST-11575,37,Male,Los Angeles,31095.68,14,79.18,67.1,5.5,0.65,1015.58,1
CUST-11576,18,Female,Chicago,61157.15,2,154.28,74.0,0.5,0.58,417.62,0
CUST-11577,51,Male,Houston,44140.61,8,74.95,54.9,9.1,0.53,671.11,1
CUST-11578,29,Male,Houston,106910.0,5,130.45,79.6,0.8,0.42,877.28,1
CUST-11579,28,Female,Miami,56156.88,7,168.86,77.4,3.0,0.55,1146.42,1
CUST-11580,40,Male,Los Angeles,44588.67,7,78.78,52.9,3.2,0.52,614.43,0
CUST-11581,51,Other,San Francisco,116159.89,9,327.65,63.4,6.4,0.24,3115.65,1
CUST-11582,25,Male,Houston,68210.62,5,91.39,52.7,0.9,0.5,566.55,0
CUST-11583,38,Female,Austin,39517.91,9,65.46,68.9,5.2,0.75,647.55,0
CUST-11584,43,Male,Chicago,47788.74,7,69.46,64.0,3.7,0.65,591.79,0
CUST-11585,46,Female,Boston,55083.11,10,86.15,66.5,4.6,0.55,878.13,1
CUST-11586,40,Female,Miami,95076.51,8,179.02,78.9,5.9,0.39,1555.97,1
CUST-11587,33,Female,Phoenix,53974.15,3,111.14,63.6,1.5,0.52,442.39,0
CUST-11588,28,Male,Phoenix,70124.73,11,103.23,59.6,3.5,0.43,1274.17,1
CUST-11589,39,Female,New York,57151.95,7,154.79,74.7,6.3,0.85,1032.57,1
CUST-11590,25,Male,Austin,70453.65,10,163.54,62.4,1.8,0.36,1756.18,1
CUST-11591,18,Male,New York,140334.63,9,333.33,59.9,0.5,0.2,3297.88,0
CUST-11592,43,Male,Houston,42966.17,8,56.47,72.3,7.0,0.64,499.97,1
CUST-11593,48,Female,Los Angeles,65995.34,7,160.47,66.6,0.7,0.45,1241.25,0
CUST-11594,18,Male,Chicago,28771.4,7,66.23,67.4,0.5,0.71,423.66,0
CUST-11595,25,Female,Phoenix,33251.68,5,81.53,81.3,1.2,0.74,414.01,0
CUST-11596,45,Female,Boston,55000.64,3,103.27,64.7,1.7,0.52,394.65,0
CUST-11597,62,Male,Chicago,33468.85,8,90.6,63.0,2.9,0.62,769.05,0
CUST-11598,38,Female,Austin,115415.86,9,228.69,71.0,7.7,0.42,2211.52,1
CUST-11599,29,Male,Phoenix,32068.71,9,44.88,54.7,3.5,0.63,461.34,0
CUST-11600,35,Female,New York,108391.38,6,319.69,54.4,2.0,0.31,2014.81,0
CUST-11601,54,Male,New York,80299.82,10,111.19,97.4,13.9,0.7,1130.42,1
CUST-11602,30,Female,San Francisco,77025.99,7,178.41,74.0,1.1,,1306.64,0
CUST-11603,28,Male,New York,153765.87,6,386.26,93.4,3.1,0.32,2564.52,1
CUST-11604,32,Male,Houston,18000.0,9,44.09,87.1,3.8,0.78,369.07,1
CUST-11605,26,Male,New York,66303.78,6,188.65,58.4,2.7,0.36,1158.66,0
CUST-11606,39,Male,Chicago,33143.44,3,40.49,89.1,3.5,0.49,299.68,1
CUST-11607,57,Male,San Francisco,28445.98,11,56.58,71.3,6.3,0.68,658.71,1
CUST-11608,41,Male,Chicago,31301.59,5,51.84,56.8,5.9,0.68,256.15,0
CUST-11609,34,Male,New York,73771.18,6,85.44,61.7,2.8,0.38,633.08,0
CUST-11610,34,Female,Los Angeles,43351.14,3,100.26,47.6,0.7,0.61,376.34,0
CUST-11611,19,Female,Chicago,89062.79,10,186.43,79.5,0.5,0.45,1894.22,0
CUST-11612,48,Female,New York,65721.52,9,137.2,87.1,7.9,0.48,1260.91,1
CUST-11613,37,Female,Phoenix,41451.13,6,74.18,57.9,3.5,0.54,547.18,1
CUST-11614,35,Female,Phoenix,41543.61,7,83.97,67.4,2.4,0.47,576.66,0
CUST-11615,75,Female,New York,69623.5,10,144.75,70.6,5.2,0.59,1370.08,1
CUST-11616,41,Male,Chicago,46145.32,11,109.13,100.0,6.9,0.73,1097.1,1
CUST-11617,28,Female,Chicago,37166.51,6,97.63,88.1,3.1,0.59,656.28,0
CUST-11618,32,Male,Los Angeles,102166.02,6,164.23,74.5,4.7,0.39,1186.05,0
CUST-11619,51,Female,Houston,37671.5,17,109.64,100.0,10.2,0.82,1649.35,1
CUST-11620,39,Female,Los Angeles,51431.12,8,96.75,82.5,6.5,0.62,741.79,1
CUST-11621,20,Male,Chicago,70508.79,10,166.98,62.1,0.6,0.46,1668.51,0
CUST-11622,49,Female,Miami,60359.72,3,139.42,42.9,1.7,0.34,523.83,0
CUST-11623,29,Male,New York,46788.16,9,86.55,82.5,3.5,0.75,764.99,0
CUST-11624,60,Male,Phoenix,71120.47,6,106.73,43.6,1.9,,741.77,0
CUST-11625,50,Male,Houston,67342.17,16,75.25,79.9,12.6,0.51,1202.94,1
CUST-11626,32,Female,Los Angeles,68101.15,8,113.02,71.1,5.0,0.34,985.49,1
CUST-11627,53,Female,San Francisco,61133.41,10,115.44,81.8,7.7,0.54,1188.26,1
CUST-11628,38,Female,Houston,41996.49,5,51.69,63.3,3.1,0.52,371.26,0
CUST-11629,48,Male,Chicago,51425.61,11,96.48,51.6,6.6,0.42,1097.44,1
CUST-11630,43,Female,San Francisco,40968.4,10,66.44,76.7,7.5,0.62,687.57,1
CUST-11631,27,Female,Miami,50466.88,2,105.5,73.5,2.8,0.57,312.91,0
CUST-11632,30,Male,Austin,93093.64,4,220.89,66.0,0.8,0.42,1075.23,0
CUST-11633,50,Female,Phoenix,75570.79,8,201.09,77.3,10.4,0.58,1640.91,1
CUST-11634,33,Male,Seattle,55978.2,9,147.92,62.2,4.0,0.52,1262.24,1
CUST-11635,33,Male,New York,124510.61,7,179.87,64.7,0.7,0.29,1548.23,0
CUST-11636,26,Male,Houston,133473.6,11,242.76,59.7,1.3,0.2,2917.21,1
CUST-11637,43,Female,Los Angeles,53191.73,5,127.69,70.9,5.4,0.49,679.37,0
CUST-11638,62,Male,New York,103348.49,2,176.73,30.8,3.2,0.37,625.93,0
CUST-11639,25,Male,Houston,18000.0,5,18.59,77.3,0.9,0.7,136.18,0
CUST-11640,38,Male,San Francisco,40432.89,8,53.2,59.3,0.6,0.56,506.61,0
CUST-11641,54,Male,Chicago,59536.85,7,120.93,60.0,13.2,0.6,960.17,1
CUST-11642,37,Male,San Francisco,45848.86,7,44.2,84.0,0.9,0.53,479.63,0
CUST-11643,43,Male,Houston,142672.59,4,221.47,73.3,4.0,0.34,1268.15,1
CUST-11644,25,Female,Chicago,76705.6,5,102.5,52.4,1.0,0.39,742.12,0
CUST-11645,43,Male,Los Angeles,100980.0,19,241.24,69.7,7.5,0.35,4435.29,1
CUST-11646,35,Female,Chicago,56065.56,7,90.09,53.9,5.0,0.48,728.66,1
CUST-11647,49,Female,Los Angeles,37728.0,12,77.5,73.2,10.1,0.67,944.56,1
CUST-11648,52,Male,Phoenix,37617.86,9,16.88,75.1,8.6,0.64,211.99,1
CUST-11649,69,Male,New York,83058.03,5,139.27,70.4,9.1,0.42,868.73,1
CUST-11650,44,Female,New York,53164.54,10,108.7,60.3,4.5,0.63,1049.8,0
CUST-11651,41,Male,San Francisco,106092.67,3,204.93,69.9,6.0,0.37,887.08,1
CUST-11652,40,Male,Houston,73453.97,1,177.9,67.7,1.5,0.32,383.55,0
CUST-11653,33,Male,Chicago,57027.04,7,100.21,74.3,4.3,0.51,818.91,1
CUST-11654,42,Female,New York,29357.02,6,63.83,83.8,1.4,0.66,359.63,0
CUST-11655,34,Female,Chicago,134078.76,8,255.16,57.1,5.6,0.21,2264.58,1
CUST-11656,40,Other,Miami,46275.61,7,60.08,69.3,4.7,0.59,507.32,1
CUST-11657,53,Female,Seattle,250000.0,13,299.42,88.3,7.7,0.0,4656.4,1
CUST-11658,25,Male,San Francisco,105107.62,4,260.57,100.0,1.8,0.46,1222.77,1
CUST-11659,51,Male,New York,65849.5,10,155.05,69.2,10.4,0.36,1564.07,1
CUST-11660,53,Male,San Francisco,94881.42,6,268.18,75.2,7.0,0.41,1677.96,1
CUST-11661,36,Male,Los Angeles,22699.98,8,33.96,70.3,3.4,0.74,305.02,0
CUST-11662,18,Male,Los Angeles,104071.47,8,184.93,45.7,0.5,0.27,1696.04,0
CUST-11663,30,Male,New York,250000.0,5,314.99,59.6,1.1,0.0,2264.78,1
CUST-11664,53,Male,Miami,18107.65,9,42.5,73.1,3.1,0.66,313.45,0
CUST-11665,37,Male,Phoenix,42232.06,8,125.84,45.7,0.5,0.5,1049.45,0
CUST-11666,26,Male,Phoenix,46257.11,2,105.01,86.2,2.8,0.55,360.55,1
CUST-11667,31,Female,San Francisco,117487.42,6,249.16,71.6,4.1,0.37,1684.52,1
CUST-11668,48,Female,Los Angeles,178572.47,10,369.88,59.9,3.0,0.12,4093.22,1
CUST-11669,44,Other,Chicago,68887.58,4,173.19,68.3,0.5,0.44,832.77,0
CUST-11670,35,Male,Phoenix,142277.61,10,290.0,87.3,3.6,0.15,3215.91,1
CUST-11671,33,Male,Phoenix,53095.94,6,123.65,100.0,2.8,0.58,729.7,0
CUST-11672,33,Male,Miami,64499.88,8,147.35,68.4,4.8,0.54,1136.54,1
CUST-11673,26,Male,Los Angeles,73414.72,7,168.76,71.1,1.6,0.5,1220.5,1
CUST-11674,57,Male,Miami,94736.69,10,175.69,79.0,13.0,0.38,1849.72,1
CUST-11675,34,Female,Chicago,46056.75,6,83.59,70.2,1.1,0.65,551.8,0
CUST-11676,52,Other,San Francisco,114189.61,8,262.32,95.5,5.3,0.55,2153.12,1
CUST-11677,56,Male,Chicago,30742.21,11,61.49,76.8,14.0,0.56,757.76,1
CUST-11678,49,Male,Boston,56391.26,4,116.99,47.7,0.6,0.45,555.96,0
CUST-11679,32,Male,New York,53195.7,4,93.09,67.9,2.5,0.55,450.63,0
CUST-11680,42,Male,San Francisco,79257.16,5,151.93,55.0,2.9,0.5,883.33,0
CUST-11681,37,Male,Houston,43943.8,11,93.78,46.0,4.3,0.47,1034.45,0
CUST-11682,27,Male,New York,128820.01,13,218.45,73.1,1.4,0.23,3022.81,1
CUST-11683,41,Male,New York,47134.97,7,127.19,78.7,8.1,0.6,932.66,1
CUST-11684,23,Male,Miami,21656.24,5,55.42,92.9,1.9,0.64,290.51,0
CUST-11685,52,Male,New York,37103.36,9,77.03,67.4,11.6,0.7,702.99,1
CUST-11686,32,Male,New York,120233.22,10,322.45,65.1,2.5,,3203.83,1
CUST-11687,40,Male,Austin,36699.98,6,60.16,76.1,8.7,0.63,435.9,1
CUST-11688,41,Other,San Francisco,92539.83,10,213.65,75.4,6.9,0.47,2199.53,1
CUST-11689,34,Male,Los Angeles,53764.47,7,97.4,59.1,2.6,0.54,755.95,0
CUST-11690,45,Female,Phoenix,73626.59,11,232.49,70.7,1.5,0.56,2380.18,0
CUST-11691,32,Female,Houston,45858.87,6,90.94,72.0,3.9,0.55,596.05,1
CUST-11692,48,Female,Seattle,250000.0,12,388.78,65.4,8.9,0.02,4800.0,1
CUST-11693,21,Female,San Francisco,195933.53,4,391.64,76.6,0.6,0.13,2175.82,0
CUST-11694,39,Female,Seattle,57845.93,9,113.29,66.0,4.8,0.6,1024.51,1
CUST-11695,61,Female,Los Angeles,49696.74,12,50.56,90.2,14.8,0.67,636.85,1
CUST-11696,25,Male,Phoenix,233468.53,11,348.9,74.1,1.3,0.0,4461.02,1
CUST-11697,29,Male,New York,42645.59,2,101.57,58.2,1.7,0.61,370.5,0
CUST-11698,44,Other,New York,71153.36,10,141.67,84.0,9.4,0.48,1457.55,1
CUST-11699,40,Female,San Francisco,76703.05,5,160.22,44.6,1.5,0.29,924.51,0
CUST-11700,42,Female,New York,73052.65,9,154.59,59.0,9.0,0.41,1396.53,1
CUST-11701,43,Female,Houston,21576.3,10,40.2,83.8,7.9,0.78,372.12,1
CUST-11702,45,Female,Seattle,86807.19,6,143.23,68.9,4.5,0.51,1001.2,1
CUST-11703,51,Female,Chicago,35017.92,6,98.11,69.4,1.6,0.59,611.94,0
CUST-11704,42,Female,New York,149956.29,6,230.71,33.0,0.7,0.19,1773.39,0
CUST-11705,35,Female,San Francisco,36625.12,7,84.33,79.7,2.9,0.67,609.96,0
CUST-11706,46,Female,Boston,66973.65,9,162.57,73.0,8.0,0.46,1459.54,1
CUST-11707,60,Female,San Francisco,25044.56,12,44.04,65.2,7.6,0.63,534.0,1
CUST-11708,36,Female,Houston,18000.0,8,18.29,96.1,5.4,0.85,165.32,1
CUST-11709,26,Female,Los Angeles,40949.13,8,110.06,67.6,2.3,0.56,811.6,0
CUST-11710,51,Male,New York,51585.69,10,102.8,68.4,7.8,0.55,1016.4,1
CUST-11711,36,Male,San Francisco,157839.73,6,364.82,73.2,7.0,0.15,2603.01,1
CUST-11712,18,Female,Los Angeles,61051.07,11,112.47,56.0,0.5,0.42,1305.45,1
CUST-11713,48,Female,Seattle,129229.74,10,318.58,84.0,11.0,0.35,3311.49,1
CUST-11714,31,Male,Chicago,47046.74,4,75.43,88.3,1.6,0.54,455.54,0
CUST-11715,36,Male,Houston,69685.62,6,174.8,50.6,5.3,0.38,1193.9,1
CUST-11716,41,Female,San Francisco,52771.92,8,168.27,84.1,5.7,0.62,1271.37,1
CUST-11717,40,Female,Miami,34612.5,14,88.66,79.2,8.2,0.64,1115.1,1
CUST-11718,46,Female,Phoenix,19618.23,3,55.95,59.0,6.0,0.4,198.67,1
CUST-11719,32,Female,Boston,76895.19,8,179.18,71.6,1.9,0.39,1529.42,1
CUST-11720,44,Male,Austin,67938.07,6,178.65,68.9,4.3,0.47,1072.62,0
CUST-11721,34,Male,Boston,95892.02,8,121.69,61.2,1.8,0.48,1050.86,0
CUST-11722,46,Male,Miami,57306.3,6,100.89,68.6,2.9,0.63,655.98,0
CUST-11723,45,Female,San Francisco,208891.49,12,450.0,71.5,5.3,0.0,4800.0,1
CUST-11724,26,Male,San Francisco,82825.07,11,207.79,77.9,2.9,0.56,2184.59,1
CUST-11725,51,Female,New York,120092.55,6,303.86,64.1,2.9,0.33,2036.67,1
CUST-11726,31,Female,Los Angeles,52981.99,5,105.62,47.7,1.9,0.46,543.63,0
CUST-11727,47,Female,New York,46437.82,6,117.45,62.1,10.0,0.45,737.97,1
CUST-11728,42,Female,New York,104710.24,10,211.39,62.0,3.6,0.39,2223.71,1
CUST-11729,60,Male,Chicago,54405.26,9,65.12,80.2,14.5,0.65,658.19,1
CUST-11730,35,Female,New York,110871.39,4,237.04,68.4,2.2,0.27,1240.54,0
CUST-11731,33,Male,Boston,77558.66,7,178.71,58.6,2.9,0.35,1412.32,0
CUST-11732,37,Male,Miami,34620.46,7,69.91,57.4,1.2,0.54,491.2,0
CUST-11733,34,Male,New York,125150.66,8,197.39,84.4,6.4,0.37,1797.85,1
CUST-11734,47,Male,Los Angeles,40302.43,17,73.41,66.0,10.4,0.55,1119.78,1
CUST-11735,18,Female,Miami,70359.27,6,117.07,72.4,0.5,0.42,823.18,0
CUST-11736,25,Female,Miami,97685.88,8,277.77,50.9,0.9,0.39,2292.6,0
CUST-11737,25,Male,Boston,53638.59,8,55.49,67.4,2.7,0.65,510.38,0
CUST-11738,49,Male,Austin,106224.22,8,146.56,82.3,11.6,0.39,1451.55,1
CUST-11739,58,Female,Austin,72701.59,6,135.73,58.9,6.8,0.52,981.64,1
CUST-11740,36,Female,Chicago,87095.64,5,117.2,83.4,5.1,,807.23,1
CUST-11741,35,Male,Los Angeles,41002.33,8,106.27,100.0,6.8,0.58,795.49,1
CUST-11742,38,Female,San Francisco,84425.3,5,180.59,32.1,3.6,0.14,1111.49,0
CUST-11743,51,Female,Los Angeles,30813.9,9,57.61,71.5,1.9,0.62,535.84,0
CUST-11744,26,Female,Miami,121098.19,7,329.28,84.3,2.8,,2360.26,0
CUST-11745,40,Male,Houston,18801.79,5,28.37,70.4,4.5,0.71,166.66,0
CUST-11746,49,Female,Miami,43102.26,13,126.99,85.5,12.2,0.56,1556.22,1
CUST-11747,44,Female,Los Angeles,39101.17,10,20.35,66.5,6.0,0.67,315.92,1
CUST-11748,40,Female,Houston,72117.85,7,85.2,61.5,0.7,0.38,713.14,1
CUST-11749,50,Female,Houston,134683.07,14,196.52,83.9,6.5,0.47,2800.89,1
CUST-11750,18,Female,Boston,90199.49,5,179.3,60.5,0.5,0.47,1067.8,0
CUST-11751,46,Male,Los Angeles,250000.0,3,450.0,49.6,0.8,0.0,2069.78,0
CUST-11752,30,Female,Boston,32641.88,4,57.77,83.1,2.3,0.73,251.78,0
CUST-11753,18,Female,Miami,26852.51,6,52.32,,0.5,0.67,427.85,0
CUST-11754,44,Female,San Francisco,48528.92,9,74.79,75.0,6.9,0.62,717.08,1
CUST-11755,54,Male,Miami,54684.14,13,149.59,,13.8,0.8,1751.35,1
CUST-11756,36,Male,Phoenix,29178.23,9,36.8,65.7,4.7,0.54,373.63,1
CUST-11757,49,Female,Los Angeles,42784.47,6,58.89,86.1,8.8,0.75,415.48,1
CUST-11758,57,Female,New York,99742.42,7,269.1,84.7,6.3,0.27,2010.39,1
CUST-11759,53,Male,Seattle,36444.93,14,108.9,78.2,8.1,,1432.34,1
CUST-11760,57,Female,San Francisco,43039.53,8,80.57,62.4,8.4,0.51,776.07,1
CUST-11761,46,Male,Los Angeles,51046.52,7,118.17,64.1,8.6,0.61,867.87,1
CUST-11762,38,Other,Phoenix,41873.9,8,113.13,70.3,6.9,0.42,974.28,1
CUST-11763,18,Female,Chicago,94258.66,9,164.13,76.7,0.5,0.57,1590.47,0
CUST-11764,35,Male,New York,46619.99,11,85.2,84.2,6.7,0.62,938.75,1
CUST-11765,27,Female,Houston,35902.66,8,107.75,71.7,3.1,0.68,760.0,0
CUST-11766,64,Female,Los Angeles,83332.76,10,143.69,57.6,2.3,0.28,1626.54,1
CUST-11767,35,Male,New York,109185.3,9,338.73,80.9,3.7,0.35,3117.91,1
CUST-11768,39,Female,Chicago,116209.79,14,197.36,72.3,7.6,0.33,2853.59,1
CUST-11769,44,Male,Phoenix,61648.22,11,98.57,55.5,9.8,0.34,1160.55,1
CUST-11770,38,Female,New York,78064.18,2,112.98,94.4,3.4,0.61,466.73,0
CUST-11771,58,Male,Chicago,75834.56,7,164.3,91.7,11.0,,1256.63,1
CUST-11772,30,Male,Los Angeles,54505.43,4,79.21,77.7,2.3,0.64,428.24,0
CUST-11773,40,Male,New York,63749.77,8,81.72,82.3,1.5,0.54,776.12,0
CUST-11774,29,Male,New York,30123.16,10,114.19,82.4,3.9,0.68,1039.3,1
CUST-11775,22,Female,New York,114326.37,6,274.62,64.0,1.5,0.18,1977.04,0
CUST-11776,30,Male,New York,81294.53,6,157.13,90.5,2.7,0.57,1040.78,0
CUST-11777,37,Male,Miami,75904.13,5,101.48,43.1,0.6,0.58,664.63,0
CUST-11778,32,Female,Chicago,18000.0,10,36.03,61.7,4.7,0.52,314.08,1
CUST-11779,29,Female,New York,71435.75,9,118.65,72.4,2.4,0.51,1135.98,1
CUST-11780,21,Female,New York,47675.07,5,119.89,77.7,0.6,0.59,651.78,0
CUST-11781,37,Female,Los Angeles,131984.95,8,314.81,62.4,1.8,0.36,2722.88,1
CUST-11782,19,Female,Miami,69969.53,7,195.92,70.3,0.5,0.38,1382.92,0
CUST-11783,47,Male,Chicago,63953.27,10,154.97,72.9,8.1,0.52,1526.31,1
CUST-11784,38,Male,New York,58931.92,5,133.46,60.9,2.7,0.57,682.2,0
CUST-11785,20,Female,Chicago,69382.8,12,112.72,68.2,0.5,0.47,1423.74,0
CUST-11786,34,Male,Houston,32357.91,10,63.58,,5.9,0.49,608.01,1
CUST-11787,28,Male,New York,69580.66,7,137.98,68.4,3.8,0.55,1050.47,0
CUST-11788,41,Male,Phoenix,36514.25,10,67.52,48.6,1.7,0.66,738.12,0
CUST-11789,54,Male,Chicago,176669.32,9,300.3,69.2,3.7,0.13,3162.48,1
CUST-11790,18,Female,New York,152524.19,9,296.55,83.2,0.5,0.36,2929.41,1
CUST-11791,39,Female,San Francisco,129055.26,5,197.58,43.1,1.7,0.11,1396.16,1
CUST-11792,36,Female,San Francisco,36001.53,7,48.84,54.9,1.6,0.56,406.66,0
CUST-11793,46,Female,Phoenix,75110.68,5,192.69,78.4,4.1,0.44,1041.39,1
CUST-11794,40,Male,Los Angeles,68431.96,5,156.93,76.5,8.4,0.48,960.49,1
CUST-11795,28,Male,Houston,94886.51,6,130.3,95.0,3.9,0.5,995.17,1
CUST-11796,34,Other,Chicago,66835.37,7,150.6,100.0,5.5,0.59,1120.93,1
CUST-11797,28,Male,San Francisco,75592.58,8,162.35,,2.9,0.6,1328.44,1
CUST-11798,50,Male,Phoenix,54804.72,8,90.4,72.0,9.4,0.58,795.09,1
CUST-11799,38,Female,New York,29652.09,10,75.79,60.0,4.0,0.49,658.71,0
CUST-11800,60,Female,Phoenix,33221.01,6,63.69,67.8,8.2,0.59,491.49,1
CUST-11801,37,Male,San Francisco,91412.73,8,199.53,89.6,5.0,0.42,1733.02,1
CUST-11802,29,Female,Chicago,100557.44,4,114.12,63.0,3.4,0.35,719.09,0
CUST-11803,19,Other,Seattle,51425.89,4,121.6,65.5,0.5,0.54,561.91,0
CUST-11804,18,Male,Seattle,66352.73,5,121.4,71.4,0.5,0.49,709.54,0
CUST-11805,18,Female,New York,32846.76,9,64.68,53.4,0.5,0.52,636.76,0
CUST-11806,41,Male,Boston,134857.91,2,325.38,72.2,3.4,0.32,1002.56,0
CUST-11807,44,Female,Chicago,99276.19,9,150.16,65.2,3.2,0.26,1484.89,1
CUST-11808,19,Female,San Francisco,105084.87,11,242.03,62.3,0.5,0.39,2681.23,1
CUST-11809,48,Female,Miami,63076.89,11,196.46,58.2,3.8,0.38,2127.94,1
CUST-11810,32,Male,Houston,111857.52,3,191.62,54.2,1.0,0.31,881.98,0
CUST-11811,39,Male,Chicago,38035.86,8,85.96,83.8,2.1,0.68,689.42,0
CUST-11812,57,Male,Boston,41181.35,10,118.71,73.3,9.8,,1129.74,1
CUST-11813,48,Female,Los Angeles,105928.73,11,204.12,62.0,3.1,0.37,2268.27,1
CUST-11814,34,Male,Los Angeles,102428.33,13,167.03,83.1,4.3,0.38,2265.35,1
CUST-11815,27,Male,Chicago,31320.95,8,87.32,70.7,0.8,0.54,674.43,0
CUST-11816,18,Male,Seattle,51920.22,3,76.94,68.6,0.5,0.45,306.86,0
CUST-11817,29,Male,Boston,151277.04,5,350.34,77.7,3.9,0.34,2056.95,1
CUST-11818,35,Male,Los Angeles,76542.05,7,191.13,59.9,5.3,0.46,1422.83,1
CUST-11819,26,Female,Seattle,100380.61,12,136.84,76.5,2.3,,1786.25,1
CUST-11820,36,Male,Los Angeles,34899.88,6,53.88,53.2,0.7,0.64,323.95,0
CUST-11821,38,Male,Austin,82754.4,3,173.97,78.5,2.3,0.38,680.79,0
CUST-11822,35,Female,Phoenix,23977.44,7,80.1,77.2,5.6,0.62,587.69,0
CUST-11823,30,Female,New York,27178.84,5,45.95,68.1,1.1,0.67,270.15,0
CUST-11824,40,Male,New York,105189.27,12,289.02,80.1,7.2,0.46,3394.61,1
CUST-11825,43,Male,New York,149840.58,6,210.69,64.0,6.1,0.26,1679.38,1
CUST-11826,24,Female,New York,64422.07,6,184.37,71.3,1.9,0.43,1153.71,0
CUST-11827,54,Male,Miami,39160.79,8,57.11,92.2,9.5,0.69,443.9,1
CUST-11828,36,Female,Los Angeles,146559.43,5,407.43,57.7,3.3,0.15,2398.66,0
CUST-11829,38,Male,Austin,54063.71,11,139.77,75.1,2.7,0.65,1451.82,1
CUST-11830,46,Male,Phoenix,47181.4,9,87.27,92.1,7.7,0.76,796.17,1
CUST-11831,40,Male,San Francisco,176919.63,10,346.3,,7.2,0.28,3783.3,1
CUST-11832,49,Female,Los Angeles,52206.88,8,145.19,62.0,1.0,0.55,1177.92,0
CUST-11833,41,Female,Boston,46878.19,8,132.92,65.9,3.8,0.48,1129.55,1
CUST-11834,30,Male,San Francisco,114031.08,2,335.71,88.6,2.0,0.35,1022.83,0
CUST-11835,42,Female,Seattle,47439.74,8,139.77,64.9,5.6,0.63,1076.68,1
CUST-11836,24,Male,Austin,55437.38,6,71.07,68.1,0.7,0.57,511.89,0
CUST-11837,39,Male,New York,37817.43,10,103.0,81.1,7.9,0.6,1010.51,1
CUST-11838,37,Female,New York,80242.06,10,116.52,73.2,4.4,0.52,1263.18,1
CUST-11839,35,Male,Miami,53250.13,14,166.76,62.7,6.3,0.4,2258.81,1
CUST-11840,36,Female,Seattle,109881.05,7,188.44,77.9,6.0,0.36,1641.05,1
CUST-11841,18,Female,Phoenix,74851.97,7,199.72,65.7,0.5,0.49,1485.22,0
CUST-11842,31,Female,Chicago,74947.95,6,167.66,60.2,1.1,0.57,1054.69,0
CUST-11843,39,Female,Phoenix,59383.24,8,113.54,76.2,7.3,0.57,993.9,1
CUST-11844,39,Male,Los Angeles,60062.13,7,141.51,69.3,4.7,0.61,999.47,1
CUST-11845,25,Male,Los Angeles,84502.8,10,207.18,65.8,0.5,0.39,2166.19,1
CUST-11846,53,Male,Houston,29511.66,10,43.76,100.0,13.1,0.69,461.87,1
CUST-11847,27,Male,Los Angeles,19250.24,9,20.51,62.3,2.0,0.57,184.58,0
CUST-11848,49,Female,Houston,92011.2,10,151.21,62.8,4.1,0.5,1502.99,1
CUST-11849,43,Male,Austin,83482.34,9,116.86,69.8,5.4,0.46,1219.34,1
CUST-11850,30,Female,Seattle,63554.33,9,135.61,56.7,4.0,0.42,1309.6,1
CUST-11851,59,Male,Boston,111257.31,5,184.77,41.4,2.1,0.18,1187.15,0
CUST-11852,23,Female,Miami,35701.86,14,59.78,60.5,1.0,0.62,825.69,1
CUST-11853,49,Female,Los Angeles,43783.65,8,105.62,65.5,4.3,0.43,886.87,1
CUST-11854,50,Female,Miami,33746.7,11,75.24,82.3,10.8,0.49,813.83,1
CUST-11855,29,Male,Boston,86347.28,12,194.06,53.9,3.5,0.43,2356.31,1
CUST-11856,54,Female,Boston,29461.59,7,72.6,52.6,6.1,0.58,596.42,1
CUST-11857,34,Male,San Francisco,51688.54,7,96.12,72.1,4.4,0.6,808.04,0
CUST-11858,41,Male,Los Angeles,72014.26,8,178.27,52.2,3.9,0.62,1432.47,0
CUST-11859,41,Male,New York,40055.81,11,118.42,53.3,5.5,0.57,1224.38,1
CUST-11860,36,Female,New York,52572.55,6,152.11,95.2,7.1,0.73,872.76,0
CUST-11861,47,Male,Austin,19722.72,8,20.06,80.1,6.4,0.59,181.77,1
CUST-11862,47,Female,Chicago,77010.23,9,103.89,77.4,11.5,0.54,1027.07,1
CUST-11863,18,Other,Seattle,48012.95,4,106.55,92.6,0.5,0.57,511.2,0
CUST-11864,53,Male,Chicago,32831.69,7,59.33,57.3,2.1,0.59,467.14,0
CUST-11865,18,Male,San Francisco,39694.22,12,51.93,73.9,0.5,0.52,662.07,0
CUST-11866,50,Female,New York,59337.56,10,124.6,63.1,2.5,0.58,1235.45,1
CUST-11867,51,Male,Los Angeles,28273.61,18,37.22,79.3,7.3,0.74,603.94,1
CUST-11868,24,Female,Chicago,150238.6,3,229.44,92.3,1.7,0.25,1057.99,0
CUST-11869,33,Male,Phoenix,18000.0,10,10.36,67.8,5.4,0.66,129.52,1
CUST-11870,24,Female,New York,58383.87,4,131.84,86.3,0.9,0.49,605.1,0
CUST-11871,35,Male,Miami,54293.52,9,137.55,88.1,6.0,0.57,1218.28,1
CUST-11872,34,Male,Chicago,38603.59,7,68.82,76.6,6.0,0.62,538.62,1
CUST-11873,47,Female,Miami,57226.51,11,121.98,67.5,1.5,0.61,1316.0,0
CUST-11874,53,Male,New York,49035.7,13,52.27,86.3,12.5,0.71,718.81,1
CUST-11875,54,Male,San Francisco,163002.28,5,377.84,,4.1,0.17,2295.58,1
CUST-11876,31,Male,Los Angeles,35607.92,5,90.54,68.5,0.9,0.74,458.23,0
CUST-11877,35,Male,Miami,18000.0,7,19.35,91.3,6.5,0.74,166.52,0
CUST-11878,18,Female,Chicago,29718.95,11,30.03,60.7,0.5,0.64,402.91,0
CUST-11879,28,Female,San Francisco,92016.17,4,167.81,63.4,2.7,0.37,917.41,0
CUST-11880,49,Female,Boston,61289.23,11,77.03,59.4,7.1,0.64,936.3,1
CUST-11881,57,Female,New York,106528.84,8,240.23,50.4,3.6,0.33,2070.38,1
CUST-11882,23,Male,New York,93993.12,7,234.84,89.1,1.5,0.43,1736.55,1
CUST-11883,30,Male,Miami,37442.68,4,88.75,55.1,0.7,0.5,442.91,0
CUST-11884,37,Female,Phoenix,38181.17,4,87.53,63.5,1.9,0.62,422.61,0
CUST-11885,41,Female,Los Angeles,51384.79,6,51.83,81.9,8.7,0.57,434.92,1
CUST-11886,28,Male,Houston,132042.58,12,344.01,96.0,3.8,0.39,4060.26,1
CUST-11887,43,Male,New York,103312.72,9,166.44,80.0,5.1,0.27,1663.32,1
CUST-11888,32,Female,New York,188329.44,6,421.06,56.8,1.4,0.0,3089.16,1
CUST-11889,37,Female,Chicago,86610.8,6,132.94,69.8,3.5,0.47,975.7,0
CUST-11890,44,Female,Seattle,65601.37,8,105.68,63.6,9.2,0.49,967.65,1
CUST-11891,38,Male,Chicago,34170.21,8,33.19,75.8,1.0,0.72,265.41,0
CUST-11892,32,Female,Phoenix,53927.69,14,130.24,61.3,1.2,0.57,1735.94,1
CUST-11893,36,Male,Seattle,65690.46,9,145.1,58.3,6.5,,1346.03,1
CUST-11894,36,Male,Los Angeles,59452.82,5,97.18,73.6,3.3,0.54,604.26,0
CUST-11895,33,Female,San Francisco,68317.6,8,146.0,85.6,1.0,0.6,1204.96,0
CUST-11896,34,Male,Seattle,24267.96,7,59.74,56.4,1.3,0.55,441.87,0
CUST-11897,57,Male,Los Angeles,117029.56,13,252.53,79.4,13.3,0.35,3358.48,1
CUST-11898,44,Other,Los Angeles,60750.78,17,132.04,67.7,5.4,0.47,2142.12,1
CUST-11899,34,Female,Austin,29383.35,5,28.01,64.1,1.5,0.6,212.02,0
CUST-11900,46,Female,Austin,75825.62,6,97.67,77.5,10.1,0.43,734.22,1
CUST-11901,33,Male,Los Angeles,40613.01,6,104.06,82.4,5.1,0.64,641.24,1
CUST-11902,52,Male,New York,96874.82,9,256.42,60.3,0.8,0.41,2374.88,1
CUST-11903,42,Female,Los Angeles,96818.19,11,128.81,79.9,5.8,0.39,1532.74,1
CUST-11904,36,Female,Chicago,94713.18,16,190.71,67.2,2.1,0.42,3018.26,1
CUST-11905,43,Female,Chicago,52487.58,8,110.08,79.5,5.6,0.55,930.38,1
CUST-11906,19,Male,Phoenix,39646.21,7,12.08,60.9,0.5,0.53,224.71,0
CUST-11907,24,Male,Boston,47550.73,4,105.34,74.4,1.1,0.59,431.88,0
CUST-11908,23,Other,Los Angeles,43411.68,7,77.9,75.1,1.4,0.55,565.85,1
CUST-11909,39,Female,Seattle,67139.55,8,108.19,95.4,4.8,0.69,923.57,0
CUST-11910,58,Male,New York,65869.65,6,121.32,48.7,6.2,0.24,946.51,0
CUST-11911,64,Male,New York,48409.56,9,119.32,52.9,2.1,0.42,1132.86,1
CUST-11912,45,Male,Houston,29051.18,11,89.19,85.5,10.5,0.65,878.82,1
CUST-11913,44,Male,New York,69267.18,6,108.01,86.5,2.2,0.64,752.75,0
CUST-11914,18,Male,Chicago,45784.06,4,78.76,81.0,0.5,0.63,399.59,0
CUST-11915,31,Male,Boston,36740.61,5,66.52,57.8,0.9,0.51,340.2,0
CUST-11916,28,Female,Los Angeles,94376.51,9,111.9,95.7,2.9,0.5,1140.94,1
CUST-11917,30,Male,San Francisco,183968.28,8,392.17,79.3,0.9,0.2,3457.86,1
CUST-11918,35,Other,Los Angeles,100816.37,5,155.7,91.8,1.9,0.37,1029.74,0
CUST-11919,32,Male,New York,51021.92,6,97.92,86.7,3.8,0.52,763.92,1
CUST-11920,18,Female,Houston,50191.04,5,144.17,72.9,0.5,0.63,741.11,0
CUST-11921,46,Male,Seattle,146291.73,13,282.07,96.2,6.2,0.38,3743.83,1
CUST-11922,25,Female,Chicago,31632.5,5,72.41,42.8,0.8,0.46,399.52,0
CUST-11923,40,Other,Phoenix,72109.21,4,123.3,68.4,2.2,0.39,622.18,0
CUST-11924,62,Female,Boston,31516.92,11,36.63,71.0,11.1,0.69,461.81,1
CUST-11925,26,Female,Miami,119458.64,7,236.47,65.7,0.6,0.24,1957.87,0
CUST-11926,18,Male,New York,58979.63,5,160.59,69.6,0.5,0.45,849.88,0
CUST-11927,34,Female,San Francisco,231189.75,5,450.0,50.8,1.8,0.0,2956.3,1
CUST-11928,51,Female,Houston,122117.45,11,208.61,69.0,0.8,0.32,2498.78,1
CUST-11929,61,Other,San Francisco,71916.21,7,187.66,53.0,1.9,0.45,1403.3,0
CUST-11930,23,Male,Houston,35918.37,3,65.8,81.2,0.9,0.52,302.5,0
CUST-11931,43,Other,New York,80619.22,4,173.89,49.7,1.4,0.36,885.22,0
CUST-11932,32,Male,Houston,47034.06,8,62.2,,4.9,0.41,592.53,1
CUST-11933,36,Male,Houston,42105.06,4,80.23,48.1,0.9,0.46,395.71,0
CUST-11934,69,Male,Houston,22463.57,10,26.56,86.9,13.0,0.73,287.41,1
CUST-11935,19,Male,Seattle,52358.35,3,161.27,,0.5,0.52,623.55,0
CUST-11936,41,Female,Boston,37312.44,7,113.91,56.4,1.4,0.67,835.82,0
CUST-11937,43,Female,Chicago,74952.81,8,113.76,66.1,0.7,0.32,1033.12,1
CUST-11938,51,Female,Chicago,93370.04,9,275.74,52.9,1.1,0.36,2573.33,0
CUST-11939,39,Female,Houston,74536.83,8,96.81,67.2,5.2,0.67,909.51,1
CUST-11940,41,Female,Houston,61077.22,10,118.94,76.5,6.3,0.46,1248.52,1
CUST-11941,33,Female,Austin,38904.17,9,132.3,77.1,3.9,,1153.17,0
CUST-11942,41,Male,Phoenix,54032.44,6,118.9,61.5,5.2,0.45,763.73,0
CUST-11943,33,Female,Los Angeles,92609.27,2,250.0,71.1,1.5,0.44,763.65,0
CUST-11944,45,Female,Houston,38391.41,8,99.31,92.0,9.2,0.53,782.01,1
CUST-11945,33,Female,Phoenix,51747.57,3,107.15,71.4,2.3,0.44,474.77,0
CUST-11946,42,Female,Phoenix,45338.36,8,120.1,75.6,9.5,0.42,1028.54,1
CUST-11947,37,Female,Phoenix,111951.7,7,215.4,70.9,3.2,0.36,1671.24,0
CUST-11948,51,Male,New York,111957.95,10,290.39,,3.8,0.42,2934.85,1
CUST-11949,37,Male,New York,99179.28,11,278.18,70.7,6.8,0.51,2943.44,1
CUST-11950,18,Female,Los Angeles,26407.81,5,51.45,66.0,0.5,0.5,361.89,0
CUST-11951,53,Female,Chicago,62019.79,9,131.69,70.5,10.2,0.49,1229.74,1
CUST-11952,27,Female,New York,67683.51,8,148.19,78.3,1.8,0.56,1259.27,0
CUST-11953,30,Male,Miami,47423.74,8,124.14,79.8,4.3,0.63,1028.79,1
CUST-11954,30,Male,Los Angeles,28511.28,9,52.7,86.5,4.4,0.71,457.12,0
CUST-11955,54,Female,Boston,37738.54,8,64.06,75.0,6.6,0.53,498.11,1
CUST-11956,18,Male,New York,70692.58,9,113.6,75.7,0.5,0.54,1038.69,0
CUST-11957,75,Female,New York,127680.01,9,241.61,72.1,9.9,0.4,2393.06,1
CUST-11958,50,Male,Houston,38309.16,8,86.03,83.5,12.2,0.47,686.08,1
CUST-11959,40,Male,New York,59882.24,9,90.29,65.9,5.7,0.45,901.7,1
CUST-11960,37,Female,Boston,158398.23,9,228.94,68.6,7.3,0.2,2455.33,1
CUST-11961,41,Male,New York,63050.63,7,80.64,57.6,3.5,0.41,726.15,0
CUST-11962,44,Female,Chicago,53337.53,6,70.87,69.2,9.6,0.57,472.41,1
CUST-11963,45,Female,Boston,61371.4,7,109.42,49.0,1.7,0.49,812.1,0
CUST-11964,44,Male,Chicago,29028.62,8,63.39,89.6,4.1,0.82,559.28,1
CUST-11965,39,Female,New York,97343.74,7,207.69,82.3,4.4,0.39,1666.04,1
CUST-11966,35,Female,Los Angeles,44950.8,7,100.65,64.9,4.6,0.43,811.24,1
CUST-11967,36,Male,Houston,50699.5,7,131.38,61.7,2.5,0.65,988.96,1
CUST-11968,35,Male,New York,91335.16,5,137.01,56.6,6.3,0.32,870.46,1
CUST-11969,51,Male,Chicago,150251.97,11,258.83,76.3,12.0,0.15,3171.91,1
CUST-11970,45,Female,Seattle,35040.45,13,45.23,91.4,8.7,0.84,552.23,1
CUST-11971,18,Female,Seattle,104363.43,4,270.93,64.8,0.5,0.46,1290.43,0
CUST-11972,45,Female,New York,112923.54,8,268.27,66.4,1.3,0.29,2329.3,1
CUST-11973,40,Female,New York,53156.58,6,76.92,63.4,4.6,0.3,608.22,0
CUST-11974,37,Female,Los Angeles,84079.15,8,217.0,70.4,5.9,0.52,1783.94,1
CUST-11975,33,Female,Phoenix,110897.05,3,181.68,72.4,1.2,0.21,840.85,0
CUST-11976,51,Female,Chicago,38805.01,9,120.07,79.3,8.6,0.62,1042.45,1
CUST-11977,49,Male,Seattle,76410.73,6,197.26,57.8,6.8,0.49,1194.61,1
CUST-11978,28,Female,San Francisco,92862.29,10,85.96,68.7,3.0,0.35,1085.33,1
CUST-11979,42,Female,New York,95529.85,8,123.57,50.9,4.5,0.36,1213.28,1
CUST-11980,26,Female,Phoenix,71631.15,3,104.42,95.4,2.4,0.6,471.68,0
CUST-11981,21,Female,New York,79479.71,7,111.33,69.5,0.6,0.63,923.3,0
CUST-11982,30,Male,Los Angeles,80537.65,7,159.06,47.7,1.4,0.33,1252.49,0
CUST-11983,48,Female,New York,46368.14,15,121.88,97.9,10.9,0.7,1599.03,1
CUST-11984,49,Male,New York,79388.3,5,135.43,56.6,4.4,0.4,807.94,1
CUST-11985,44,Female,Phoenix,38425.2,15,75.68,83.9,10.3,0.59,1113.52,1
CUST-11986,46,Male,Houston,27827.84,6,19.87,63.8,1.0,0.67,149.67,0
CUST-11987,44,Female,New York,56700.16,5,76.92,71.5,5.4,0.45,529.22,0
CUST-11988,30,Female,Austin,68188.99,6,98.87,80.4,1.9,0.5,724.19,0
CUST-11989,43,Female,Chicago,70734.51,12,191.9,85.0,10.0,0.51,2227.08,1
CUST-11990,47,Male,New York,38788.34,7,49.77,87.3,11.5,0.63,455.3,1
CUST-11991,47,Other,New York,45764.6,8,118.96,56.9,3.1,0.54,1034.98,0
CUST-11992,52,Female,Phoenix,70050.22,3,122.13,43.9,4.0,0.33,608.1,0
CUST-11993,46,Female,Austin,76832.59,9,181.9,73.3,8.5,0.47,1624.79,1
CUST-11994,42,Male,Houston,80198.34,11,185.6,69.7,8.6,0.51,2051.89,1
CUST-11995,50,Female,Boston,128828.43,7,238.0,72.7,8.7,0.33,1895.74,1
CUST-11996,37,Male,Chicago,74438.88,8,164.08,,6.6,0.43,1422.73,1
CUST-11997,27,Female,Chicago,46230.1,5,128.62,54.9,0.7,0.61,653.14,0
CUST-11998,36,Male,Houston,54509.56,12,82.35,77.1,4.8,0.51,961.76,1
CUST-11999,29,Female,San Francisco,173932.19,6,305.84,66.9,3.2,0.14,2324.43,1
CUST-12000,29,Female,Chicago,226616.55,5,327.66,,1.2,0.01,2327.31,1
CUST-12001,36,Male,Seattle,85365.02,5,182.43,56.8,5.7,0.37,1062.15,1
CUST-12002,28,Female,New York,95595.56,8,150.94,60.8,3.8,0.46,1425.83,0
CUST-12003,34,Female,Chicago,81768.25,6,131.16,61.4,5.8,0.32,926.88,1
CUST-12004,18,Male,Houston,52083.48,8,71.07,,0.5,0.51,717.11,1
CUST-12005,40,Female,Phoenix,87252.93,8,224.0,77.1,3.2,0.55,1788.86,1
CUST-12006,38,Male,Los Angeles,103134.02,7,275.02,51.4,4.2,0.32,2108.93,1
CUST-12007,28,Male,Chicago,67912.7,3,147.32,51.3,1.1,0.56,561.4,0
CUST-12008,45,Male,Houston,43901.19,10,94.47,97.4,10.3,0.6,947.73,1
CUST-12009,49,Female,San Francisco,35458.7,7,60.1,74.5,2.4,0.57,465.12,0
CUST-12010,18,Male,Miami,74229.24,5,158.26,90.0,0.5,0.49,935.47,0
CUST-12011,28,Female,San Francisco,84364.45,8,242.99,87.6,1.7,0.44,2029.32,1
CUST-12012,28,Female,Los Angeles,43082.75,16,122.57,65.8,2.5,0.66,1736.3,1
CUST-12013,26,Male,Austin,33872.21,7,79.16,76.5,0.6,0.6,541.28,0
CUST-12014,47,Female,Seattle,94264.5,9,213.16,67.5,2.8,0.45,2018.37,0
CUST-12015,35,Male,Los Angeles,27977.16,13,67.29,81.4,3.3,0.71,788.28,1
CUST-12016,34,Female,New York,84959.1,10,141.59,70.2,4.5,0.48,1523.55,1
CUST-12017,18,Male,Los Angeles,94990.97,5,157.29,87.6,0.5,0.4,1021.58,0
CUST-12018,45,Male,Chicago,74887.08,6,159.47,,0.8,0.42,1001.85,0
CUST-12019,23,Female,Seattle,55702.13,3,149.21,78.8,0.7,0.55,568.43,0
CUST-12020,38,Female,Miami,27557.21,8,59.06,59.1,6.0,0.68,444.85,1
CUST-12021,41,Male,Seattle,90821.67,13,231.94,79.6,7.6,0.42,3013.33,1
CUST-12022,54,Female,Los Angeles,113552.83,4,191.14,46.6,3.8,0.28,1032.83,0
CUST-12023,22,Male,Phoenix,36617.18,9,71.33,56.2,0.8,0.6,670.47,0
CUST-12024,18,Female,Los Angeles,80275.2,6,197.69,55.8,0.5,0.27,1319.16,0
CUST-12025,40,Female,New York,161274.34,5,443.54,58.2,1.7,0.06,2676.93,0
CUST-12026,59,Male,San Francisco,89849.9,13,167.91,61.4,0.6,0.38,2213.26,1
CUST-12027,52,Male,New York,59973.89,8,191.07,85.0,8.2,0.57,1495.14,1
CUST-12028,40,Male,San Francisco,127631.06,10,307.59,78.4,8.0,0.3,3220.61,1
CUST-12029,32,Male,Phoenix,33720.42,6,55.04,81.5,1.3,0.59,413.4,0
CUST-12030,47,Male,Miami,26892.71,13,56.13,69.4,8.8,0.74,625.31,1
CUST-12031,26,Female,New York,109783.46,11,172.06,74.5,2.0,0.4,2075.21,1
CUST-12032,43,Other,Miami,42008.43,9,84.97,89.4,9.4,0.6,837.62,1
CUST-12033,44,Male,Austin,50871.07,8,139.43,80.1,8.4,0.52,1135.24,1
CUST-12034,50,Female,Seattle,49497.29,8,131.44,93.4,11.0,0.64,991.95,1
CUST-12035,71,Female,San Francisco,59877.95,11,82.9,52.5,9.8,0.46,964.76,1
CUST-12036,42,Female,San Francisco,152968.75,8,395.83,69.4,7.9,0.26,3393.62,1
CUST-12037,31,Female,Chicago,130618.95,9,225.63,56.0,2.1,0.18,2344.76,1
CUST-12038,37,Female,San Francisco,186085.51,8,310.38,70.6,2.0,,3024.19,1
CUST-12039,18,Male,San Francisco,130814.1,7,272.58,73.0,0.5,0.27,2216.27,0
CUST-12040,29,Male,Phoenix,61560.46,7,131.23,69.1,3.4,0.55,973.14,0
CUST-12041,33,Male,Miami,25148.76,6,69.43,64.9,1.0,0.7,378.74,0
CUST-12042,31,Male,Chicago,51793.91,8,88.37,67.4,4.6,,724.63,1
CUST-12043,39,Male,New York,215019.03,6,450.0,84.8,3.3,0.06,3289.82,1
CUST-12044,28,Female,Houston,41394.19,4,124.86,61.8,1.5,0.53,555.28,0
CUST-12045,51,Male,Los Angeles,132831.17,10,254.14,79.8,8.4,0.38,2679.48,1
CUST-12046,38,Female,Chicago,58472.28,6,109.65,53.8,4.8,0.38,798.68,1
CUST-12047,37,Male,New York,19168.69,11,56.47,87.8,4.3,0.81,563.77,0
CUST-12048,34,Female,Chicago,78357.18,3,104.78,66.6,2.0,,473.0,0
CUST-12049,39,Female,Miami,96938.7,8,238.68,75.9,8.1,0.47,1938.84,1
CUST-12050,47,Male,Houston,50222.01,10,54.86,92.4,11.0,0.55,712.63,1
CUST-12051,27,Male,New York,135486.88,4,368.66,67.3,0.5,0.25,1827.53,0
CUST-12052,30,Female,Chicago,24707.85,7,63.93,70.7,2.0,0.54,475.66,0
CUST-12053,34,Male,Los Angeles,31162.78,11,23.49,69.0,0.8,0.59,273.03,0
CUST-12054,21,Male,Chicago,63020.94,4,167.66,65.5,1.1,0.53,742.71,0
CUST-12055,28,Male,Chicago,72210.99,10,142.84,71.8,3.6,0.49,1462.49,1
CUST-12056,32,Female,Boston,128105.7,11,234.67,61.2,3.1,0.27,2812.13,1
CUST-12057,48,Female,New York,100666.35,13,203.51,100.0,10.2,0.45,2693.44,1
CUST-12058,41,Female,San Francisco,41758.47,12,61.16,62.3,6.6,0.54,742.38,1
CUST-12059,40,Female,Seattle,75332.46,6,184.36,55.1,4.6,0.5,1224.49,0
CUST-12060,48,Female,Austin,80472.75,7,161.79,56.2,4.7,0.29,1352.79,0
CUST-12061,36,Female,New York,28652.26,8,73.35,82.2,2.3,0.8,575.4,0
CUST-12062,42,Female,Houston,50356.85,8,69.22,64.1,2.9,0.59,588.57,0
CUST-12063,36,Male,New York,61840.47,6,149.51,68.4,4.3,0.53,955.02,0
CUST-12064,41,Male,Houston,37099.55,7,34.64,60.0,2.0,0.64,302.67,1
CUST-12065,31,Female,New York,93853.76,3,140.88,68.1,1.3,0.46,676.67,0
CUST-12066,18,Female,Seattle,38112.7,4,79.74,66.1,0.5,0.52,369.64,0
CUST-12067,36,Male,New York,90088.19,5,168.22,59.3,4.6,0.31,1129.45,1
CUST-12068,55,Male,Houston,68080.92,6,110.06,88.5,14.7,0.54,721.81,1
CUST-12069,49,Female,Houston,88485.0,9,241.23,83.2,11.1,0.48,2157.26,1
CUST-12070,49,Female,Austin,33982.49,9,74.51,65.3,8.9,0.73,657.89,1
CUST-12071,52,Male,Phoenix,22971.79,6,82.35,69.7,10.8,0.63,426.29,1
CUST-12072,39,Female,Los Angeles,71626.02,8,189.41,66.3,3.8,0.6,1507.66,0
CUST-12073,40,Female,Los Angeles,53993.9,14,72.85,66.7,3.0,0.43,1016.14,1
CUST-12074,30,Female,New York,250000.0,7,450.0,44.8,2.1,0.0,3920.05,1
CUST-12075,34,Male,San Francisco,95389.28,7,204.49,56.9,1.0,0.23,1658.54,0
CUST-12076,45,Male,San Francisco,78084.99,8,117.2,49.7,7.0,0.19,1126.96,1
CUST-12077,52,Male,Phoenix,44722.21,6,58.48,72.4,2.8,0.75,392.28,0
CUST-12078,36,Male,New York,39778.17,14,64.68,80.9,5.6,0.71,848.29,1
CUST-12079,32,Female,Miami,68230.54,6,199.15,58.2,1.5,0.48,1325.9,1
CUST-12080,38,Male,Phoenix,46866.9,11,116.09,67.2,2.2,0.71,1152.22,0
CUST-12081,45,Other,Austin,57305.58,9,106.62,71.7,10.4,0.64,985.93,1
CUST-12082,20,Male,Phoenix,51116.42,5,83.85,73.2,0.5,0.69,464.37,0
CUST-12083,18,Male,Los Angeles,69589.45,5,119.69,63.5,0.5,0.52,721.94,0
CUST-12084,31,Female,Chicago,23841.01,4,45.97,,0.8,0.83,126.83,0
CUST-12085,23,Female,New York,111147.8,9,306.74,64.0,0.6,0.26,2917.78,1
CUST-12086,31,Male,San Francisco,49674.65,6,84.17,67.3,3.5,0.48,622.9,1
CUST-12087,36,Female,San Francisco,70788.8,5,170.15,70.0,4.7,0.53,896.61,0
CUST-12088,32,Female,Los Angeles,118505.47,8,265.37,54.8,1.5,0.38,2310.33,0
CUST-12089,55,Female,New York,178051.64,12,297.44,62.9,13.0,0.1,4087.17,1
CUST-12090,41,Female,New York,31252.59,8,94.13,65.3,6.6,0.74,722.3,0
CUST-12091,41,Male,Boston,66002.24,11,202.5,77.3,3.1,0.27,2296.68,1
CUST-12092,45,Female,Los Angeles,71411.81,12,164.95,50.7,3.1,0.49,1958.07,1
CUST-12093,24,Female,Los Angeles,29319.17,4,60.65,61.8,1.9,0.71,304.34,0
CUST-12094,50,Male,Los Angeles,93065.39,15,132.97,77.1,9.5,0.45,2065.46,1
CUST-12095,37,Male,Chicago,60290.0,12,111.11,83.2,1.6,0.62,1250.91,1
CUST-12096,46,Female,San Francisco,83579.37,6,133.24,84.8,4.2,0.45,982.92,0
CUST-12097,25,Male,Seattle,42803.15,9,106.12,67.2,1.0,0.5,982.09,0
CUST-12098,19,Male,New York,89908.51,3,164.82,68.4,0.5,0.53,694.64,0
CUST-12099,47,Other,San Francisco,115333.62,4,322.52,31.8,3.7,0.15,1557.58,0
CUST-12100,42,Male,Los Angeles,66397.25,12,137.57,73.1,9.4,0.72,1574.94,1
CUST-12101,27,Male,Austin,46089.58,7,117.14,79.9,2.8,0.55,827.46,1
CUST-12102,27,Female,Los Angeles,50097.54,10,57.95,73.8,2.9,0.44,659.27,1
CUST-12103,51,Female,New York,81658.6,9,90.19,73.0,4.0,0.39,956.18,1
CUST-12104,23,Male,Houston,52738.73,6,126.82,71.0,0.5,0.52,832.11,0
CUST-12105,57,Female,New York,114980.25,7,335.36,56.8,1.3,0.21,2541.06,0
CUST-12106,27,Female,New York,57525.03,3,103.78,58.8,2.2,0.5,354.25,0
CUST-12107,45,Female,San Francisco,41244.87,6,92.5,69.5,3.4,0.54,618.63,0
CUST-12108,34,Male,San Francisco,90777.37,8,169.08,84.7,1.6,0.59,1374.17,1
CUST-12109,45,Male,Chicago,44802.77,3,119.62,41.3,1.0,0.44,416.72,0
CUST-12110,31,Male,San Francisco,112230.85,5,180.1,69.6,4.6,0.31,1177.73,1
CUST-12111,36,Female,Houston,51661.91,9,135.3,59.8,4.5,0.57,1194.8,1
CUST-12112,38,Female,Phoenix,67646.17,7,84.45,83.1,1.3,0.55,682.55,0
CUST-12113,25,Female,Phoenix,29362.72,5,39.19,73.6,2.3,0.53,255.16,0
CUST-12114,46,Female,San Francisco,81484.28,7,161.72,71.5,8.6,0.41,1321.35,1
CUST-12115,31,Female,New York,51558.53,6,117.77,65.2,1.9,0.44,774.05,0
CUST-12116,35,Male,Los Angeles,33845.97,4,73.49,80.4,1.7,0.72,383.83,0
CUST-12117,26,Female,Chicago,36983.84,6,112.63,71.8,2.7,0.78,664.58,0
CUST-12118,18,Female,Chicago,43327.88,8,70.39,77.9,0.5,0.6,639.37,0
CUST-12119,35,Female,Miami,95899.3,10,194.18,77.2,5.8,0.49,1981.7,1
CUST-12120,66,Male,Chicago,42758.36,5,54.55,76.6,1.1,0.6,379.56,0
CUST-12121,47,Female,New York,38728.63,12,56.36,97.0,6.0,0.71,740.45,1
CUST-12122,37,Male,Los Angeles,66536.15,15,64.09,79.5,1.8,0.63,1000.02,1
CUST-12123,34,Male,Los Angeles,63218.5,6,131.73,61.4,4.5,0.41,904.72,1
CUST-12124,38,Female,San Francisco,59304.81,11,100.44,69.2,8.0,0.46,1131.13,1
CUST-12125,44,Female,Chicago,52479.53,6,151.52,68.6,4.6,0.59,884.36,0
CUST-12126,23,Male,San Francisco,123572.81,6,150.0,69.4,0.7,0.31,1162.83,0
CUST-12127,51,Female,Chicago,79550.16,14,193.29,67.5,4.5,0.48,2632.64,1
CUST-12128,46,Male,Seattle,90695.1,12,221.61,83.6,10.0,0.55,2598.25,1
CUST-12129,46,Male,Austin,32973.87,12,44.31,92.6,8.7,0.64,540.34,1
CUST-12130,43,Male,San Francisco,250000.0,6,450.0,73.8,2.7,0.0,3438.71,1
CUST-12131,38,Female,Seattle,114550.34,9,142.85,73.7,7.7,0.54,1487.91,1
CUST-12132,46,Female,Houston,66650.71,3,81.11,79.4,7.2,0.58,387.95,1
CUST-12133,45,Female,Boston,36321.52,4,53.17,86.3,2.2,0.77,282.61,0
CUST-12134,33,Female,Seattle,108771.93,4,160.45,92.2,3.6,0.62,954.9,0
CUST-12135,31,Male,Austin,46385.67,8,86.17,67.8,2.6,0.62,820.83,0
CUST-12136,39,Male,Phoenix,44245.28,11,130.26,77.6,7.0,0.39,1466.98,1
CUST-12137,56,Female,Miami,22210.43,10,56.02,58.8,5.5,0.71,540.52,0
CUST-12138,23,Male,Houston,27666.16,3,90.55,56.6,1.8,0.49,370.83,0
CUST-12139,20,Female,Los Angeles,77577.69,4,146.37,67.1,0.7,0.52,669.84,0
CUST-12140,39,Female,Los Angeles,103040.69,11,185.95,52.0,5.8,0.24,2213.92,1
CUST-12141,38,Female,Boston,91562.2,9,196.14,53.3,2.4,0.3,1913.95,0
CUST-12142,40,Male,New York,101266.82,9,310.71,74.6,8.6,0.48,2711.05,1
CUST-12143,40,Male,Phoenix,47205.05,6,77.23,78.0,5.1,0.62,524.16,0
CUST-12144,35,Female,Chicago,46417.72,11,98.6,86.5,6.2,0.63,1036.21,1
CUST-12145,55,Male,Chicago,65725.2,9,160.88,69.7,3.6,0.39,1515.77,0
CUST-12146,18,Female,Seattle,102114.27,4,228.23,71.4,0.5,0.38,1142.68,0
CUST-12147,28,Male,Seattle,67885.29,6,169.26,68.8,3.4,0.7,990.26,0
CUST-12148,36,Male,Phoenix,89300.78,5,207.28,80.9,6.9,0.56,1162.06,1
CUST-12149,18,Male,Los Angeles,55950.76,9,61.0,66.6,0.5,0.45,748.1,0
CUST-12150,35,Male,Chicago,34844.5,10,74.41,88.5,3.2,0.71,749.91,1
CUST-12151,57,Female,Chicago,56591.22,7,107.34,,1.9,0.43,814.85,0
CUST-12152,38,Male,Los Angeles,65693.03,7,74.7,64.3,1.5,0.47,616.2,0
CUST-12153,40,Male,New York,70199.02,6,88.47,,2.9,0.44,687.59,1
CUST-12154,22,Male,Houston,97639.22,10,160.04,48.9,1.5,0.34,1736.11,0
CUST-12155,30,Male,Los Angeles,93191.61,11,183.41,51.0,3.4,0.33,2128.02,1
CUST-12156,33,Male,San Francisco,37086.26,6,48.81,63.5,2.2,0.54,384.25,0
CUST-12157,34,Male,Los Angeles,134181.07,11,316.74,98.8,6.1,0.49,3422.44,1
CUST-12158,53,Female,Chicago,18000.0,12,51.83,80.5,10.5,,588.32,1
CUST-12159,44,Female,New York,214403.87,7,450.0,62.0,9.5,0.02,3734.48,1
CUST-12160,24,Female,Austin,51619.64,6,58.96,77.0,2.3,0.61,420.23,0
CUST-12161,40,Female,Houston,46813.31,8,63.46,82.7,6.7,0.45,594.49,0
CUST-12162,43,Male,New York,70975.96,11,64.11,65.5,2.8,0.58,821.96,1
CUST-12163,51,Female,Houston,62399.31,11,75.35,75.0,13.2,0.57,919.7,1
CUST-12164,56,Female,Seattle,67711.54,9,179.21,47.3,5.2,0.37,1671.92,1
CUST-12165,25,Male,Miami,48146.76,9,110.58,66.7,2.0,0.55,1048.86,1
CUST-12166,28,Female,San Francisco,145937.16,8,270.53,80.5,3.5,0.38,2404.17,1
CUST-12167,22,Male,New York,97042.34,9,114.8,71.1,0.7,0.45,1264.88,0
CUST-12168,35,Male,Phoenix,30189.14,8,62.75,81.4,4.3,0.73,455.14,1
CUST-12169,43,Female,Miami,74536.46,8,186.06,69.7,4.1,0.5,1527.32,1
CUST-12170,49,Male,Houston,66887.02,8,186.82,60.6,3.4,0.47,1538.4,1
CUST-12171,37,Male,Boston,49497.86,7,134.75,75.4,0.6,0.56,923.44,0
CUST-12172,34,Male,Los Angeles,92580.25,15,128.48,74.6,5.6,0.44,1983.3,1
CUST-12173,39,Male,Los Angeles,57582.6,4,147.54,55.7,1.6,0.39,697.31,0
CUST-12174,27,Male,Seattle,60615.55,4,97.58,45.8,3.2,0.41,516.82,0
CUST-12175,63,Female,Phoenix,43052.82,11,125.14,63.6,9.2,0.63,1316.87,1
CUST-12176,18,Female,New York,21721.23,4,59.65,68.5,0.5,0.63,278.34,0
CUST-12177,40,Female,Los Angeles,47878.04,8,101.09,59.1,7.4,0.5,865.52,1
CUST-12178,62,Male,Seattle,96734.96,10,212.45,70.8,7.9,0.59,2085.86,1
CUST-12179,38,Other,New York,72323.11,4,144.65,87.3,3.2,0.57,728.59,0
CUST-12180,35,Female,New York,38465.28,6,43.91,54.4,1.4,0.65,290.83,0
CUST-12181,33,Male,Los Angeles,100919.41,10,147.61,66.3,3.6,0.48,1598.47,1
CUST-12182,35,Female,Boston,55995.21,7,100.09,81.0,4.0,0.57,789.78,1
CUST-12183,54,Female,Boston,35296.31,6,91.5,69.6,4.6,0.61,556.41,0
CUST-12184,18,Female,Houston,155082.57,7,291.24,55.8,0.5,0.2,2390.33,0
CUST-12185,56,Male,Houston,30397.64,9,75.13,70.0,6.9,0.68,625.77,1
CUST-12186,20,Male,Los Angeles,96713.44,6,188.94,77.8,0.7,0.42,1286.87,0
CUST-12187,34,Female,Los Angeles,42408.53,10,98.87,59.2,3.8,0.42,1038.75,1
CUST-12188,32,Female,Miami,55084.31,6,84.87,75.8,5.3,0.58,543.62,0
CUST-12189,45,Female,New York,46584.08,11,126.6,58.0,5.8,,1343.97,1
CUST-12190,18,Female,Houston,27696.31,8,79.04,65.9,0.5,0.69,600.27,0
CUST-12191,43,Female,Phoenix,63306.34,6,117.77,56.0,5.4,0.54,784.42,0
CUST-12192,62,Male,New York,89567.68,9,251.28,57.4,8.6,0.45,2288.03,1
CUST-12193,21,Female,Houston,91220.18,14,107.03,86.5,0.8,0.71,1468.72,1
CUST-12194,40,Male,Houston,50590.33,5,89.45,64.9,3.8,0.54,548.72,0
CUST-12195,30,Female,San Francisco,230187.19,11,450.0,,4.5,0.14,4800.0,1
CUST-12196,43,Female,Los Angeles,71248.94,8,120.46,58.0,2.6,0.47,1037.49,0
CUST-12197,38,Male,Los Angeles,82714.42,5,200.54,67.9,1.4,0.37,1152.03,1
CUST-12198,30,Female,Houston,26094.82,11,61.64,83.9,4.1,0.67,660.43,1
CUST-12199,43,Male,Austin,43838.51,7,71.49,76.8,6.0,0.6,564.92,1
CUST-12200,59,Male,Los Angeles,80789.46,9,232.49,55.0,4.6,0.42,2103.18,1
CUST-12201,35,Male,Austin,57136.38,8,87.81,76.2,3.2,0.56,765.79,0
CUST-12202,46,Male,San Francisco,83309.16,10,137.8,50.6,6.1,0.34,1482.42,1
CUST-12203,22,Male,Miami,34216.38,4,84.46,69.4,1.2,0.75,360.32,0
CUST-12204,26,Male,New York,77736.34,8,144.05,80.6,2.7,0.5,1228.33,1
CUST-12205,43,Female,Los Angeles,66107.33,7,95.83,64.6,4.2,,730.11,0
CUST-12206,55,Female,New York,40533.62,9,146.5,54.0,10.2,0.55,1180.89,1
CUST-12207,42,Female,Chicago,78438.1,11,134.5,75.6,8.1,0.5,1494.47,1
CUST-12208,34,Male,Austin,25470.54,13,42.27,84.7,5.5,0.71,557.34,1
CUST-12209,37,Female,New York,80195.58,6,181.59,44.5,2.3,0.21,1300.2,1
CUST-12210,22,Female,Houston,124430.56,5,139.46,69.8,0.9,0.2,1076.74,0
CUST-12211,45,Male,New York,102783.47,10,223.65,73.4,6.6,0.54,2244.98,1
CUST-12212,48,Female,San Francisco,106257.63,6,279.89,84.7,10.7,0.29,1899.88,1
CUST-12213,32,Male,New York,46694.95,8,117.8,61.9,4.5,0.51,959.72,0
CUST-12214,32,Female,New York,177129.36,14,237.47,91.2,3.5,0.17,3633.15,1
CUST-12215,41,Male,Los Angeles,124010.43,11,167.19,83.1,9.1,0.42,2039.36,1
CUST-12216,32,Male,Miami,33755.94,7,68.76,74.8,2.7,0.48,479.92,0
CUST-12217,37,Female,New York,57683.3,9,119.19,80.9,6.5,0.72,1022.39,1
CUST-12218,63,Male,Los Angeles,116668.28,12,267.02,71.1,12.4,0.45,3245.68,1
CUST-12219,35,Male,New York,179544.48,10,288.76,93.2,6.2,0.4,3087.87,1
CUST-12220,33,Female,Austin,31665.0,8,35.97,42.2,5.9,0.61,269.88,0
CUST-12221,30,Female,Phoenix,29518.84,8,48.92,71.1,2.6,0.49,467.81,0
CUST-12222,46,Female,San Francisco,70585.42,7,114.41,74.5,2.6,0.42,859.2,1
CUST-12223,35,Male,Phoenix,18000.0,5,36.69,71.6,3.4,0.57,111.79,1
CUST-12224,30,Male,New York,73837.88,5,129.91,79.5,4.2,0.3,772.51,1
CUST-12225,53,Female,Phoenix,88213.14,9,143.67,76.5,11.8,0.49,1402.22,1
CUST-12226,55,Male,New York,35624.4,10,33.22,67.2,5.3,0.65,401.37,1
CUST-12227,30,Male,Chicago,60617.79,8,122.7,67.3,0.7,0.59,1036.09,0
CUST-12228,18,Female,Houston,38477.21,8,79.92,60.7,0.5,0.37,720.13,0
CUST-12229,50,Male,Houston,116853.9,4,244.77,87.9,6.3,0.37,1221.27,1
CUST-12230,29,Male,New York,55006.61,8,74.28,86.1,0.8,0.58,715.39,0
CUST-12231,47,Male,New York,156310.73,11,285.08,80.3,9.3,0.21,3471.91,1
CUST-12232,18,Male,Miami,38176.64,10,52.53,63.1,0.5,0.49,549.94,0
CUST-12233,48,Male,San Francisco,111531.25,9,226.94,76.0,7.9,0.42,2159.51,1
CUST-12234,23,Male,New York,82956.98,5,135.17,73.1,0.7,0.42,923.11,0
CUST-12235,46,Male,New York,68252.43,9,127.49,82.4,9.7,0.5,1219.95,1
CUST-12236,38,Female,Boston,43785.47,4,92.6,82.0,6.0,0.57,535.33,1
CUST-12237,26,Female,Miami,60491.27,5,100.03,72.2,1.5,0.69,512.57,0
CUST-12238,33,Male,Austin,47812.51,4,42.53,72.6,4.0,0.51,270.1,0
CUST-12239,46,Female,Los Angeles,44129.28,9,112.33,45.1,2.5,0.45,1001.72,1
CUST-12240,39,Male,Houston,107480.86,5,289.3,100.0,8.3,0.38,1586.59,1
CUST-12241,45,Male,Los Angeles,81922.34,12,221.64,67.7,8.7,0.57,2486.75,1
CUST-12242,61,Male,Phoenix,67269.28,9,149.49,78.0,11.9,0.56,1368.59,1
CUST-12243,19,Female,New York,60132.48,10,102.63,55.2,0.5,0.62,1027.94,0
CUST-12244,57,Female,New York,66643.67,7,111.16,57.3,0.8,0.58,868.35,0
CUST-12245,39,Female,New York,64590.09,6,84.4,95.1,5.1,0.74,579.28,0
CUST-12246,27,Male,San Francisco,89777.68,1,160.95,67.7,0.9,0.45,394.5,0
CUST-12247,22,Male,Houston,156070.926,6,130.35,57.1,1.4,0.31,845.9,0
CUST-12248,35,Female,Phoenix,48026.77,11,84.8,79.0,3.1,0.52,986.18,1
CUST-12249,49,Male,Seattle,45561.62,4,98.05,81.3,4.5,0.55,532.52,0
CUST-12250,36,Female,San Francisco,110941.41,3,206.94,55.7,1.0,0.3,905.9,0
CUST-12251,56,Female,Chicago,57843.25,8,120.3,100.0,14.9,0.61,998.91,1
CUST-12252,20,Female,Austin,28995.39,9,46.35,74.7,0.8,0.69,394.84,0
CUST-12253,37,Female,Chicago,19558.06,7,50.27,80.0,1.4,0.79,274.1,0
CUST-12254,22,Female,New York,84885.04,6,145.28,64.8,0.9,0.43,1023.13,0
CUST-12255,42,Female,Austin,39362.67,11,90.22,88.5,4.1,0.67,894.72,1
CUST-12256,48,Female,New York,90729.3,11,197.15,72.6,3.9,0.42,2263.64,0
CUST-12257,32,Male,Houston,34922.88,9,35.83,83.8,5.3,0.76,399.69,0
CUST-12258,18,Female,Los Angeles,66593.01,9,99.51,60.3,0.5,0.5,1017.42,0
CUST-12259,40,Male,Houston,42595.59,13,75.21,77.3,8.4,,903.87,1
CUST-12260,43,Male,Houston,123582.86,13,336.23,89.0,8.8,0.35,4346.98,1
CUST-12261,42,Male,Los Angeles,100199.63,6,169.1,81.7,7.4,0.5,1235.21,1
CUST-12262,52,Male,Houston,100947.43,9,241.59,84.6,9.6,0.52,2169.83,1
CUST-12263,25,Female,San Francisco,76764.39,4,198.83,93.3,2.5,0.51,906.08,0
CUST-12264,46,Female,Los Angeles,93989.88,6,166.44,62.6,7.8,0.42,1209.23,1
CUST-12265,52,Male,Chicago,59552.6,9,125.85,63.4,3.0,0.54,1147.11,1
CUST-12266,18,Male,Los Angeles,129904.86,5,320.43,62.5,0.5,0.29,1841.49,1
CUST-12267,41,Female,Miami,49633.72,10,135.91,65.4,5.0,0.58,1321.88,0
CUST-12268,31,Female,San Francisco,37711.77,9,130.41,84.5,5.1,0.62,1146.52,1
CUST-12269,37,Female,Seattle,24930.14,7,21.28,41.1,4.1,0.48,221.08,0
CUST-12270,42,Male,New York,168427.41,7,279.97,38.2,0.8,0.12,2428.13,0
CUST-12271,32,Female,New York,92907.24,5,268.35,66.8,1.8,0.36,1515.3,1
CUST-12272,29,Male,New York,96012.44,5,138.98,78.5,4.1,0.39,952.25,1
CUST-12273,38,Male,New York,154033.98,4,230.9,63.9,7.7,0.13,1391.25,1
CUST-12274,24,Male,Houston,22535.32,6,47.34,62.4,1.9,0.7,248.9,0
CUST-12275,24,Male,Austin,49811.92,6,118.21,63.6,0.6,0.61,753.55,0
CUST-12276,46,Male,Los Angeles,55366.34,6,73.33,74.6,0.8,0.65,516.21,0
CUST-12277,24,Other,Austin,86374.5,5,208.39,74.2,1.4,0.43,1186.56,1
CUST-12278,45,Male,New York,51729.55,12,110.88,82.0,10.8,0.51,1374.05,1
CUST-12279,43,Male,Boston,35654.64,16,75.9,74.6,8.8,0.58,1182.24,1
CUST-12280,18,Male,New York,39931.88,8,60.36,76.4,0.5,0.56,477.06,0
CUST-12281,29,Male,Boston,115500.55,6,219.38,59.2,2.9,0.23,1553.38,0
CUST-12282,52,Female,New York,50455.07,10,135.41,82.7,11.8,0.58,1291.89,1
CUST-12283,26,Male,Boston,49331.24,4,82.27,69.3,1.4,0.52,453.27,0
CUST-12284,32,Female,Los Angeles,85563.24,6,89.71,61.5,0.6,0.37,762.16,0
CUST-12285,43,Male,Los Angeles,43927.21,12,67.38,85.1,9.2,0.68,844.5,1
CUST-12286,47,Female,Houston,21943.64,11,32.39,55.9,2.9,0.51,404.81,0
CUST-12287,34,Female,Chicago,25795.09,3,78.11,88.0,4.8,0.7,235.78,0
CUST-12288,30,Female,San Francisco,73722.88,9,157.34,88.3,3.3,0.47,1455.77,1
CUST-12289,55,Female,Austin,76418.06,5,143.36,87.1,2.8,0.52,876.02,1
CUST-12290,58,Female,Phoenix,44069.22,7,118.23,79.4,3.3,0.57,868.5,1
CUST-12291,49,Male,San Francisco,94060.51,3,179.46,72.3,4.4,0.4,821.11,0
CUST-12292,39,Female,New York,32652.8,14,73.78,79.4,6.5,0.68,1048.11,1
CUST-12293,28,Female,Phoenix,22516.14,4,22.73,81.8,0.6,0.73,148.47,0
CUST-12294,28,Female,Chicago,175563.86,8,293.89,74.8,1.9,0.03,2883.23,1
CUST-12295,44,Male,Seattle,125434.09,6,271.27,50.7,7.1,0.25,1958.31,1
CUST-12296,43,Male,Chicago,83556.31,6,189.26,66.6,2.1,0.31,1294.28,1
CUST-12297,54,Female,San Francisco,54535.65,2,155.45,52.0,2.2,0.63,431.72,0
CUST-12298,45,Male,Los Angeles,55312.76,8,96.91,53.2,4.5,0.27,842.79,0
CUST-12299,19,Male,Los Angeles,62250.59,5,129.05,82.2,0.5,0.56,762.88,0
CUST-12300,50,Male,Chicago,109750.32,9,211.64,60.8,8.5,0.22,2125.91,1
CUST-12301,26,Female,Los Angeles,76202.79,10,126.04,69.2,3.1,0.46,1352.77,1
CUST-12302,33,Other,Los Angeles,81041.68,4,182.39,70.8,0.5,0.37,903.38,0
CUST-12303,41,Female,New York,67257.05,9,153.45,77.3,8.4,0.6,1301.32,1
CUST-12304,61,Male,Seattle,100657.21,8,229.77,53.3,6.8,0.32,1994.41,1
CUST-12305,75,Male,New York,85073.08,11,106.49,63.5,10.1,0.26,1338.83,1
CUST-12306,45,Male,Seattle,69227.6,8,176.17,80.5,9.3,0.54,1356.6,1
CUST-12307,35,Female,New York,50441.15,8,93.2,50.4,4.1,0.51,796.93,0
CUST-12308,44,Female,New York,69100.6,6,96.73,50.2,1.5,0.46,685.18,0
CUST-12309,48,Male,Houston,29999.63,5,36.96,60.4,2.1,0.51,233.75,0
CUST-12310,34,Female,Houston,50444.91,6,112.64,71.1,5.2,0.59,686.51,0
CUST-12311,59,Female,Houston,53807.19,6,135.39,55.9,3.8,0.48,902.88,0
CUST-12312,40,Male,Houston,18000.0,11,46.79,67.7,5.2,0.64,443.94,1
CUST-12313,43,Male,Los Angeles,55525.2,6,123.48,89.6,4.6,0.63,788.16,0
CUST-12314,45,Other,San Francisco,42130.71,10,41.39,70.3,3.6,0.51,520.57,0
CUST-12315,43,Male,Houston,66040.69,12,211.48,68.8,8.0,0.42,2442.83,1
CUST-12316,48,Female,Los Angeles,85677.18,9,170.59,78.4,8.9,0.49,1585.72,1
CUST-12317,30,Male,Miami,41586.75,5,91.61,69.2,3.3,0.61,486.04,0
CUST-12318,31,Female,San Francisco,99805.97,4,165.25,63.4,2.3,0.31,863.0,0
CUST-12319,24,Female,Chicago,76444.76,8,195.61,66.0,0.9,0.47,1588.9,1
CUST-12320,43,Female,Seattle,60372.3,12,143.95,75.5,5.4,0.68,1659.28,1
CUST-12321,47,Female,Boston,140009.43,7,256.8,73.8,9.6,0.51,2022.18,1
CUST-12322,43,Female,Houston,35816.69,12,81.53,62.9,6.0,0.56,903.69,1
CUST-12323,58,Female,Los Angeles,130020.16,10,153.01,77.2,14.6,0.32,1827.97,1
CUST-12324,37,Male,Boston,58088.43,9,171.66,47.0,0.6,0.42,1552.69,0
CUST-12325,46,Male,New York,47975.29,12,93.51,84.1,11.2,0.59,1095.05,1
CUST-12326,24,Female,New York,61348.77,6,120.2,68.8,1.8,0.68,826.49,1
CUST-12327,33,Female,Los Angeles,35956.58,6,93.8,78.7,5.1,0.54,609.1,1
CUST-12328,46,Male,San Francisco,112280.02,3,299.1,57.7,4.1,0.24,1167.66,1
CUST-12329,48,Male,Boston,29171.2,9,31.86,70.4,6.3,0.56,301.96,1
CUST-12330,34,Female,Phoenix,97679.18,9,107.97,91.1,5.2,0.55,1105.26,1
CUST-12331,37,Male,Austin,37323.43,8,56.55,78.2,5.9,0.69,466.76,1
CUST-12332,19,Female,New York,111127.26,7,215.54,54.3,0.5,0.31,1628.64,0
CUST-12333,33,Female,New York,74029.39,10,167.1,64.2,2.3,0.47,1693.2,1
CUST-12334,48,Female,Phoenix,55828.91,12,145.3,75.7,8.1,0.56,1666.69,1
CUST-12335,44,Male,Austin,44368.65,11,82.27,80.4,9.7,0.61,972.94,1
CUST-12336,44,Male,Houston,61396.66,8,133.56,59.7,4.8,0.31,1206.57,1
CUST-12337,38,Male,New York,78244.34,7,148.94,66.3,3.1,0.47,1108.11,0
CUST-12338,38,Male,Los Angeles,30055.66,13,87.73,79.8,7.2,0.7,1070.92,1
CUST-12339,30,Female,Los Angeles,38503.79,8,80.24,77.6,3.4,0.59,720.74,0
CUST-12340,46,Female,Los Angeles,47539.01,7,90.12,92.9,4.7,0.72,631.97,1
CUST-12341,43,Male,New York,50141.6,8,82.79,67.6,1.0,0.45,744.59,0
CUST-12342,43,Male,Boston,121628.55,12,130.3,80.7,7.4,0.31,1811.66,1
CUST-12343,31,Male,Houston,51648.36,15,43.93,61.5,2.2,0.56,748.69,1
CUST-12344,18,Other,San Francisco,51386.8,10,96.81,79.2,0.5,0.55,1032.92,1
CUST-12345,51,Male,New York,57223.49,8,162.61,66.6,8.3,0.63,1255.16,1
CUST-12346,32,Female,New York,56833.04,7,77.42,64.5,2.1,0.59,662.97,1
CUST-12347,27,Female,Phoenix,42218.54,8,110.41,83.0,1.5,0.71,793.45,0
CUST-12348,46,Female,Seattle,39556.24,13,58.19,53.0,5.6,0.58,771.04,1
CUST-12349,33,Female,Houston,34260.25,6,75.14,70.1,4.4,0.66,488.84,0
CUST-12350,50,Male,Seattle,99354.25,8,213.46,55.3,3.9,0.17,1974.39,1
CUST-12351,45,Female,Miami,56465.11,10,108.94,62.2,1.3,0.47,1111.01,0
CUST-12352,46,Male,New York,67774.13,9,134.19,59.1,5.0,0.4,1285.94,1
CUST-12353,21,Female,Los Angeles,62384.58,9,129.17,61.6,0.5,0.31,1282.54,0
CUST-12354,52,Male,Phoenix,47660.54,12,81.86,82.3,9.6,0.54,992.12,1
CUST-12355,41,Female,Chicago,51237.38,10,122.95,88.5,8.8,0.58,1208.54,1
CUST-12356,33,Male,Los Angeles,80685.52,6,152.46,81.3,4.1,0.54,1017.64,1
CUST-12357,39,Female,Chicago,70995.39,5,117.32,74.2,2.7,0.54,743.56,1
CUST-12358,18,Male,Chicago,25923.59,11,61.29,55.5,0.5,0.56,689.41,0
CUST-12359,42,Female,Boston,60872.72,5,111.06,71.5,2.6,0.59,643.06,0
CUST-12360,25,Male,New York,34447.61,7,79.26,66.3,1.0,0.59,587.16,0
CUST-12361,21,Male,Los Angeles,85609.41,4,197.05,76.9,0.7,0.39,1027.84,0
CUST-12362,19,Female,Houston,75549.25,4,180.66,52.3,0.5,0.39,813.72,0
CUST-12363,51,Female,San Francisco,55886.76,10,89.9,73.7,11.9,,994.27,1
CUST-12364,30,Male,Phoenix,45993.71,16,131.41,65.1,4.3,0.66,1828.86,1
CUST-12365,56,Female,Boston,22620.26,7,58.18,100.0,9.4,0.8,415.85,1
CUST-12366,31,Female,Miami,83708.99,3,127.93,70.8,0.8,0.51,612.73,0
CUST-12367,18,Female,Houston,73390.04,4,94.61,61.5,0.5,0.42,506.05,0
CUST-12368,24,Male,Los Angeles,110724.96,6,235.02,62.7,0.6,0.37,1633.91,0
CUST-12369,52,Male,Chicago,119618.43,8,319.72,45.7,1.9,0.21,2746.11,0
CUST-12370,36,Female,San Francisco,41126.9,11,78.97,60.3,2.7,0.57,942.14,0
CUST-12371,31,Male,Seattle,105573.81,7,199.83,69.9,2.5,0.39,1554.26,0
CUST-12372,39,Female,Austin,124861.75,9,191.9,62.4,3.3,0.17,2076.45,1
CUST-12373,44,Male,Phoenix,23094.52,9,65.75,65.1,2.1,0.63,557.27,0
CUST-12374,51,Male,Houston,47244.95,6,105.3,58.6,1.9,0.48,694.9,0
CUST-12375,55,Female,New York,60986.24,11,59.34,79.3,12.8,0.59,746.22,1
CUST-12376,33,Female,New York,112177.25,5,234.65,44.1,2.5,0.34,1440.68,0
CUST-12377,22,Female,New York,22095.61,11,59.63,63.7,0.7,0.75,562.42,0
CUST-12378,33,Male,New York,181331.74,6,386.09,60.6,3.2,0.27,2674.16,1
CUST-12379,41,Male,Chicago,53772.72,5,99.97,58.5,0.8,0.46,624.35,0
CUST-12380,26,Male,Los Angeles,98499.74,10,229.38,86.5,2.1,0.53,2292.7,1
CUST-12381,26,Female,Phoenix,47312.08,3,76.18,75.8,1.2,0.74,319.69,0
CUST-12382,42,Female,Houston,65825.94,11,157.51,66.2,5.9,0.6,1663.6,1
CUST-12383,37,Female,Phoenix,18000.0,11,59.61,66.3,4.9,,620.35,1
CUST-12384,38,Male,Chicago,46927.02,5,49.12,75.9,6.6,0.6,367.32,0
CUST-12385,28,Female,Los Angeles,95191.18,10,112.77,60.6,1.3,0.37,1278.85,0
CUST-12386,35,Male,Austin,68849.37,5,183.26,82.8,3.4,0.57,1035.14,1
CUST-12387,26,Female,New York,32263.25,4,57.46,84.1,3.1,0.81,322.62,0
CUST-12388,48,Male,Boston,67039.28,9,107.39,65.8,8.9,0.57,1063.83,1
CUST-12389,50,Female,Los Angeles,41373.29,13,63.33,100.0,12.5,0.66,843.69,1
CUST-12390,18,Male,Houston,32728.35,9,54.36,78.6,0.5,0.71,497.73,0
CUST-12391,26,Male,New York,34192.36,4,83.77,67.3,2.1,0.65,397.1,0
CUST-12392,20,Male,New York,99653.65,8,195.75,76.0,0.6,0.54,1607.09,0
CUST-12393,30,Male,Chicago,99240.09,8,218.29,68.0,3.8,0.44,1828.11,1
CUST-12394,36,Male,San Francisco,218937.99,9,450.0,68.3,5.2,0.0,4708.99,1
CUST-12395,20,Male,Los Angeles,29814.13,3,83.76,58.1,0.7,0.68,244.04,0
CUST-12396,26,Male,Houston,75538.13,7,170.54,93.3,2.4,0.76,1139.51,0
CUST-12397,25,Female,Los Angeles,94499.29,9,188.01,55.2,1.9,0.33,1838.27,0
CUST-12398,40,Male,Chicago,42554.37,10,94.23,63.7,4.8,0.48,1053.08,1
CUST-12399,38,Female,Boston,41090.51,3,88.81,73.7,3.6,0.61,302.36,0
CUST-12400,29,Male,Seattle,39350.83,6,111.98,45.1,0.7,0.56,740.59,0
CUST-12401,40,Female,Houston,39538.5,10,123.0,62.6,7.7,0.51,1165.89,1
CUST-12402,31,Female,Los Angeles,68945.58,6,116.04,68.7,4.6,0.54,789.44,1
CUST-12403,34,Male,New York,144373.73,8,318.1,49.4,4.0,0.14,2905.66,1
CUST-12404,58,Female,Austin,103567.55,7,148.72,67.8,4.4,0.22,1344.6,1
CUST-12405,54,Male,Los Angeles,27779.5,10,40.29,75.7,0.9,0.62,460.7,0
CUST-12406,22,Female,Miami,34692.72,10,26.96,100.0,0.5,0.73,335.95,0
CUST-12407,47,Female,Chicago,108946.3,5,182.52,70.3,1.3,0.52,1137.36,0
CUST-12408,47,Male,Austin,41347.36,4,38.52,73.0,4.5,0.53,179.11,0
CUST-12409,24,Male,Chicago,55289.21,4,115.82,88.8,0.9,0.58,623.21,0
CUST-12410,47,Male,Los Angeles,26558.83,9,69.07,65.0,3.4,0.62,647.56,0
CUST-12411,56,Male,Phoenix,86782.15,14,162.51,100.0,10.6,0.6,2182.63,1
CUST-12412,24,Female,Austin,22901.01,5,32.74,81.2,2.3,0.69,252.12,0
CUST-12413,26,Male,Austin,26210.23,7,43.92,72.9,1.1,0.75,287.99,0
CUST-12414,50,Male,San Francisco,128268.47,6,166.82,72.1,6.2,0.2,1304.0,1
CUST-12415,41,Male,San Francisco,198095.21,8,447.22,78.6,9.1,0.3,3891.79,1
CUST-12416,44,Male,Houston,44506.97,12,117.16,88.7,9.7,0.66,1338.5,1
CUST-12417,42,Male,San Francisco,74090.37,9,166.83,,3.7,0.47,1552.75,1
CUST-12418,42,Female,Seattle,106647.4,9,294.04,61.7,3.4,0.26,2715.11,1
CUST-12419,22,Male,Houston,59482.09,4,129.69,64.7,0.8,0.41,676.19,0
CUST-12420,50,Female,Phoenix,40458.43,4,106.37,58.1,2.4,0.51,442.68,0
CUST-12421,52,Male,Houston,40375.56,6,60.02,,6.5,0.61,429.9,1
CUST-12422,35,Male,Houston,23512.98,7,22.04,74.1,2.6,0.71,213.5,0
CUST-12423,37,Female,Boston,73042.19,10,151.71,,5.8,0.43,1586.78,1
CUST-12424,19,Male,Los Angeles,59504.28,7,38.9,81.1,0.5,0.55,421.62,0
CUST-12425,44,Male,Los Angeles,50053.06,7,91.36,78.3,7.8,0.66,699.45,1
CUST-12426,44,Female,Chicago,34471.31,8,19.67,100.0,3.4,0.64,283.8,1
CUST-12427,37,Female,Los Angeles,39715.49,8,47.71,58.3,4.7,0.6,462.74,1
CUST-12428,51,Male,Houston,70115.22,9,193.6,88.5,8.6,0.69,1684.37,1
CUST-12429,33,Female,Boston,101028.04,10,264.79,74.5,4.2,0.4,2716.55,0
CUST-12430,44,Female,Phoenix,41401.87,9,73.54,72.5,2.2,0.55,678.29,0
CUST-12431,25,Male,Seattle,54551.68,2,106.42,58.0,1.2,0.51,333.44,0
CUST-12432,37,Male,New York,47728.34,5,129.6,57.3,2.2,0.49,706.51,0
CUST-12433,35,Male,Boston,103852.99,11,199.04,67.9,4.1,0.3,2358.12,1
CUST-12434,40,Male,Phoenix,49520.27,7,128.96,47.2,1.1,0.54,928.4,0
CUST-12435,33,Female,New York,87908.79,7,164.62,70.6,3.4,0.3,1322.42,0
CUST-12436,36,Female,Phoenix,58330.16,6,49.75,60.0,1.1,0.44,486.01,0
CUST-12437,47,Female,Austin,51095.89,10,82.98,,4.2,0.43,949.98,1
CUST-12438,32,Male,New York,40840.3,4,96.92,75.7,4.0,0.47,460.48,0
CUST-12439,18,Male,Phoenix,29630.9,8,37.7,69.1,0.5,0.52,299.62,1
CUST-12440,58,Female,Boston,114263.71,9,174.92,49.3,4.6,0.36,1718.05,1
CUST-12441,54,Male,New York,50881.89,10,101.4,74.8,9.1,0.58,1029.18,1
CUST-12442,22,Female,Phoenix,39713.97,6,73.53,76.8,1.3,0.73,514.98,0
CUST-12443,46,Female,Chicago,32260.37,8,55.66,88.2,3.2,0.71,410.17,0
CUST-12444,31,Female,Los Angeles,33918.93,3,76.89,61.7,1.9,0.6,241.88,0
CUST-12445,41,Male,Phoenix,33191.76,11,87.0,68.0,6.1,0.5,935.05,1
CUST-12446,41,Male,New York,170128.31,8,338.85,95.8,8.9,0.2,3095.42,1
CUST-12447,35,Female,San Francisco,105397.16,5,130.58,71.9,1.8,0.5,926.27,1
CUST-12448,28,Female,New York,56202.14,7,56.22,59.1,2.8,0.54,508.07,0
CUST-12449,29,Female,Los Angeles,107065.96,9,282.85,69.3,4.0,0.46,2581.5,1
CUST-12450,27,Male,Houston,47693.83,6,97.8,66.8,1.9,0.58,611.98,0
CUST-12451,28,Female,Chicago,111967.08,5,222.65,71.6,1.6,0.34,1358.66,0
CUST-12452,37,Female,Los Angeles,188269.01,7,450.0,74.4,5.2,0.19,3586.85,1
CUST-12453,29,Male,Seattle,113235.43,7,146.7,76.4,0.6,0.46,1239.4,0
CUST-12454,46,Female,Boston,68158.9,4,161.08,83.9,4.4,0.47,759.78,1
CUST-12455,55,Female,Seattle,96066.74,9,207.27,56.8,4.2,0.42,1963.87,1
CUST-12456,31,Male,Houston,51856.85,7,110.85,43.6,1.6,0.45,832.28,0
CUST-12457,40,Male,Seattle,27041.94,4,32.15,67.1,2.0,0.64,251.99,0
CUST-12458,43,Female,Boston,46864.18,14,136.03,93.2,7.5,0.77,1688.01,1
CUST-12459,43,Male,Chicago,35347.9,9,83.11,74.6,9.6,0.66,773.82,1
CUST-12460,38,Female,Los Angeles,44416.51,9,70.07,71.6,3.4,0.53,648.61,0
CUST-12461,46,Male,New York,179322.35,4,450.0,38.5,1.0,0.02,2371.08,0
CUST-12462,43,Male,Chicago,99694.42,7,189.62,79.1,7.3,0.51,1496.77,1
CUST-12463,23,Other,Boston,81045.33,6,161.64,73.7,1.3,0.48,1095.76,0
CUST-12464,48,Female,Houston,77255.87,5,201.31,75.5,8.8,0.51,1188.42,1
CUST-12465,48,Male,San Francisco,29449.01,10,58.88,100.0,8.0,0.81,577.62,1
CUST-12466,28,Female,New York,105260.81,8,270.64,65.3,3.7,0.41,2284.22,1
CUST-12467,38,Male,New York,116998.54,7,288.48,50.7,1.6,0.53,2130.31,0
CUST-12468,46,Male,Chicago,18562.83,5,53.11,75.9,2.3,0.66,288.16,0
CUST-12469,35,Male,Austin,87371.86,8,251.17,59.4,2.7,0.36,2133.72,0
CUST-12470,50,Male,Chicago,27910.36,8,72.91,92.1,6.5,0.81,583.42,1
CUST-12471,66,Female,Seattle,25289.41,11,27.74,80.3,13.9,0.77,326.41,1
CUST-12472,28,Female,New York,141954.76,7,331.06,74.5,3.7,0.22,2592.57,1
CUST-12473,21,Other,Phoenix,29469.61,1,46.94,65.5,1.1,0.65,125.09,0
CUST-12474,41,Female,Phoenix,34086.82,11,46.95,52.0,2.4,0.49,541.04,0
CUST-12475,46,Male,Seattle,111073.32,9,166.99,69.1,8.3,0.46,1639.66,1
CUST-12476,35,Female,New York,62785.88,14,102.28,59.6,2.9,0.52,1464.5,1
CUST-12477,55,Other,New York,66837.66,14,87.03,91.1,13.8,0.55,1193.67,1
CUST-12478,21,Female,Los Angeles,56315.13,5,74.41,69.7,0.7,0.45,476.02,0
CUST-12479,46,Female,Boston,77351.94,5,131.31,63.8,2.0,0.33,836.06,0
CUST-12480,30,Female,New York,65312.41,8,110.07,58.0,4.1,0.47,960.33,0
CUST-12481,58,Male,New York,77432.95,10,161.74,66.7,10.9,0.55,1644.97,1
CUST-12482,61,Female,Houston,40011.72,10,45.68,88.2,12.4,0.59,492.13,1
CUST-12483,28,Female,Houston,61366.32,12,159.76,60.7,1.1,0.58,1869.25,1
CUST-12484,31,Female,Seattle,79226.42,4,159.32,85.6,4.7,0.59,779.51,1
CUST-12485,48,Male,Boston,167923.61,11,285.04,76.5,8.3,0.27,3459.99,1
CUST-12486,33,Female,Houston,42534.94,8,89.2,,4.1,0.45,759.35,1
CUST-12487,37,Female,Boston,59292.54,5,173.81,60.1,4.6,0.52,936.66,1
CUST-12488,38,Male,San Francisco,85466.9,3,174.79,95.4,6.2,0.49,649.18,1
CUST-12489,18,Female,Los Angeles,100909.54,3,163.24,79.1,0.5,0.47,756.37,0
CUST-12490,37,Male,Boston,37666.6,1,131.1,49.4,1.4,0.57,198.38,0
CUST-12491,29,Male,San Francisco,79878.38,14,189.47,79.7,2.6,0.5,2559.92,1
CUST-12492,32,Male,Chicago,18000.0,8,31.44,71.2,4.3,0.85,317.7,0
CUST-12493,55,Female,San Francisco,66217.91,6,193.29,74.1,2.7,0.55,1140.79,0
CUST-12494,22,Male,Chicago,97261.03,8,261.2,69.2,0.7,0.51,2130.94,1
CUST-12495,47,Female,New York,50870.24,6,76.23,66.8,8.2,0.52,623.11,1
CUST-12496,34,Male,San Francisco,82858.62,9,226.47,74.8,2.1,0.48,2041.03,1
CUST-12497,34,Male,Miami,39507.82,4,61.22,45.8,1.5,0.39,333.31,0
CUST-12498,47,Male,San Francisco,49353.85,11,95.25,87.6,10.4,0.71,1035.45,1
CUST-12499,42,Male,Los Angeles,101265.89,4,268.56,58.0,2.0,0.31,1298.59,0
CUST-12500,44,Female,Austin,35336.82,4,102.89,63.6,3.9,0.46,407.75,0
CUST-12501,49,Female,New York,84675.98,10,171.66,54.7,5.6,0.37,1861.7,1
CUST-12502,34,Male,Los Angeles,72688.45,5,152.24,70.8,3.3,0.5,949.44,0
CUST-12503,30,Male,Los Angeles,40695.07,8,115.1,64.7,2.1,0.65,918.0,0
CUST-12504,24,Female,New York,79058.8,3,131.13,74.1,2.2,0.45,588.48,0
CUST-12505,28,Male,Chicago,35643.29,10,72.99,65.1,2.8,0.68,722.01,0
CUST-12506,73,Female,Phoenix,63293.34,9,113.62,49.8,5.7,0.44,1090.88,0
CUST-12507,52,Female,Seattle,35089.97,7,90.44,88.5,5.2,0.7,682.51,1
CUST-12508,21,Male,Austin,50287.28,7,133.54,,0.9,0.52,996.79,0
CUST-12509,22,Male,Miami,45357.05,7,60.1,66.9,0.5,0.6,506.27,0
CUST-12510,43,Female,Chicago,99237.16,14,200.96,90.0,9.3,0.53,2746.66,1
CUST-12511,44,Male,San Francisco,81348.18,9,123.05,,2.7,0.4,1278.27,1
CUST-12512,44,Male,Seattle,109168.77,10,288.23,95.6,7.4,0.45,2884.5,1
CUST-12513,34,Male,Chicago,75066.95,7,144.71,80.6,5.1,0.48,1124.84,1
CUST-12514,36,Female,Miami,67701.13,7,177.87,87.0,6.0,0.36,1320.68,1
CUST-12515,41,Female,Houston,43596.85,7,78.65,60.5,1.9,0.66,525.91,0
CUST-12516,39,Male,Chicago,94773.31,8,103.01,79.6,4.7,0.44,1047.53,1
CUST-12517,18,Female,Houston,43071.7,12,90.45,61.7,0.5,0.53,1070.97,1
CUST-12518,35,Male,San Francisco,31938.25,9,70.98,90.4,5.6,0.67,628.23,1
CUST-12519,27,Female,San Francisco,68123.58,5,170.51,74.5,2.0,0.52,920.99,1
CUST-12520,40,Male,Los Angeles,78158.97,6,122.77,52.6,1.8,0.53,872.09,0
CUST-12521,73,Female,Houston,23049.37,10,54.41,53.9,10.9,0.62,563.19,1
CUST-12522,42,Female,Boston,41763.18,5,76.95,61.0,3.5,0.55,454.84,0
CUST-12523,34,Male,Austin,32209.48,4,38.22,62.7,1.2,0.48,206.14,0
CUST-12524,49,Male,Los Angeles,92329.64,6,210.31,81.2,6.0,0.32,1410.62,1
CUST-12525,43,Male,New York,168811.15,10,296.08,65.6,2.7,0.09,3412.59,1
CUST-12526,43,Male,San Francisco,68297.11,14,146.14,55.4,9.5,0.52,1978.44,1
CUST-12527,45,Male,Chicago,74202.67,7,120.62,75.5,4.2,0.57,990.86,1
CUST-12528,62,Female,New York,94170.69,10,153.97,92.2,8.8,0.55,1575.18,1
CUST-12529,24,Female,Los Angeles,135490.99,6,370.25,85.2,2.3,0.34,2482.61,1
CUST-12530,43,Male,Miami,37139.27,6,63.44,61.5,4.2,0.62,427.24,0
CUST-12531,26,Female,Miami,46109.17,5,92.21,59.1,1.5,0.54,537.92,0
CUST-12532,44,Female,Houston,43404.67,4,94.01,70.5,2.1,0.7,444.94,0
CUST-12533,26,Female,Chicago,59069.72,10,130.2,81.4,3.0,0.66,1311.74,0
CUST-12534,32,Male,Houston,180027.54,5,305.55,74.1,4.6,0.06,2116.45,1
CUST-12535,34,Male,Los Angeles,63270.06,8,142.45,46.6,1.8,0.46,1194.91,0
CUST-12536,49,Male,Houston,33568.77,9,57.35,65.4,4.5,0.48,491.96,0
CUST-12537,49,Male,New York,41062.72,12,81.54,85.4,11.4,0.79,910.19,1
CUST-12538,23,Female,Chicago,106416.15,5,254.27,58.5,1.3,0.26,1528.56,0
CUST-12539,38,Female,Los Angeles,40543.66,6,70.54,87.1,4.7,0.76,439.67,0
CUST-12540,29,Male,San Francisco,105690.02,9,147.92,69.1,3.0,0.38,1522.7,0
CUST-12541,22,Male,Phoenix,34710.37,3,54.77,65.9,1.3,0.52,300.52,0
CUST-12542,35,Female,Chicago,30195.37,9,41.43,95.6,6.4,,342.42,1
CUST-12543,34,Female,New York,98983.1,6,119.73,68.3,5.2,0.53,885.2,1
CUST-12544,67,Female,Los Angeles,45450.97,12,139.26,72.9,14.1,0.61,1589.13,1
CUST-12545,43,Male,Phoenix,60315.98,8,89.5,73.2,8.3,0.56,861.45,1
CUST-12546,21,Female,New York,93877.5,7,200.25,75.6,0.5,0.25,1646.49,0
CUST-12547,31,Female,New York,96108.9,12,151.33,63.0,1.1,0.52,1842.2,1
CUST-12548,50,Female,Phoenix,42640.73,10,79.26,60.1,11.4,0.5,785.2,1
CUST-12549,63,Male,San Francisco,106890.91,2,123.86,62.0,0.9,,530.96,0
CUST-12550,18,Male,Los Angeles,39280.71,10,94.53,88.3,0.5,0.56,957.97,0
CUST-12551,18,Male,Houston,18000.0,7,28.98,63.4,0.5,0.69,190.0,0
CUST-12552,60,Female,Boston,92574.37,9,209.75,78.5,6.5,0.46,1978.54,1
CUST-12553,42,Female,Boston,70623.4,9,106.7,88.2,3.7,,1061.84,1
CUST-12554,27,Other,Los Angeles,45923.07,9,89.26,51.4,1.1,0.48,879.03,0
CUST-12555,44,Female,Miami,24664.75,8,50.46,47.7,1.0,0.61,407.59,0
CUST-12556,18,Male,Phoenix,18000.0,11,28.82,74.5,0.5,0.57,330.55,0
CUST-12557,38,Male,Austin,61155.91,3,94.65,56.1,1.1,0.48,432.1,0
CUST-12558,41,Male,Chicago,129726.43,12,206.21,83.3,8.7,0.34,2605.78,1
CUST-12559,49,Male,Miami,48022.65,7,101.63,61.0,4.0,0.65,748.57,1
CUST-12560,25,Female,Miami,42960.61,3,62.07,77.3,2.3,0.6,249.46,1
CUST-12561,39,Female,Houston,50844.27,9,92.79,61.0,1.0,0.5,888.47,1
CUST-12562,26,Male,Miami,153017.76,6,375.28,83.3,1.9,0.26,2532.64,0
CUST-12563,41,Female,Los Angeles,90736.42,6,111.45,92.5,3.5,0.53,803.57,0
CUST-12564,27,Female,New York,45858.55,4,76.91,64.5,0.6,0.42,371.15,0
CUST-12565,33,Male,Chicago,57690.17,10,91.81,98.9,4.1,0.64,974.62,1
CUST-12566,26,Male,Boston,76767.76,7,112.87,92.8,3.0,0.55,870.52,1
CUST-12567,45,Male,Houston,30349.56,5,68.46,65.6,0.6,0.51,406.18,0
CUST-12568,48,Male,Phoenix,71268.36,8,112.6,71.3,3.6,0.59,963.13,1
CUST-12569,35,Female,Phoenix,32394.21,9,83.87,76.2,4.9,0.73,704.31,0
CUST-12570,38,Male,New York,34359.43,8,77.73,58.6,7.0,0.46,672.62,1
CUST-12571,20,Male,Chicago,59092.36,7,169.77,71.6,0.6,0.63,1230.48,0
CUST-12572,34,Other,San Francisco,72794.4,5,152.05,74.2,0.9,0.51,860.51,0
CUST-12573,37,Female,Austin,59563.56,4,84.07,57.0,0.6,0.47,507.3,0
CUST-12574,69,Male,New York,49900.3,9,58.44,40.3,3.6,0.42,639.31,0
CUST-12575,24,Female,Chicago,41615.74,5,71.14,77.4,0.6,0.67,400.89,0
CUST-12576,55,Male,New York,128582.75,9,324.89,88.9,5.6,0.34,3046.15,1
CUST-12577,49,Male,Los Angeles,77676.24,9,94.95,80.0,5.7,0.45,1051.53,1
CUST-12578,41,Female,Chicago,35256.92,6,58.34,70.4,4.7,0.74,363.31,0
CUST-12579,59,Male,Houston,19406.4,10,61.44,59.3,2.6,0.65,561.49,0
CUST-12580,42,Female,Los Angeles,39440.71,5,74.92,66.6,4.7,0.64,391.31,0
CUST-12581,42,Male,Los Angeles,67400.75,12,145.13,68.2,0.6,0.65,1616.02,1
CUST-12582,37,Male,Miami,37524.18,8,92.38,80.0,2.2,,692.24,0
CUST-12583,52,Female,Austin,41793.04,10,60.42,74.2,5.3,0.64,690.94,1
CUST-12584,51,Male,Los Angeles,46405.89,5,133.31,59.2,2.0,0.58,736.02,0
CUST-12585,30,Female,San Francisco,73139.11,9,112.57,82.2,4.0,0.47,1172.66,1
CUST-12586,22,Female,Los Angeles,92233.24,7,187.59,68.9,0.7,0.39,1426.93,0
CUST-12587,35,Female,Boston,64998.01,11,75.58,88.2,5.3,0.57,914.04,1
CUST-12588,28,Female,San Francisco,78232.52,9,159.32,54.3,2.2,0.52,1498.41,0
CUST-12589,37,Male,Miami,45994.47,7,69.92,78.5,3.9,0.73,519.98,0
CUST-12590,52,Female,New York,56978.32,11,141.02,68.0,9.0,0.59,1468.65,1
CUST-12591,32,Female,Phoenix,76249.03,9,146.37,74.5,0.7,0.54,1384.88,0
CUST-12592,37,Female,Houston,74600.89,6,110.48,74.0,1.1,0.44,878.61,0
CUST-12593,38,Female,Los Angeles,173234.58,9,332.68,75.6,3.0,0.13,3357.04,1
CUST-12594,48,Female,Los Angeles,84545.41,14,203.18,83.9,5.3,0.34,2811.72,1
CUST-12595,18,Male,Phoenix,38003.45,7,132.32,83.6,0.5,0.72,829.0,0
CUST-12596,30,Female,San Francisco,48249.78,6,48.13,70.2,3.4,0.55,441.81,0
CUST-12597,40,Male,New York,117780.41,6,159.24,70.0,0.5,0.22,1217.06,0
CUST-12598,52,Male,Houston,34242.17,13,81.99,67.3,13.1,0.64,994.65,1
CUST-12599,32,Female,New York,109641.69,5,256.6,65.2,1.4,0.46,1423.73,0
CUST-12600,18,Male,New York,50018.47,6,97.8,60.1,0.5,0.56,692.9,0
CUST-12601,45,Male,Phoenix,58059.21,8,155.52,72.7,9.8,0.59,1268.02,1
CUST-12602,30,Male,Los Angeles,36676.31,6,72.91,56.5,0.5,0.59,474.11,0
CUST-12603,23,Female,Chicago,84013.51,7,118.65,77.5,2.0,0.6,950.43,0
CUST-12604,30,Male,Los Angeles,33621.67,5,45.08,69.8,0.7,0.66,277.39,0
CUST-12605,35,Female,Phoenix,55888.74,10,65.6,60.0,1.3,0.61,754.19,0
CUST-12606,30,Male,Chicago,51527.46,9,105.96,,1.5,,1014.71,0
CUST-12607,18,Male,Austin,62706.06,5,142.97,77.1,0.5,0.34,814.57,0
CUST-12608,48,Male,Los Angeles,51116.37,6,88.3,57.9,6.5,0.54,699.49,1
CUST-12609,53,Female,San Francisco,61503.06,9,160.5,54.3,1.9,0.46,1481.08,1
CUST-12610,45,Male,Los Angeles,67315.95,3,147.51,46.8,1.3,0.54,651.31,0
CUST-12611,24,Female,Houston,31183.29,9,56.58,70.5,0.6,0.62,535.95,0
CUST-12612,35,Female,Houston,31091.68,4,86.82,43.3,2.1,0.46,400.53,0
CUST-12613,37,Female,Los Angeles,52077.44,5,75.48,87.9,7.0,0.82,424.37,1
CUST-12614,45,Female,Chicago,46632.6,14,117.01,65.9,4.5,0.58,1494.3,1
CUST-12615,46,Male,Los Angeles,37686.74,8,90.09,86.2,8.7,0.73,677.08,1
CUST-12616,29,Female,New York,116100.55,9,291.96,55.4,1.2,0.21,2858.39,1
CUST-12617,38,Female,Los Angeles,52708.14,8,89.53,76.7,1.0,0.63,757.86,0
CUST-12618,43,Female,San Francisco,67720.29,8,96.73,69.2,5.8,0.49,924.85,1
CUST-12619,55,Female,Miami,26501.13,10,49.72,60.9,12.3,0.52,490.14,1
CUST-12620,46,Female,Los Angeles,175532.57,11,450.0,57.5,10.1,0.13,4800.0,1
CUST-12621,47,Other,Chicago,191438.88,11,388.6,92.4,6.6,0.21,4609.01,1
CUST-12622,39,Male,New York,49508.78,5,86.57,72.6,2.8,0.57,477.37,0
CUST-12623,54,Female,Los Angeles,115013.54,6,214.2,69.1,2.0,0.3,1536.17,0
CUST-12624,42,Female,Miami,49158.25,5,101.38,73.4,6.6,0.61,582.81,1
CUST-12625,27,Female,Phoenix,108719.26,10,226.83,72.8,1.4,0.43,2285.48,1
CUST-12626,54,Male,Los Angeles,73708.87,8,211.39,97.0,12.2,0.56,1703.64,1
CUST-12627,46,Female,Los Angeles,65489.36,12,186.64,75.6,7.0,0.63,2096.8,1
CUST-12628,32,Female,Miami,18000.0,10,20.81,85.7,4.9,0.71,253.12,1
CUST-12629,32,Male,Los Angeles,40153.26,7,51.75,60.5,3.4,0.48,435.47,0
CUST-12630,41,Female,Los Angeles,62945.36,8,162.43,96.4,7.2,0.68,1282.9,1
CUST-12631,43,Male,San Francisco,83767.92,6,175.29,85.7,3.3,0.5,1190.59,0
CUST-12632,40,Other,Houston,28037.27,12,40.15,60.0,4.7,0.66,491.75,1
CUST-12633,41,Male,Chicago,39513.77,7,88.74,49.3,0.7,0.26,659.36,0
CUST-12634,58,Male,Boston,85737.46,11,225.02,97.7,9.3,0.51,2401.42,1
CUST-12635,50,Male,Los Angeles,31199.48,8,123.61,78.1,7.1,0.6,993.33,1
CUST-12636,40,Female,San Francisco,81091.8,8,181.24,77.6,6.8,0.55,1508.85,1
CUST-12637,49,Male,New York,135819.4,11,169.29,62.5,9.2,0.21,2208.39,1
CUST-12638,25,Female,Phoenix,59122.94,4,82.24,67.2,1.9,0.39,470.09,0
CUST-12639,42,Female,Seattle,80088.45,2,142.01,72.4,1.0,0.37,486.67,0
CUST-12640,59,Female,Chicago,20717.09,10,33.9,71.2,13.6,0.54,316.42,1
CUST-12641,35,Male,San Francisco,50287.7,3,71.48,,0.6,0.58,298.04,0
CUST-12642,27,Other,Miami,143746.65,7,358.66,73.5,3.0,0.27,2779.11,1
CUST-12643,30,Female,New York,54204.74,6,117.18,,2.6,0.49,813.34,1
CUST-12644,24,Male,San Francisco,142730.05,11,304.11,86.5,2.1,0.27,3523.98,1
CUST-12645,28,Male,Boston,47901.45,8,102.8,59.5,2.1,0.35,861.45,1
CUST-12646,33,Male,Houston,44792.52,1,91.32,71.7,4.1,0.65,220.54,0
CUST-12647,21,Female,New York,94645.92,7,209.68,69.6,0.8,0.44,1565.59,0
CUST-12648,38,Male,New York,76914.61,6,106.61,78.7,6.1,0.57,770.05,1
CUST-12649,48,Male,Los Angeles,75396.65,8,133.11,82.2,3.4,0.5,1114.19,1
CUST-12650,27,Female,New York,48577.2,6,92.28,62.2,2.7,0.58,594.61,0
CUST-12651,56,Female,Houston,29160.54,7,34.96,70.1,3.3,0.65,362.22,0
CUST-12652,44,Female,New York,46965.51,9,61.1,84.9,7.6,0.76,617.17,1
CUST-12653,50,Female,Los Angeles,47743.72,7,93.63,76.1,4.1,0.62,693.56,1
CUST-12654,30,Male,Chicago,50723.75,10,74.93,70.3,1.7,0.53,784.91,0
CUST-12655,48,Female,Chicago,95552.19,6,240.59,70.3,9.8,0.37,1638.14,1
CUST-12656,24,Male,Houston,53764.97,4,108.14,81.8,2.0,0.62,477.27,0
CUST-12657,48,Female,San Francisco,96642.2,13,199.08,73.5,8.5,0.37,2704.03,1
CUST-12658,40,Female,New York,78504.02,8,164.83,94.4,8.2,0.46,1428.13,1
CUST-12659,44,Male,New York,41872.62,6,89.31,50.7,2.0,0.44,611.21,0
CUST-12660,23,Female,New York,73772.36,6,144.05,88.7,0.9,0.52,934.66,0
CUST-12661,27,Male,Chicago,60729.28,11,71.04,84.0,1.4,0.67,839.85,0
CUST-12662,45,Male,New York,106944.6,5,239.99,61.3,3.6,0.26,1460.15,0
CUST-12663,26,Female,San Francisco,44452.58,7,121.92,61.6,1.4,0.53,899.2,1
CUST-12664,43,Female,Los Angeles,22461.47,8,50.09,71.9,7.1,0.65,418.37,0
CUST-12665,21,Female,Boston,71001.3,4,91.64,69.5,0.7,0.47,496.93,0
CUST-12666,48,Female,Houston,61428.66,3,80.68,68.9,3.8,0.67,390.34,0
CUST-12667,23,Female,Chicago,52005.14,6,71.38,75.8,1.4,0.61,466.89,0
CUST-12668,44,Male,Miami,52193.7,3,116.97,65.2,2.4,0.37,454.91,1
CUST-12669,45,Male,San Francisco,117695.78,6,245.45,58.8,4.3,0.16,1761.06,1
CUST-12670,29,Male,Phoenix,38763.59,9,75.76,64.6,0.7,0.62,679.35,0
CUST-12671,44,Male,Boston,56556.82,8,126.35,80.5,9.9,0.47,1034.3,1
CUST-12672,41,Female,Chicago,59178.19,12,132.65,97.7,3.3,0.69,1483.31,1
CUST-12673,31,Male,Miami,27967.53,9,25.86,58.8,4.5,0.61,301.26,0
CUST-12674,25,Male,Chicago,52724.82,5,117.98,94.1,1.7,0.64,625.14,1
CUST-12675,18,Male,Seattle,65596.12,5,161.43,61.3,0.5,0.43,956.06,0
CUST-12676,42,Female,Los Angeles,141249.49,14,185.53,50.7,2.3,0.2,2929.1,1
CUST-12677,19,Female,Los Angeles,53675.08,4,158.75,65.7,0.5,0.48,733.43,0
CUST-12678,39,Male,San Francisco,83824.27,6,184.67,95.5,8.1,0.52,1202.22,1
CUST-12679,34,Female,Los Angeles,98624.08,8,234.42,79.4,1.6,0.38,1940.8,0
CUST-12680,46,Male,Los Angeles,40987.38,7,75.06,65.1,1.7,0.63,483.74,0
CUST-12681,34,Female,Los Angeles,123949.83,9,187.39,72.2,2.8,0.33,1909.63,1
CUST-12682,34,Male,San Francisco,183213.49,6,255.15,79.1,2.8,0.15,2060.27,1
CUST-12683,46,Male,Seattle,66749.05,11,172.48,84.1,9.1,0.62,1788.59,1
CUST-12684,42,Female,San Francisco,57916.59,6,68.27,74.0,4.8,0.43,566.26,1
CUST-12685,41,Female,Miami,116106.88,9,279.3,45.6,1.0,0.16,2806.2,1
CUST-12686,43,Male,Houston,76613.01,8,217.49,64.8,9.2,0.38,1834.54,1
CUST-12687,19,Female,New York,76197.9,9,106.97,66.7,0.5,0.47,1106.13,0
CUST-12688,47,Female,New York,149272.16,8,365.48,57.2,7.9,0.06,3273.43,1
CUST-12689,45,Female,Houston,99628.43,9,139.41,65.2,7.4,0.35,1473.44,1
CUST-12690,25,Male,Los Angeles,52661.16,5,52.04,72.0,0.6,0.67,406.85,0
CUST-12691,35,Male,Los Angeles,70553.52,2,173.51,70.6,0.5,0.44,492.79,0
CUST-12692,37,Female,Chicago,75901.1,8,149.32,63.2,1.1,0.41,1312.02,0
CUST-12693,36,Male,San Francisco,76944.31,8,76.96,75.9,6.9,0.64,737.11,1
CUST-12694,42,Male,Chicago,28377.59,12,43.15,84.4,7.7,0.58,502.78,1
CUST-12695,55,Male,Miami,32195.34,3,34.94,52.2,2.4,,151.97,0
CUST-12696,50,Female,San Francisco,38458.72,10,67.4,60.1,8.1,0.53,721.95,1
CUST-12697,22,Male,San Francisco,97045.42,12,191.84,67.7,1.2,0.42,2302.65,0
CUST-12698,45,Female,Austin,32962.77,6,69.06,54.2,0.5,0.54,525.24,0
CUST-12699,53,Male,Los Angeles,68594.73,13,121.96,57.8,6.3,0.61,1526.54,1
CUST-12700,42,Male,Phoenix,121855.52,8,152.93,92.2,7.0,0.4,1478.18,1
CUST-12701,51,Male,Seattle,138279.0,3,289.85,65.6,2.9,0.17,1211.46,1
CUST-12702,62,Male,Houston,20537.31,9,53.3,67.2,12.8,0.62,457.5,1
CUST-12703,50,Female,Miami,27156.07,9,61.28,79.8,8.6,0.54,555.54,1
CUST-12704,40,Female,Chicago,38581.65,6,71.7,56.6,0.6,0.55,484.87,0
CUST-12705,50,Male,Phoenix,27177.04,13,10.0,94.5,11.0,0.74,162.51,1
CUST-12706,39,Male,New York,31990.6,8,81.32,79.8,0.7,0.73,659.25,0
CUST-12707,38,Female,Austin,59271.86,9,100.05,57.9,7.2,0.44,975.61,1
CUST-12708,33,Female,Miami,73222.42,7,145.29,68.0,2.3,0.39,1109.74,1
CUST-12709,56,Female,Seattle,109115.32,10,201.31,68.5,10.6,0.39,2155.94,1
CUST-12710,28,Female,San Francisco,59828.3,7,91.91,46.6,3.3,0.44,770.21,0
CUST-12711,56,Male,New York,63841.12,7,179.9,83.6,4.6,0.63,1274.82,1
CUST-12712,43,Female,New York,87373.14,8,202.96,66.7,3.9,0.3,1785.1,1
CUST-12713,21,Male,Seattle,64144.96,4,122.39,74.2,0.9,0.38,626.84,0
CUST-12714,42,Male,Chicago,85313.97,8,219.35,64.6,5.8,0.33,1890.76,1
CUST-12715,18,Female,Los Angeles,77260.98,3,188.11,70.1,0.5,0.4,705.33,0
CUST-12716,45,Female,Houston,42640.27,15,65.1,84.9,10.7,0.68,908.24,1
CUST-12717,48,Female,Chicago,22482.04,8,21.64,71.8,9.0,0.56,252.58,1
CUST-12718,30,Male,Phoenix,103172.26,2,196.48,68.0,1.7,0.42,681.58,0
CUST-12719,39,Male,Houston,36521.83,10,91.87,100.0,5.6,0.6,882.66,1
CUST-12720,61,Male,San Francisco,90694.46,6,163.36,57.6,6.8,0.38,1118.52,1
CUST-12721,31,Female,Seattle,25973.91,9,43.9,71.3,4.5,0.81,402.28,0
CUST-12722,25,Male,New York,72725.42,7,110.59,86.8,1.3,0.68,852.75,0
CUST-12723,55,Female,Los Angeles,65505.73,9,142.87,60.1,3.2,0.61,1280.19,1
CUST-12724,61,Male,Chicago,61272.79,12,157.96,30.7,1.2,0.32,1927.08,1
CUST-12725,38,Female,Austin,250000.0,11,365.72,77.4,7.9,0.07,4669.96,1
CUST-12726,50,Female,Chicago,41490.97,12,100.48,41.7,4.9,0.53,1186.18,0
CUST-12727,54,Male,Chicago,85744.08,13,254.45,56.5,3.6,0.42,3224.35,1
CUST-12728,29,Male,Phoenix,63338.95,6,149.52,75.4,2.4,0.46,975.63,0
CUST-12729,32,Female,Chicago,40516.75,13,41.98,59.3,2.0,0.46,580.17,1
CUST-12730,52,Female,Austin,89156.17,4,166.45,69.1,3.6,0.33,950.39,1
CUST-12731,58,Female,Boston,59883.79,8,83.73,69.9,9.4,0.49,750.23,1
CUST-12732,44,Female,Houston,79724.19,5,184.87,73.6,1.2,0.48,999.8,1
CUST-12733,27,Male,Phoenix,129978.04,8,214.66,75.5,2.1,0.36,2000.98,1
CUST-12734,61,Female,New York,78865.89,7,131.51,62.2,6.1,0.5,1087.71,1
CUST-12735,31,Male,San Francisco,65901.05,10,84.58,58.0,3.0,0.33,941.92,1
CUST-12736,33,Female,San Francisco,128315.88,7,203.26,57.9,2.3,0.2,1788.41,0
CUST-12737,42,Male,Los Angeles,125252.69,15,267.89,,5.7,0.43,4024.54,1
CUST-12738,56,Female,Los Angeles,40059.98,11,62.69,59.8,1.7,0.52,707.65,1
CUST-12739,48,Male,Boston,51836.15,6,124.01,75.6,4.8,0.58,780.44,1
CUST-12740,42,Male,Chicago,79738.02,7,143.36,70.0,2.7,0.4,1199.13,1
CUST-12741,43,Male,Phoenix,45643.82,11,104.8,80.2,4.7,0.69,1125.94,1
CUST-12742,38,Female,New York,45385.08,10,92.32,58.8,3.5,0.49,982.02,1
CUST-12743,44,Female,Chicago,74543.46,6,154.21,74.0,6.7,0.57,1072.86,1
CUST-12744,18,Female,Miami,72002.17,4,111.49,73.1,0.5,0.59,572.41,0
CUST-12745,34,Male,Chicago,48126.94,8,128.82,61.5,2.9,0.32,1053.87,0
CUST-12746,40,Female,Phoenix,50277.55,7,149.9,40.7,2.0,0.55,1071.73,0
CUST-12747,24,Female,Los Angeles,46698.88,3,64.96,70.4,1.6,0.65,270.73,0
CUST-12748,42,Male,Chicago,32898.14,11,40.28,74.0,9.3,0.76,486.56,1
CUST-12749,35,Male,Boston,50705.48,8,118.89,43.6,1.7,0.38,1061.42,0
CUST-12750,59,Male,Houston,53405.71,7,89.26,43.6,1.5,0.46,711.75,0
CUST-12751,56,Male,Boston,31094.21,9,62.33,57.3,4.3,0.57,575.61,1
CUST-12752,32,Male,Boston,52591.78,5,115.14,61.3,2.6,0.48,665.71,1
CUST-12753,36,Female,Boston,67930.24,13,171.95,70.8,2.6,0.63,2088.63,1
CUST-12754,37,Male,Boston,118143.06,8,327.57,75.1,6.4,0.42,2633.92,1
CUST-12755,32,Female,New York,62555.44,6,64.55,63.3,3.0,0.54,490.94,0
CUST-12756,40,Female,Boston,34869.59,5,88.21,76.5,2.5,0.61,474.47,0
CUST-12757,28,Female,New York,65859.21,6,186.25,87.1,3.8,0.75,1195.95,0
CUST-12758,24,Female,New York,55095.31,5,158.42,77.9,0.7,0.53,910.08,0
CUST-12759,45,Male,New York,96393.48,2,154.59,57.6,1.8,0.33,583.95,0
CUST-12760,45,Female,Los Angeles,52617.78,8,105.48,64.2,3.0,0.47,941.9,1
CUST-12761,28,Male,Phoenix,18000.0,7,23.94,77.0,0.8,0.5,141.66,0
CUST-12762,48,Female,Chicago,250000.0,13,450.0,84.6,9.1,0.0,4800.0,1
CUST-12763,30,Female,New York,78533.95,7,82.8,59.1,1.8,0.47,723.73,0
CUST-12764,41,Female,Chicago,59479.44,10,162.84,72.9,6.8,0.57,1570.85,1
CUST-12765,47,Female,Chicago,26320.02,7,53.02,,9.0,0.78,371.55,1
CUST-12766,37,Male,San Francisco,36467.9,8,24.87,71.8,2.2,0.46,277.81,1
CUST-12767,43,Male,Los Angeles,59503.32,6,165.79,76.4,5.4,0.63,992.22,0
CUST-12768,31,Female,Los Angeles,73706.6,4,172.56,58.2,2.9,0.5,786.64,0
CUST-12769,35,Male,Los Angeles,88505.41,10,165.82,72.6,6.0,0.49,1685.5,1
CUST-12770,35,Female,Los Angeles,70156.29,2,180.84,82.3,0.7,0.53,565.87,0
CUST-12771,29,Male,Phoenix,26948.11,7,46.83,69.5,1.7,0.71,308.98,0
CUST-12772,35,Female,Chicago,18000.0,9,52.33,78.4,6.1,0.8,436.46,1
CUST-12773,19,Male,Los Angeles,59257.69,8,97.34,72.3,0.5,0.62,796.1,1
CUST-12774,32,Female,Chicago,43556.0,4,71.63,57.8,1.2,0.51,330.16,0
CUST-12775,34,Female,Chicago,30257.65,8,65.34,86.1,3.9,0.8,488.25,0
CUST-12776,34,Male,Austin,90159.83,4,225.7,67.4,2.3,0.4,1105.08,0
CUST-12777,35,Male,Los Angeles,28338.41,9,56.08,64.2,3.4,0.65,463.9,0
CUST-12778,37,Male,Miami,70065.87,9,131.41,76.5,6.3,0.67,1147.01,1
CUST-12779,43,Male,San Francisco,37474.02,11,74.86,97.1,5.4,0.78,755.55,1
CUST-12780,48,Male,New York,78209.7,5,184.88,33.0,6.4,0.33,1136.4,0
CUST-12781,30,Male,Austin,95063.21,7,153.46,80.6,1.7,0.43,1291.64,1
CUST-12782,23,Female,San Francisco,64055.53,6,122.04,58.7,1.7,0.54,873.73,0
CUST-12783,25,Male,San Francisco,176562.84,7,298.2,99.4,2.2,0.3,2453.06,0
CUST-12784,32,Other,Chicago,148409.9,2,361.48,57.1,1.7,0.28,1161.71,0
CUST-12785,33,Female,Houston,57947.59,5,137.15,69.1,2.3,0.46,743.9,0
CUST-12786,28,Male,Los Angeles,81671.03,9,166.92,78.4,3.3,0.53,1509.76,0
CUST-12787,22,Male,New York,124300.71,5,176.12,67.0,0.9,0.34,1158.73,0
CUST-12788,32,Female,Seattle,88907.94,10,160.14,74.9,2.6,,1625.89,1
CUST-12789,40,Male,Boston,80897.9,8,113.09,68.3,3.5,0.54,1025.8,1
CUST-12790,45,Female,New York,56278.61,8,71.04,55.6,2.2,0.53,617.46,0
CUST-12791,31,Female,Miami,22137.51,6,38.54,65.5,2.1,0.69,262.56,0
CUST-12792,33,Male,San Francisco,37851.45,9,91.58,61.8,4.9,0.61,868.33,1
CUST-12793,26,Female,New York,240695.58,9,337.22,58.4,1.8,0.0,3789.38,1
CUST-12794,37,Male,Chicago,66837.5,7,79.68,77.1,3.8,0.58,678.84,0
CUST-12795,27,Male,Chicago,50309.46,7,106.39,65.7,1.0,0.63,788.23,0
CUST-12796,44,Female,San Francisco,142648.08,2,231.63,67.5,2.3,0.11,861.34,1
CUST-12797,18,Female,Seattle,46556.16,9,77.51,70.3,0.5,0.62,720.9,0
CUST-12798,33,Female,New York,97895.78,4,288.24,53.6,0.6,0.42,1313.85,0
CUST-12799,41,Female,Houston,53492.82,10,84.25,58.7,4.7,0.57,882.23,0
CUST-12800,40,Female,Miami,64777.94,10,106.49,82.8,3.9,0.58,1115.87,1
CUST-12801,70,Female,Miami,43499.37,10,75.08,69.4,4.5,0.6,723.33,1
CUST-12802,42,Male,New York,45150.54,9,81.85,87.5,9.5,0.54,809.27,1
CUST-12803,25,Female,Houston,34107.45,5,56.0,62.9,1.4,0.6,397.5,0
CUST-12804,36,Female,Seattle,45761.64,10,99.34,71.8,5.8,0.52,916.47,1
CUST-12805,18,Male,Los Angeles,62210.36,10,143.63,90.5,0.5,0.59,1424.84,1
CUST-12806,37,Female,Chicago,26126.95,7,54.62,89.4,2.3,0.63,349.88,0
CUST-12807,28,Male,Miami,27584.03,6,18.75,83.3,2.5,0.68,247.14,0
CUST-12808,48,Female,New York,78265.86,5,198.48,70.1,0.5,0.44,1100.84,0
CUST-12809,31,Female,Seattle,63532.45,8,100.7,89.2,0.6,,903.28,0
CUST-12810,36,Female,Los Angeles,68519.78,9,131.63,69.1,1.5,0.41,1224.03,0
CUST-12811,30,Male,New York,71509.3,3,118.2,,1.5,0.56,468.37,0
CUST-12812,58,Female,Los Angeles,219528.43,15,377.23,69.8,8.2,0.08,4800.0,1
CUST-12813,34,Male,New York,77922.8,7,168.69,76.7,4.5,0.55,1265.14,0
CUST-12814,59,Female,New York,60510.05,11,123.73,57.7,5.0,0.48,1408.72,1
CUST-12815,47,Female,San Francisco,79780.8,10,171.62,59.5,3.2,0.4,1785.03,1
CUST-12816,43,Female,Los Angeles,103750.0,8,276.27,68.4,8.3,0.34,2306.41,1
CUST-12817,42,Female,Boston,63418.28,5,46.15,76.8,2.0,0.5,400.32,0
CUST-12818,42,Female,Houston,72480.36,7,125.03,73.8,6.7,0.5,974.18,1
CUST-12819,18,Male,Chicago,69342.49,9,153.31,74.4,0.5,0.5,1410.29,1
CUST-12820,34,Male,Chicago,49196.73,5,98.6,77.0,1.9,0.49,594.65,0
CUST-12821,48,Female,San Francisco,80170.44,8,135.31,51.6,1.5,0.58,1182.87,0
CUST-12822,37,Female,Chicago,126532.09,9,245.79,94.7,7.5,0.45,2370.35,1
CUST-12823,21,Male,New York,82589.99,4,192.82,66.8,0.7,0.4,881.25,0
CUST-12824,37,Female,Seattle,41362.63,6,56.26,,2.5,0.41,413.44,1
CUST-12825,58,Male,Chicago,48486.22,8,64.66,59.6,7.5,0.35,595.12,1
CUST-12826,52,Male,New York,25412.11,10,88.74,51.5,3.5,0.64,813.92,1
CUST-12827,37,Female,Houston,55127.62,8,139.2,100.0,7.5,0.7,1087.37,1
CUST-12828,49,Male,Phoenix,93964.34,3,110.74,56.2,1.0,0.35,544.74,0
CUST-12829,33,Male,Los Angeles,31858.49,5,88.01,73.7,3.0,0.65,434.92,0
CUST-12830,18,Male,Miami,55468.64,10,88.62,59.0,0.5,0.54,979.84,0
CUST-12831,26,Female,San Francisco,124142.84,6,287.12,85.3,1.8,0.32,2016.78,0
CUST-12832,56,Female,Phoenix,84137.6,6,201.85,69.2,8.0,0.55,1290.78,1
CUST-12833,34,Female,Chicago,107870.94,7,244.93,64.1,6.3,0.37,1903.71,1
CUST-12834,35,Male,Austin,23416.2,10,37.72,64.0,6.0,0.67,411.6,1
CUST-12835,34,Female,Los Angeles,80195.88,12,207.19,85.1,2.3,0.52,2380.44,1
CUST-12836,60,Female,Houston,24243.99,10,36.35,54.5,8.5,0.62,338.26,1
CUST-12837,57,Female,Los Angeles,37820.1,1,41.84,65.0,0.5,0.65,176.12,0
CUST-12838,64,Female,San Francisco,114351.62,7,311.92,55.1,6.4,0.24,2374.68,1
CUST-12839,36,Male,New York,79152.22,6,157.89,53.7,1.6,0.48,1048.96,0
CUST-12840,41,Male,New York,105163.61,10,177.15,77.1,6.7,0.47,1897.11,1
CUST-12841,19,Male,Miami,32342.85,11,96.44,57.5,0.5,0.61,1018.7,0
CUST-12842,55,Male,Chicago,118846.94,13,293.22,86.2,11.2,0.47,3736.82,1
CUST-12843,23,Female,Los Angeles,87897.7,6,182.23,57.0,1.0,0.42,1193.4,0
CUST-12844,40,Female,Phoenix,76060.82,7,71.6,92.5,8.2,0.51,588.85,1
CUST-12845,24,Female,San Francisco,44195.97,12,74.66,84.9,1.3,0.74,866.87,1
CUST-12846,30,Male,Los Angeles,111911.38,6,155.65,71.1,4.1,0.35,1241.29,1
CUST-12847,27,Male,New York,62443.9,9,137.39,86.7,2.4,0.75,1164.75,1
CUST-12848,30,Male,Austin,43901.2,12,99.53,63.3,4.7,0.55,1200.78,1
CUST-12849,31,Male,Phoenix,66660.73,6,105.66,64.1,4.0,0.54,736.74,0
CUST-12850,31,Male,Chicago,76145.1,11,88.54,77.6,3.9,0.62,1034.05,1
CUST-12851,48,Female,Miami,33701.49,5,71.89,70.9,3.5,0.6,423.31,1
CUST-12852,24,Male,Houston,143897.6,6,196.91,56.8,1.5,0.13,1600.04,0
CUST-12853,40,Other,Los Angeles,154343.7,5,237.65,67.2,2.9,0.17,1616.86,1
CUST-12854,52,Male,Los Angeles,84312.0,8,135.14,55.2,0.8,0.42,1220.72,0
CUST-12855,31,Female,Chicago,70544.0,8,112.11,77.6,3.8,0.61,950.48,0
CUST-12856,29,Female,Seattle,79860.5,2,226.27,90.1,1.4,0.55,617.12,0
CUST-12857,35,Male,New York,33695.05,7,84.26,65.5,3.0,0.59,625.55,0
CUST-12858,52,Female,Los Angeles,65917.92,7,153.22,60.6,4.2,0.53,1124.71,0
CUST-12859,40,Female,Boston,68329.19,3,123.22,63.1,2.2,0.34,550.79,0
CUST-12860,31,Female,New York,54835.81,5,77.7,50.4,0.8,0.56,547.62,0
CUST-12861,43,Female,Phoenix,41771.3,5,72.44,83.7,3.7,0.61,448.6,1
CUST-12862,24,Male,Los Angeles,18941.6,7,32.53,82.6,0.7,0.71,302.97,0
CUST-12863,46,Female,Phoenix,28169.72,6,41.02,79.9,6.3,0.75,271.4,1
CUST-12864,42,Female,Chicago,90192.66,8,163.93,61.0,0.7,0.33,1554.22,0
CUST-12865,34,Male,New York,173807.4,7,236.0,73.1,6.0,0.06,2136.4,1
CUST-12866,27,Male,Phoenix,30422.85,7,58.32,87.1,3.5,0.76,440.78,0
CUST-12867,27,Female,San Francisco,83108.03,6,224.54,54.4,1.4,0.31,1508.63,0
CUST-12868,44,Male,San Francisco,131355.6,9,292.47,71.0,3.1,0.33,2764.5,1
CUST-12869,52,Female,Phoenix,37591.45,9,103.39,69.2,1.9,0.58,911.72,0
CUST-12870,30,Female,Houston,72173.69,6,150.14,77.4,4.4,0.49,1082.11,1
CUST-12871,43,Female,Houston,50605.31,8,124.57,76.3,6.1,0.66,975.08,1
CUST-12872,18,Male,Phoenix,88418.85,5,230.46,61.4,0.5,0.45,1254.64,0
CUST-12873,30,Male,San Francisco,39944.52,7,97.38,86.5,4.4,0.56,744.94,1
CUST-12874,37,Male,Phoenix,28067.04,8,50.93,76.2,7.0,0.64,425.72,1
CUST-12875,27,Female,Phoenix,56072.97,5,110.62,52.6,3.1,0.55,677.97,0
CUST-12876,26,Female,New York,76742.25,6,148.6,65.8,2.6,0.5,1005.82,0
CUST-12877,29,Female,Los Angeles,60572.73,7,178.11,74.0,3.9,0.48,1262.56,0
CUST-12878,41,Female,Los Angeles,83089.95,11,164.12,76.0,8.1,0.67,1696.03,1
CUST-12879,35,Male,Boston,40822.83,9,65.41,77.1,2.8,0.67,562.49,1
CUST-12880,18,Male,San Francisco,38244.48,10,65.54,63.8,0.5,0.44,708.5,0
CUST-12881,18,Female,Houston,40080.8,7,63.54,62.9,0.5,0.6,461.47,0
CUST-12882,30,Female,Los Angeles,51309.06,10,61.45,55.9,2.1,0.53,649.11,1
CUST-12883,43,Male,New York,63464.18,7,179.66,52.8,4.7,0.51,1305.37,0
CUST-12884,18,Male,Boston,122619.88,7,300.49,66.2,0.5,0.15,2420.3,1
CUST-12885,32,Male,Boston,95561.97,3,144.69,76.1,2.3,0.49,619.46,0
CUST-12886,31,Male,New York,95485.01,9,269.73,66.7,4.4,0.5,2394.52,1
CUST-12887,54,Female,Miami,57509.56,10,122.29,43.6,2.6,0.26,1289.98,1
CUST-12888,33,Female,Chicago,45784.27,6,99.5,74.9,5.5,0.76,672.83,0
CUST-12889,42,Female,Los Angeles,40651.43,8,118.79,50.3,3.2,0.43,985.43,0
CUST-12890,39,Female,San Francisco,41684.87,4,139.33,64.8,1.7,0.58,614.93,0
CUST-12891,18,Female,Phoenix,34454.2,7,68.32,71.0,0.5,0.63,537.54,0
CUST-12892,47,Female,Miami,50374.77,7,106.27,50.2,3.2,0.43,767.71,0
CUST-12893,40,Male,New York,41052.72,7,73.88,72.6,7.5,0.5,558.94,1
CUST-12894,44,Female,Los Angeles,67813.86,13,187.22,81.7,3.4,0.53,2245.97,1
CUST-12895,75,Male,Los Angeles,56530.91,18,156.6,94.2,14.0,0.54,2611.5,1
CUST-12896,18,Male,Los Angeles,51078.18,5,66.54,83.9,0.5,0.63,424.07,0
CUST-12897,58,Male,Houston,91993.5,12,254.15,63.6,1.5,0.46,2933.3,1
CUST-12898,34,Female,Los Angeles,18205.02,14,25.12,62.2,6.0,0.55,322.5,1
CUST-12899,41,Male,Chicago,46954.08,4,139.84,63.4,1.9,0.61,625.48,0
CUST-12900,37,Male,Chicago,18000.0,13,53.07,77.7,7.2,0.78,641.53,1
CUST-12901,32,Male,San Francisco,85455.72,9,141.81,68.4,4.7,0.36,1411.35,1
CUST-12902,31,Female,Phoenix,71376.95,7,182.57,69.8,0.9,0.43,1400.9,0
CUST-12903,41,Female,Phoenix,24812.09,6,50.13,93.1,4.4,0.77,303.79,0
CUST-12904,19,Female,Los Angeles,33800.58,10,49.9,84.1,0.5,0.6,506.63,0
CUST-12905,47,Male,Los Angeles,26651.8,8,54.1,63.3,4.2,0.63,471.33,0
CUST-12906,33,Male,New York,75502.84,7,193.83,77.1,2.4,0.56,1394.88,0
CUST-12907,24,Female,New York,61679.72,10,126.5,64.1,1.6,0.31,1349.33,1
CUST-12908,32,Male,Los Angeles,54199.91,5,146.59,80.7,5.5,0.57,809.4,1
CUST-12909,53,Female,New York,60847.06,8,70.12,73.7,2.8,0.56,707.46,1
CUST-12910,31,Female,Phoenix,29966.64,6,65.89,72.8,2.0,0.61,432.56,0
CUST-12911,42,Female,Austin,104950.83,9,308.31,84.2,5.8,0.27,2911.94,1
CUST-12912,29,Female,New York,83807.26,8,197.85,50.6,1.2,0.32,1743.78,0
CUST-12913,47,Male,Miami,28463.42,10,26.98,82.4,8.4,0.66,300.7,1
CUST-12914,46,Male,New York,51525.45,7,74.8,52.8,4.8,0.36,631.11,1
CUST-12915,60,Female,San Francisco,49042.27,14,108.37,92.9,14.3,0.66,1407.31,1
CUST-12916,35,Male,Phoenix,98479.48,5,228.6,69.7,4.5,0.44,1325.17,1
CUST-12917,46,Male,Boston,92774.88,8,192.19,55.4,4.4,0.38,1589.4,1
CUST-12918,39,Male,New York,68655.73,10,105.25,65.0,6.2,0.41,1178.09,1
CUST-12919,53,Male,Los Angeles,146293.85,9,308.06,92.6,11.8,0.36,2972.98,1
CUST-12920,29,Male,New York,151164.87,9,196.47,62.0,3.6,0.11,2168.89,1
CUST-12921,46,Male,Chicago,50687.51,6,99.06,54.3,3.3,0.48,664.48,1
CUST-12922,35,Female,Boston,52946.59,7,104.63,85.0,3.1,0.67,824.85,0
CUST-12923,37,Female,Miami,42938.53,5,101.07,58.4,3.7,0.54,621.31,0
CUST-12924,39,Female,San Francisco,47103.33,9,44.66,71.5,3.6,0.54,553.39,0
CUST-12925,41,Female,Houston,122478.89,7,300.41,62.6,3.2,0.28,2374.65,1
CUST-12926,36,Male,Seattle,40943.05,11,59.31,100.0,5.5,0.8,646.69,1
CUST-12927,40,Male,Chicago,87811.02,5,141.51,65.6,0.6,0.41,919.79,0
CUST-12928,56,Male,New York,103298.3,10,279.23,77.5,4.8,0.45,2809.52,1
CUST-12929,49,Female,Seattle,58145.9,11,141.46,69.8,2.2,0.49,1552.34,1
CUST-12930,48,Female,Los Angeles,154011.8,8,408.2,61.4,2.0,0.08,3629.33,1
CUST-12931,32,Male,New York,33542.09,8,61.75,,1.9,0.38,561.87,0
CUST-12932,27,Male,New York,70281.15,7,105.73,80.7,2.9,0.48,846.36,0
CUST-12933,49,Female,Phoenix,38182.0,11,64.9,77.5,12.0,0.51,795.63,1
CUST-12934,48,Female,Phoenix,78821.1,8,202.95,65.7,6.4,0.44,1659.29,1
CUST-12935,55,Female,Los Angeles,74350.44,6,176.82,81.3,5.3,0.49,1181.25,1
CUST-12936,30,Male,San Francisco,31978.68,6,89.81,75.4,4.1,0.71,494.91,0
CUST-12937,35,Male,Miami,95649.57,4,234.49,85.3,0.9,0.41,1144.05,0
CUST-12938,18,Female,Boston,82871.99,8,207.47,94.0,0.5,0.46,1691.49,1
CUST-12939,33,Female,Phoenix,29053.48,7,57.96,69.7,2.4,0.73,411.5,0
CUST-12940,49,Female,Miami,43211.73,11,110.35,55.7,5.8,0.62,1197.06,0
CUST-12941,32,Female,San Francisco,39597.84,8,99.99,77.4,4.6,0.66,818.5,1
CUST-12942,45,Female,Los Angeles,57201.93,11,87.82,68.5,10.0,0.57,1031.68,1
CUST-12943,35,Female,Los Angeles,67159.18,10,110.17,93.8,3.8,0.64,1141.77,1
CUST-12944,41,Male,Chicago,48120.65,9,73.8,87.4,4.8,0.62,684.71,1
CUST-12945,24,Male,New York,58388.39,13,80.78,64.9,0.9,0.34,1148.42,0
CUST-12946,39,Female,Los Angeles,27816.7,12,85.71,79.7,4.1,0.58,903.45,1
CUST-12947,18,Male,Chicago,67333.35,4,167.1,80.6,0.5,0.67,784.87,0
CUST-12948,35,Female,New York,27941.75,7,104.13,63.4,3.0,0.7,667.4,0
CUST-12949,18,Female,New York,74283.52,5,176.21,74.7,0.5,0.55,973.66,0
CUST-12950,52,Other,Chicago,23137.55,7,56.64,73.3,4.9,0.65,391.03,0
CUST-12951,47,Male,San Francisco,77786.62,12,200.19,71.7,6.2,0.41,2424.03,1
CUST-12952,43,Male,Seattle,67513.58,3,171.91,70.7,6.2,0.4,670.62,1
CUST-12953,56,Female,Houston,62967.83,9,153.66,53.2,6.8,0.59,1349.95,0
CUST-12954,26,Female,Chicago,87547.17,6,207.32,66.6,2.5,0.52,1292.26,0
CUST-12955,58,Female,Chicago,96046.18,12,154.77,53.8,9.0,0.51,1952.2,1
CUST-12956,49,Male,New York,32698.46,7,102.2,79.2,8.4,0.66,716.26,1
CUST-12957,35,Male,New York,71040.23,9,101.97,75.6,5.9,0.59,1023.63,1
CUST-12958,51,Female,Miami,140670.72,12,251.61,100.0,11.5,0.29,3183.7,1
CUST-12959,24,Female,Chicago,60375.61,2,118.23,71.2,0.9,0.7,326.19,0
CUST-12960,28,Female,Miami,33963.19,11,49.46,73.0,2.7,0.63,539.59,1
CUST-12961,30,Male,San Francisco,72883.8,8,163.62,62.2,3.6,0.57,1307.12,0
CUST-12962,31,Male,New York,60371.45,4,168.61,54.1,1.2,0.4,761.8,0
CUST-12963,25,Male,Houston,28580.43,5,67.8,60.2,2.4,0.67,398.64,0
CUST-12964,52,Female,Chicago,87846.15,10,178.25,60.1,2.9,0.37,1809.75,1
CUST-12965,34,Female,Chicago,76188.55,12,235.25,87.3,5.2,0.55,2616.41,1
CUST-12966,42,Male,Houston,26408.79,7,84.88,51.2,2.0,0.6,659.9,0
CUST-12967,31,Male,Austin,56878.51,7,53.35,68.6,4.0,0.49,504.26,0
CUST-12968,18,Female,Miami,38772.82,8,99.07,74.3,0.5,0.56,772.92,0
CUST-12969,41,Male,Boston,29188.36,5,42.19,92.7,3.8,0.67,226.85,1
CUST-12970,18,Female,New York,36051.18,3,83.63,82.3,0.5,,313.04,0
CUST-12971,37,Female,New York,38836.84,3,82.22,70.9,2.4,0.6,329.75,0
CUST-12972,21,Male,New York,71032.28,10,135.94,68.0,1.2,0.63,1392.28,0
CUST-12973,61,Male,Los Angeles,49552.37,8,145.76,57.0,2.1,0.58,1113.71,0
CUST-12974,48,Female,Chicago,35213.9,6,50.54,69.2,5.2,0.64,368.8,1
CUST-12975,39,Male,Phoenix,40082.61,11,101.5,66.4,5.8,0.61,1015.89,0
CUST-12976,53,Male,Houston,74792.6,8,108.68,68.0,1.8,0.5,959.74,0
CUST-12977,27,Female,Boston,77704.59,6,224.54,70.5,0.8,0.52,1349.83,0
CUST-12978,44,Female,Boston,107286.27,4,175.14,61.7,1.9,0.43,928.09,0
CUST-12979,40,Female,New York,65247.84,7,172.67,68.3,5.9,0.46,1290.33,0
CUST-12980,41,Male,Seattle,150907.47,9,185.06,60.4,8.4,0.28,2008.75,1
CUST-12981,53,Male,Houston,61251.69,12,154.56,80.1,11.7,0.46,1855.25,1
CUST-12982,46,Male,Chicago,44548.4,4,94.72,81.3,11.0,0.7,420.32,1
CUST-12983,41,Male,Miami,53916.0,7,153.44,67.1,5.5,0.54,1093.79,0
CUST-12984,18,Female,New York,39185.68,6,48.22,,0.5,0.44,361.67,0
CUST-12985,26,Male,Seattle,58107.56,3,88.51,67.2,1.3,0.49,389.14,0
CUST-12986,36,Female,San Francisco,94038.48,10,132.14,58.1,3.3,0.31,1499.8,0
CUST-12987,39,Male,Seattle,91947.98,5,107.77,55.9,3.6,0.3,885.09,0
CUST-12988,24,Male,Austin,48544.15,11,66.7,74.4,0.6,0.56,749.12,1
CUST-12989,66,Other,Houston,201925.06,9,298.78,65.6,12.5,,3271.32,1
CUST-12990,56,Male,New York,67104.12,11,93.98,73.2,0.9,0.58,1086.68,0
CUST-12991,45,Male,New York,31599.85,8,75.12,75.1,8.0,0.85,579.69,1
CUST-12992,38,Male,Los Angeles,114278.71,9,299.92,74.3,3.6,0.26,2890.45,1
CUST-12993,35,Male,New York,99078.55,9,281.78,83.9,0.5,0.48,2505.61,1
CUST-12994,26,Male,Miami,57788.85,7,177.11,66.8,1.3,0.51,1203.93,0
CUST-12995,38,Male,Los Angeles,49380.04,6,104.56,71.9,3.1,0.57,681.08,0
CUST-12996,41,Female,Austin,72546.53,10,147.44,80.1,8.9,0.68,1473.27,1
CUST-12997,23,Female,San Francisco,170413.03,3,343.24,82.3,1.5,0.15,1533.91,0
CUST-12998,42,Female,New York,80896.11,10,119.16,79.1,5.4,0.41,1214.5,1
CUST-12999,36,Male,Chicago,27276.3,3,52.98,49.2,1.4,0.62,193.14,0
CUST-13000,18,Female,Chicago,18000.0,5,34.58,43.5,0.5,0.46,200.89,0
CUST-13001,27,Male,Houston,62379.16,7,143.83,64.8,0.6,0.52,1088.79,0
CUST-13002,33,Female,Houston,31437.29,13,70.41,87.6,4.7,0.81,850.3,1
CUST-13003,60,Female,New York,69581.1,9,87.19,47.5,2.9,0.33,899.98,0
CUST-13004,44,Male,San Francisco,50611.47,5,74.49,73.2,6.4,0.49,525.15,1
CUST-13005,21,Female,Houston,33131.91,9,64.15,53.1,1.0,0.63,579.43,0
CUST-13006,43,Female,Miami,35103.97,9,55.32,50.8,4.0,0.55,541.49,1
CUST-13007,19,Female,Miami,36727.06,13,69.75,55.0,0.5,0.58,904.97,0
CUST-13008,50,Male,Los Angeles,91847.05,14,262.76,92.9,9.9,0.58,3411.27,1
CUST-13009,32,Female,New York,97433.61,3,132.58,37.6,1.4,0.3,700.95,0
CUST-13010,36,Female,San Francisco,41459.73,5,48.56,62.0,4.5,0.53,318.47,0
CUST-13011,53,Male,Austin,34872.12,10,57.85,60.2,10.4,0.56,617.82,1
CUST-13012,22,Female,Chicago,68758.19,9,153.78,50.3,0.9,0.33,1477.36,1
CUST-13013,21,Male,Los Angeles,105452.21,7,210.65,81.3,0.6,0.45,1616.09,0
CUST-13014,30,Male,New York,122844.58,2,322.78,70.5,1.7,0.24,938.62,0
CUST-13015,50,Female,Los Angeles,37733.65,13,64.62,89.0,12.0,0.58,903.33,1
CUST-13016,19,Female,Los Angeles,102172.48,6,200.22,69.2,0.5,0.49,1339.57,0
CUST-13017,18,Female,Chicago,23403.84,2,52.0,68.5,0.5,0.67,100.45,0
CUST-13018,32,Female,Phoenix,44055.14,3,96.32,63.9,0.9,0.37,386.78,0
CUST-13019,44,Male,Los Angeles,79481.15,8,90.32,62.7,2.3,0.4,870.24,0
CUST-13020,52,Male,New York,25866.45,7,53.01,60.2,2.2,0.5,431.74,0
CUST-13021,32,Female,Chicago,161978.46,7,255.38,74.6,3.0,0.25,2188.42,1
CUST-13022,33,Male,Seattle,131464.37,7,356.34,63.3,2.4,0.24,2684.61,0
CUST-13023,51,Female,Houston,71126.03,18,127.49,89.2,11.2,0.61,2161.29,1
CUST-13024,18,Female,Austin,36783.18,12,67.95,83.6,0.5,0.73,745.76,0
CUST-13025,33,Male,Houston,49744.49,8,54.02,71.2,3.1,0.63,465.26,1
CUST-13026,40,Male,Los Angeles,92500.75,11,133.83,95.9,7.9,0.57,1474.22,1
CUST-13027,43,Female,New York,41721.58,4,103.95,50.3,4.8,0.56,476.1,0
CUST-13028,31,Female,San Francisco,69302.42,9,166.68,82.5,3.5,0.6,1477.88,1
CUST-13029,38,Female,Houston,81137.35,10,204.67,69.4,1.7,0.59,1925.95,0
CUST-13030,18,Female,Phoenix,23094.32,12,22.58,61.2,0.5,0.55,350.41,0
CUST-13031,30,Female,San Francisco,89561.84,4,168.68,61.9,1.2,0.4,846.48,0
CUST-13032,43,Male,San Francisco,31542.38,5,40.19,72.7,2.9,0.52,219.46,0
CUST-13033,26,Male,New York,45623.64,6,59.87,63.5,2.5,0.55,459.4,0
CUST-13034,38,Male,Miami,39991.03,7,67.52,84.3,1.8,0.61,409.44,0
CUST-13035,43,Male,Houston,66535.07,6,171.58,49.7,1.7,0.36,1091.74,0
CUST-13036,33,Male,Chicago,40070.5,7,57.53,60.7,5.6,0.43,519.19,1
CUST-13037,40,Male,Houston,54801.94,6,82.81,90.2,6.2,0.73,597.35,1
CUST-13038,26,Male,Phoenix,34579.82,8,79.24,78.5,1.8,0.55,615.28,0
CUST-13039,35,Male,New York,56094.68,9,94.21,100.0,1.1,0.61,932.85,1
CUST-13040,45,Female,Chicago,106310.67,10,257.12,61.5,9.3,0.46,2591.87,1
CUST-13041,39,Female,Los Angeles,35054.1,5,62.5,58.0,1.4,,369.1,0
CUST-13042,30,Male,Los Angeles,91065.92,7,129.04,61.3,3.1,0.31,1097.2,0
CUST-13043,40,Female,New York,73099.2,8,94.24,73.1,6.0,0.47,929.97,1
CUST-13044,46,Male,New York,54848.37,7,78.95,67.8,4.8,,660.76,1
CUST-13045,18,Female,New York,39788.9,3,56.7,91.4,0.5,0.71,311.67,0
CUST-13046,51,Male,Chicago,32069.86,4,84.36,50.0,1.1,0.5,431.15,0
CUST-13047,33,Female,Boston,44936.2,10,112.74,82.1,5.0,0.64,1110.04,1
CUST-13048,43,Male,Los Angeles,57799.46,14,93.49,81.3,5.8,0.46,1320.58,1
CUST-13049,52,Female,Chicago,76921.83,13,174.81,73.3,8.5,0.49,2239.03,1
CUST-13050,21,Male,Los Angeles,53618.12,3,97.03,80.0,1.2,0.43,421.42,0
CUST-13051,29,Female,Miami,45800.55,12,108.68,71.0,2.8,0.57,1233.83,1
CUST-13052,34,Male,New York,70130.25,6,104.81,82.7,5.2,0.49,803.7,1
CUST-13053,28,Male,New York,92827.06,11,213.35,64.3,1.0,0.32,2426.64,1
CUST-13054,58,Female,Los Angeles,86005.23,8,128.42,65.4,12.2,0.45,1156.71,1
CUST-13055,27,Male,Austin,29787.0,5,74.04,71.1,2.9,0.58,376.41,0
CUST-13056,31,Female,Houston,44697.34,9,60.95,100.0,5.1,0.67,541.34,1
CUST-13057,40,Male,New York,135104.87,12,246.98,81.2,8.3,0.3,3140.1,1
CUST-13058,23,Male,Los Angeles,32263.83,6,47.3,69.4,0.8,0.42,374.39,0
CUST-13059,33,Female,New York,75906.76,7,121.17,92.2,3.1,0.59,886.89,0
CUST-13060,41,Male,New York,67149.89,11,105.87,60.4,8.4,0.42,1263.99,1
CUST-13061,34,Male,Miami,38768.72,6,57.99,72.5,4.3,0.5,393.54,1
CUST-13062,36,Female,Houston,114016.45,3,134.73,52.0,3.6,0.24,732.88,0
CUST-13063,31,Female,Phoenix,49665.08,7,100.11,55.7,1.0,0.48,745.14,0
CUST-13064,19,Female,Los Angeles,132632.11,5,263.58,69.2,0.5,0.36,1635.07,0
CUST-13065,41,Male,Houston,51612.56,11,98.84,90.4,6.3,0.63,1131.74,1
CUST-13066,59,Female,Los Angeles,78424.36,11,163.8,75.3,11.8,0.6,1727.3,1
CUST-13067,38,Male,Los Angeles,46683.74,7,77.74,74.3,3.9,0.76,610.91,0
CUST-13068,40,Male,Phoenix,36738.95,6,71.65,58.1,1.0,0.51,470.27,0
CUST-13069,46,Female,New York,89749.56,11,200.83,83.8,7.3,0.64,2128.19,1
CUST-13070,22,Male,Phoenix,60384.53,5,119.87,80.2,1.5,0.53,726.68,0
CUST-13071,58,Male,Seattle,91321.09,11,226.93,89.6,7.7,0.57,2366.75,1
CUST-13072,40,Male,New York,88295.44,9,220.64,86.7,8.2,0.41,2033.91,1
CUST-13073,57,Female,Boston,33326.6,10,54.48,73.3,5.6,0.57,565.59,1
CUST-13074,29,Female,New York,48870.06,8,128.71,74.4,4.0,0.56,1072.99,1
CUST-13075,59,Female,Los Angeles,95295.07,13,229.26,100.0,11.9,0.48,2919.93,1
CUST-13076,47,Male,Phoenix,18313.74,15,19.31,88.5,11.2,0.78,277.16,1
CUST-13077,44,Female,Houston,59576.13,11,142.56,77.0,8.3,0.6,1503.95,1
CUST-13078,40,Female,New York,69159.07,10,128.64,82.9,3.2,0.56,1389.8,1
CUST-13079,35,Male,Miami,78707.81,8,121.47,87.9,6.2,0.6,1082.97,1
CUST-13080,52,Male,Austin,73395.71,7,189.86,66.5,9.3,0.42,1424.48,1
CUST-13081,39,Male,New York,52476.17,2,113.24,75.7,1.8,0.51,400.81,0
CUST-13082,18,Male,Boston,45599.25,4,89.86,57.9,0.5,0.68,495.41,0
CUST-13083,24,Female,Houston,39628.94,2,89.21,77.6,1.2,0.63,253.12,0
CUST-13084,35,Male,Boston,86886.08,8,228.63,61.3,5.5,0.48,1905.43,1
CUST-13085,41,Male,New York,23132.59,9,44.36,74.1,5.9,0.73,434.38,1
CUST-13086,37,Female,Miami,55681.12,9,131.25,82.1,4.2,0.58,1165.77,1
CUST-13087,52,Female,New York,47032.18,9,81.77,56.2,0.5,0.45,814.22,0
CUST-13088,18,Female,Seattle,74500.51,8,175.3,59.0,0.5,0.36,1485.53,1
CUST-13089,39,Male,San Francisco,90104.12,5,156.52,38.5,1.7,0.34,969.51,0
CUST-13090,18,Male,Chicago,24775.9,4,61.37,67.1,0.5,0.47,249.84,0
CUST-13091,47,Male,New York,65295.04,9,194.94,93.9,11.5,0.62,1666.22,1
CUST-13092,36,Male,Miami,55630.78,4,164.43,88.1,6.4,0.68,704.69,0
CUST-13093,43,Male,Phoenix,50950.74,9,57.73,83.2,3.5,0.62,625.05,0
CUST-13094,27,Female,Chicago,53513.52,7,110.64,70.1,2.3,0.69,762.19,0
CUST-13095,53,Male,Chicago,30894.9,5,67.02,78.3,7.3,0.75,461.99,1
CUST-13096,50,Male,Miami,30163.65,9,65.35,53.1,2.1,0.57,618.83,0
CUST-13097,45,Male,Los Angeles,31280.13,11,78.51,73.4,10.7,0.6,812.91,1
CUST-13098,36,Female,New York,96483.51,9,202.75,51.8,3.3,0.37,1942.31,1
CUST-13099,44,Female,Boston,61361.39,8,156.91,76.3,5.5,0.5,1199.6,1
CUST-13100,29,Female,Chicago,55432.07,11,101.63,75.9,3.0,0.49,1092.48,1
CUST-13101,48,Male,Los Angeles,26556.11,8,71.57,59.9,2.7,0.64,517.24,0
CUST-13102,57,Male,Los Angeles,61264.79,3,160.95,77.6,3.7,0.65,592.59,0
CUST-13103,50,Male,Boston,89244.95,7,124.77,57.0,2.9,0.26,1020.23,0
CUST-13104,29,Male,Los Angeles,24806.03,5,52.97,95.3,2.0,0.66,232.85,0
CUST-13105,42,Female,Phoenix,37307.0,8,88.75,53.6,2.3,0.49,746.96,1
CUST-13106,22,Female,Seattle,30883.24,11,45.27,67.9,1.5,0.61,556.8,1
CUST-13107,44,Female,New York,59276.22,13,89.04,72.4,7.6,0.43,1243.38,1
CUST-13108,43,Female,Miami,32800.88,12,74.57,87.0,9.0,0.58,878.19,1
CUST-13109,18,Female,Chicago,68819.65,9,198.9,69.1,0.5,0.41,1784.01,0
CUST-13110,24,Male,Phoenix,53064.28,4,130.41,55.5,1.8,0.5,575.6,0
CUST-13111,34,Other,Chicago,108504.01,4,233.16,43.4,1.9,0.3,1233.96,0
CUST-13112,34,Male,San Francisco,73823.57,7,151.28,80.9,4.1,0.64,1070.32,0
CUST-13113,23,Female,Los Angeles,73792.02,6,150.57,51.3,0.8,0.42,1035.68,0
CUST-13114,42,Male,New York,55339.98,6,102.94,54.3,1.7,0.44,644.95,0
CUST-13115,41,Male,Boston,37451.02,7,46.64,81.1,6.0,0.65,366.54,1
CUST-13116,35,Female,New York,111022.24,7,236.74,77.8,4.4,0.45,1756.73,1
CUST-13117,28,Male,Miami,95830.3,11,222.35,51.0,1.0,,2485.53,1
CUST-13118,50,Male,New York,104081.8,7,272.25,59.9,4.8,0.29,2098.44,1
CUST-13119,57,Male,Chicago,60742.82,11,168.65,71.0,1.5,0.52,1735.04,0
CUST-13120,32,Male,Miami,31623.63,12,49.97,70.8,4.2,0.72,585.63,1
CUST-13121,30,Female,Los Angeles,110257.74,8,141.44,88.4,4.7,0.48,1336.05,1
CUST-13122,43,Female,Seattle,90481.28,9,133.98,50.3,7.5,0.35,1334.72,1
CUST-13123,33,Male,Houston,141654.46,10,286.52,71.4,5.1,,3165.2,1
CUST-13124,36,Male,Chicago,31938.84,11,46.08,60.8,3.7,0.41,585.18,0
CUST-13125,46,Female,San Francisco,116745.95,5,210.72,50.8,1.5,0.31,1380.78,0
CUST-13126,18,Male,Los Angeles,81986.94,3,136.58,61.2,0.5,0.62,575.46,0
CUST-13127,53,Male,Los Angeles,52509.45,5,66.69,84.3,4.0,0.5,452.16,0
CUST-13128,38,Male,San Francisco,149999.87,5,348.39,69.0,3.4,0.24,2102.51,1
CUST-13129,33,Female,Los Angeles,76186.12,12,103.54,51.1,4.4,0.35,1421.72,1
CUST-13130,36,Male,Los Angeles,38999.94,12,54.43,77.3,6.6,0.58,677.69,1
CUST-13131,37,Male,Miami,48510.58,4,74.25,63.9,4.0,0.32,395.97,0
CUST-13132,18,Female,Miami,32025.17,3,47.54,76.8,0.5,0.58,191.54,0
CUST-13133,55,Male,Houston,40718.95,7,72.23,74.4,7.9,0.48,579.96,1
CUST-13134,38,Female,Houston,73175.78,6,80.48,58.1,1.4,0.59,595.13,0
CUST-13135,43,Male,San Francisco,124381.57,9,333.21,94.0,5.4,0.42,3075.98,1
CUST-13136,49,Male,Houston,57486.93,13,104.17,86.3,10.7,0.61,1295.55,1
CUST-13137,25,Male,Chicago,39095.11,6,76.28,69.7,1.7,0.6,542.25,0
CUST-13138,43,Male,Austin,72122.0,10,177.01,82.2,7.6,0.41,1825.91,1
CUST-13139,34,Female,New York,105009.32,7,273.79,59.2,3.7,0.3,2083.67,1
CUST-13140,48,Female,Phoenix,18189.21,8,53.9,64.6,6.8,0.73,414.93,0
CUST-13141,18,Male,Seattle,71781.56,7,102.59,86.7,0.5,0.51,790.32,0
CUST-13142,36,Male,San Francisco,68966.58,9,174.69,54.1,1.8,0.21,1670.32,1
CUST-13143,30,Male,Seattle,109097.71,4,172.69,54.7,1.7,0.29,925.9,0
CUST-13144,43,Female,Los Angeles,75554.27,10,148.2,54.4,4.7,0.46,1523.46,0
CUST-13145,43,Female,Los Angeles,79374.93,11,153.39,71.2,8.2,0.48,1698.08,1
CUST-13146,29,Male,Seattle,53219.92,12,136.86,89.4,3.7,0.65,1574.67,1
CUST-13147,29,Female,Chicago,56932.18,6,61.04,59.0,1.1,0.64,524.97,0
CUST-13148,36,Female,San Francisco,121578.41,9,324.66,88.8,4.2,0.5,2821.78,1
CUST-13149,27,Female,New York,70803.57,4,86.31,75.6,1.8,0.48,526.74,1
CUST-13150,48,Male,San Francisco,82768.85,12,228.56,58.8,7.1,0.5,2738.83,1
CUST-13151,33,Male,Houston,23878.36,6,57.59,58.2,4.1,0.56,307.56,0
CUST-13152,18,Male,Los Angeles,60203.87,5,165.42,58.2,0.5,0.47,949.78,0
CUST-13153,33,Female,Houston,18820.59,4,39.42,96.2,5.6,0.83,215.17,0
CUST-13154,25,Female,San Francisco,58594.72,8,124.05,81.8,2.7,0.46,1043.5,0
CUST-13155,18,Female,New York,75498.07,5,177.13,52.1,0.5,0.38,1057.83,0
CUST-13156,23,Male,Phoenix,71550.22,4,96.52,66.6,1.6,0.39,544.89,0
CUST-13157,39,Male,Houston,31229.76,3,42.55,68.1,0.8,0.47,165.18,0
CUST-13158,53,Male,Los Angeles,75102.12,8,194.11,48.2,1.1,0.38,1737.58,0
CUST-13159,41,Female,San Francisco,158058.25,4,364.05,100.0,8.8,0.34,1800.62,1
CUST-13160,30,Male,Los Angeles,45224.31,6,129.17,74.0,3.5,0.55,795.41,1
CUST-13161,43,Male,Los Angeles,28745.47,5,72.48,78.1,3.6,0.77,387.38,1
CUST-13162,32,Female,Chicago,65756.26,6,166.35,87.2,3.9,0.47,1092.49,0
CUST-13163,29,Male,San Francisco,41792.57,9,74.3,67.5,3.8,0.48,774.72,1
CUST-13164,24,Male,Boston,43166.6,9,70.16,95.6,2.2,0.75,678.69,1
CUST-13165,18,Male,New York,116049.61,9,184.73,71.7,0.5,0.33,1869.81,0
CUST-13166,33,Female,Chicago,145399.41,12,275.47,78.9,5.0,0.31,3530.35,1
CUST-13167,39,Female,New York,44345.19,13,51.49,79.5,7.2,0.66,698.74,1
CUST-13168,36,Female,San Francisco,52457.7,6,134.49,71.2,4.5,0.57,824.68,0
CUST-13169,33,Female,Chicago,45654.42,8,115.22,60.4,3.1,0.46,991.55,0
CUST-13170,26,Female,San Francisco,57674.37,8,95.77,76.6,0.8,0.58,782.95,0
CUST-13171,45,Female,Los Angeles,163801.11,8,259.5,66.1,3.0,0.3,2464.52,1
CUST-13172,22,Female,Seattle,51940.79,7,132.08,65.5,1.0,0.6,973.87,0
CUST-13173,47,Female,Houston,42396.91,7,111.57,76.7,10.1,0.56,791.19,1
CUST-13174,25,Male,Boston,145861.13,5,249.04,70.4,2.3,0.11,1670.55,1
CUST-13175,28,Male,New York,97581.46,8,214.45,78.1,2.2,0.49,1789.52,1
CUST-13176,20,Male,Houston,84259.48,3,232.58,76.7,0.7,0.6,866.93,0
CUST-13177,31,Female,Miami,32717.01,7,79.59,96.4,4.1,0.85,489.94,0
CUST-13178,49,Female,Phoenix,37404.63,7,62.5,73.2,7.4,0.65,476.27,1
CUST-13179,44,Female,New York,43488.22,10,116.46,56.4,2.7,0.53,1111.49,1
CUST-13180,49,Male,Austin,88959.9,5,196.55,69.5,4.6,0.34,1249.28,1
CUST-13181,44,Male,Los Angeles,114965.06,5,259.64,72.9,2.1,0.24,1572.06,1
CUST-13182,24,Male,Los Angeles,46160.27,7,83.99,74.4,0.5,0.69,625.76,0
CUST-13183,34,Female,Houston,42898.24,7,42.76,67.9,1.0,0.59,383.89,0
CUST-13184,28,Male,Houston,43847.0,6,55.73,76.1,3.2,0.75,379.25,0
CUST-13185,53,Female,Miami,23744.23,7,60.52,44.2,1.0,0.54,460.5,0
CUST-13186,23,Male,Chicago,40614.45,8,55.41,74.8,1.1,0.59,513.6,0
CUST-13187,48,Male,Chicago,83735.92,13,227.26,78.3,11.8,0.56,2753.55,1
CUST-13188,48,Female,Houston,33222.99,7,62.13,78.8,9.6,0.67,452.42,1
CUST-13189,59,Male,Chicago,59592.27,13,105.31,80.5,11.4,0.62,1295.24,1
CUST-13190,33,Male,Boston,33803.24,6,46.22,65.1,2.0,0.56,346.52,0
CUST-13191,46,Female,Seattle,63015.95,11,179.47,82.2,7.4,0.57,1887.26,1
CUST-13192,65,Male,Chicago,42921.56,6,95.71,64.4,7.7,0.67,618.11,0
CUST-13193,30,Other,New York,39706.45,4,78.84,65.4,3.2,0.54,364.49,0
CUST-13194,19,Female,Boston,96520.88,4,153.58,68.4,0.5,0.52,834.76,0
CUST-13195,18,Male,New York,111682.83,4,209.22,80.0,0.5,0.58,984.53,0
CUST-13196,46,Female,Los Angeles,38368.52,10,49.74,77.8,11.1,0.68,529.3,1
CUST-13197,18,Male,New York,65644.75,6,137.34,92.3,0.5,0.55,883.54,0
CUST-13198,33,Female,New York,74776.87,7,196.93,69.4,1.7,0.44,1465.03,0
CUST-13199,43,Female,Miami,20771.26,9,45.94,60.9,4.8,0.66,432.7,0
CUST-13200,40,Female,Houston,25595.21,5,80.37,71.3,4.9,0.58,395.89,0
CUST-13201,43,Male,Austin,113374.57,6,285.31,62.1,1.3,0.4,1929.72,0
CUST-13202,40,Male,Los Angeles,36577.86,10,78.7,68.3,7.2,0.62,690.01,1
CUST-13203,53,Male,Houston,96548.26,12,189.52,58.6,6.2,0.27,2378.19,1
CUST-13204,26,Female,Austin,30412.33,1,41.84,83.9,1.6,0.67,97.86,0
CUST-13205,29,Female,Miami,71547.77,6,162.26,74.4,3.1,,1079.94,1
CUST-13206,28,Male,San Francisco,64914.14,10,148.62,65.7,3.2,0.41,1536.96,1
CUST-13207,47,Female,New York,67152.5,11,76.63,,11.4,0.3,958.13,1
CUST-13208,48,Male,Miami,130180.17,10,378.76,64.4,2.5,0.34,3840.86,1
CUST-13209,43,Male,Los Angeles,33278.56,7,62.68,55.0,3.8,0.61,488.26,1
CUST-13210,52,Male,Houston,69293.46,8,154.22,49.0,2.7,0.31,1312.65,0
CUST-13211,23,Male,Phoenix,64304.46,7,48.46,74.1,1.8,0.51,528.89,1
CUST-13212,58,Male,Phoenix,250000.0,8,409.43,59.2,8.5,0.1,3910.22,1
CUST-13213,56,Female,San Francisco,44263.11,12,107.61,73.1,12.9,0.67,1189.57,1
CUST-13214,46,Male,San Francisco,55463.47,9,68.46,86.3,11.0,0.54,720.41,1
CUST-13215,59,Male,New York,109981.31,6,315.94,84.4,8.5,0.47,2069.77,1
CUST-13216,18,Female,Chicago,51465.05,5,120.47,60.6,0.5,0.45,652.91,0
CUST-13217,31,Male,San Francisco,60171.06,12,91.87,87.8,2.2,0.68,1099.31,1
CUST-13218,29,Female,Los Angeles,100560.79,3,180.99,45.9,0.6,0.28,786.34,0
CUST-13219,46,Male,Los Angeles,54528.44,8,101.77,69.7,9.6,0.5,821.18,1
CUST-13220,25,Female,New York,46825.12,10,76.03,43.2,0.5,0.41,860.13,0
CUST-13221,47,Female,Chicago,81788.77,5,172.32,64.3,7.1,0.54,1058.85,1
CUST-13222,54,Male,Austin,71894.44,4,169.9,42.2,2.0,0.23,923.27,0
CUST-13223,46,Female,Los Angeles,53281.19,3,153.63,41.5,0.6,0.36,583.35,0
CUST-13224,41,Female,Houston,42982.83,6,54.2,59.4,2.7,0.52,482.94,1
CUST-13225,26,Female,San Francisco,48003.01,8,92.08,63.1,2.0,0.52,817.79,0
CUST-13226,27,Male,New York,105098.47,3,211.17,56.7,0.7,0.37,853.8,0
CUST-13227,52,Male,Boston,54299.36,14,152.44,82.2,8.6,0.55,1961.13,1
CUST-13228,47,Female,Chicago,38710.54,14,72.78,68.7,8.0,0.51,977.55,1
CUST-13229,37,Female,Seattle,35609.44,7,63.11,92.4,7.4,0.71,413.2,1
CUST-13230,32,Male,New York,88981.32,10,226.05,79.6,5.1,0.47,2256.87,1
CUST-13231,18,Male,New York,56716.08,10,116.65,62.6,0.5,0.36,1200.27,0
CUST-13232,25,Male,Los Angeles,22775.13,7,10.0,55.3,2.3,0.57,131.83,0
CUST-13233,60,Male,Los Angeles,34136.67,9,47.84,63.5,5.8,0.62,462.33,1
CUST-13234,22,Male,Seattle,60255.26,8,85.53,86.9,1.1,0.61,817.69,1
CUST-13235,40,Male,New York,65995.1,9,192.67,87.6,3.8,0.58,1690.2,1
CUST-13236,50,Male,Phoenix,43168.59,8,101.7,49.4,4.6,,823.39,1
CUST-13237,22,Male,New York,60398.92,5,154.61,79.1,1.3,0.51,814.43,0
CUST-13238,40,Female,Miami,24606.84,8,49.13,53.7,3.0,0.61,364.01,1
CUST-13239,49,Male,Miami,33237.45,6,43.59,59.0,5.0,0.55,384.57,1
CUST-13240,38,Male,Houston,93022.36,10,260.47,83.4,3.3,0.49,2572.39,1
CUST-13241,72,Male,Los Angeles,104597.61,15,183.12,71.2,13.1,0.36,2741.51,1
CUST-13242,18,Female,Phoenix,65095.8,4,84.96,63.7,0.5,0.58,506.0,0
CUST-13243,50,Female,New York,93419.55,9,210.99,71.9,5.2,0.42,2046.83,1
CUST-13244,35,Female,New York,114976.44,12,319.05,72.4,6.1,0.36,3811.85,1
CUST-13245,47,Male,Phoenix,27840.36,9,62.65,61.0,0.7,0.69,570.9,0
CUST-13246,43,Female,Austin,60583.29,9,189.3,74.1,9.5,0.46,1695.01,1
CUST-13247,29,Male,Boston,37130.28,9,69.24,,4.0,0.58,667.23,1
CUST-13248,40,Male,Phoenix,28090.37,9,72.36,61.1,4.0,0.6,696.34,1
CUST-13249,18,Female,Houston,61866.81,4,160.04,91.7,0.5,0.41,710.42,0
CUST-13250,45,Female,Austin,95672.43,13,190.04,85.1,10.7,0.32,2560.67,1
CUST-13251,41,Female,Houston,46713.2,5,96.11,72.5,5.3,0.6,505.97,1
CUST-13252,45,Female,Chicago,129740.34,8,361.62,60.3,1.5,0.36,2994.73,1
CUST-13253,50,Female,Boston,72273.57,8,136.99,94.8,11.0,0.61,1144.1,1
CUST-13254,42,Male,Los Angeles,42250.4,4,75.85,53.3,1.7,0.59,371.28,0
CUST-13255,39,Male,New York,42477.95,12,83.39,60.4,2.5,0.44,1095.29,1
CUST-13256,27,Male,Phoenix,81121.66,6,109.58,84.2,3.2,0.38,870.43,1
CUST-13257,29,Female,New York,77989.86,5,159.52,60.4,1.5,0.45,904.63,0
CUST-13258,52,Male,Chicago,79762.91,5,170.85,82.6,10.3,,1016.02,1
CUST-13259,55,Female,Chicago,18000.0,7,21.06,71.6,6.9,0.69,204.98,1
CUST-13260,35,Male,Houston,58165.21,7,125.84,68.8,5.3,0.48,971.77,1
CUST-13261,38,Male,Austin,46139.43,5,84.78,60.3,2.2,0.44,528.69,0
CUST-13262,27,Male,Los Angeles,31035.35,7,84.39,88.6,1.8,0.73,578.05,0
CUST-13263,52,Male,Chicago,55129.98,3,117.51,74.9,4.7,0.65,427.28,0
CUST-13264,45,Female,New York,126248.99,5,365.49,80.3,3.1,0.41,1992.04,1
CUST-13265,61,Male,Phoenix,151411.05,13,358.32,45.8,5.1,0.29,4794.95,1
CUST-13266,27,Male,San Francisco,85609.23,7,170.55,77.1,1.5,0.44,1347.22,0
CUST-13267,33,Male,Houston,36103.08,10,135.77,87.9,5.8,0.66,1243.06,1
CUST-13268,40,Male,Los Angeles,42404.54,7,106.64,75.9,4.9,0.62,748.02,1
CUST-13269,45,Male,Phoenix,78921.24,6,200.66,53.7,5.3,0.29,1327.36,1
CUST-13270,35,Male,Houston,31265.47,9,65.72,96.6,3.7,0.77,630.94,1
CUST-13271,27,Female,New York,99839.41,15,142.04,84.9,3.6,0.49,2168.25,1
CUST-13272,48,Male,Chicago,65882.67,7,87.17,100.0,8.0,0.61,700.74,1
CUST-13273,46,Male,Chicago,62338.9,9,114.72,58.1,8.0,0.38,1203.04,1
CUST-13274,27,Female,Austin,27207.58,4,60.3,81.2,1.5,0.64,248.53,0
CUST-13275,54,Male,Seattle,56650.97,8,140.73,67.5,7.1,0.51,1136.35,1
CUST-13276,52,Male,San Francisco,36584.99,6,39.19,56.5,2.9,0.45,222.68,0
CUST-13277,39,Female,Seattle,50464.22,7,109.2,71.2,5.9,0.52,800.46,1
CUST-13278,38,Male,San Francisco,119975.35,7,241.18,74.6,3.1,0.16,2066.18,1
CUST-13279,44,Female,Boston,264688.226,11,154.57,65.6,7.9,0.2,2055.91,1
CUST-13280,27,Female,New York,81395.8,6,151.32,54.3,1.2,0.43,1066.3,0
CUST-13281,38,Female,Chicago,42771.19,10,92.84,58.1,3.5,0.55,932.22,0
CUST-13282,18,Female,San Francisco,167798.96,9,302.68,66.0,0.5,0.2,3068.43,1
CUST-13283,48,Male,Phoenix,36418.94,5,94.23,60.2,2.4,0.54,480.11,0
CUST-13284,19,Male,New York,41450.75,5,50.28,67.0,0.5,0.59,381.26,0
CUST-13285,56,Male,Los Angeles,88256.57,11,141.04,70.2,5.1,0.39,1644.33,1
CUST-13286,34,Male,Los Angeles,78325.54,7,128.13,86.6,3.7,0.47,1008.01,1
CUST-13287,35,Female,Los Angeles,47499.48,4,116.78,82.6,4.6,0.65,496.11,1
CUST-13288,30,Female,Los Angeles,65504.53,7,134.59,79.9,2.3,0.47,1049.62,0
CUST-13289,34,Male,Houston,64201.81,7,147.52,66.5,3.5,0.52,1100.79,0
CUST-13290,55,Female,Seattle,74980.47,10,147.91,70.6,8.3,0.48,1514.32,1
CUST-13291,18,Male,San Francisco,95410.29,8,288.7,70.6,0.5,0.46,2357.76,0
CUST-13292,53,Female,Seattle,52590.26,5,85.52,51.7,1.7,0.48,537.81,0
CUST-13293,42,Female,Seattle,88103.37,7,229.08,76.0,4.2,0.57,1615.0,0
CUST-13294,23,Female,Chicago,57386.77,5,114.15,70.0,0.8,0.53,688.69,0
CUST-13295,25,Male,Los Angeles,49210.22,6,115.6,68.0,1.7,0.55,779.93,0
CUST-13296,58,Female,New York,64677.08,10,127.17,89.4,11.5,0.63,1197.46,1
CUST-13297,26,Male,Boston,61905.89,9,120.5,80.7,2.1,0.55,1105.76,0
CUST-13298,24,Female,New York,35504.52,11,45.81,49.3,0.9,0.52,493.32,0
CUST-13299,51,Male,San Francisco,55168.23,7,128.39,48.8,3.1,0.44,1032.19,0
CUST-13300,42,Male,Chicago,58761.54,5,78.3,72.0,0.8,0.74,452.47,0
CUST-13301,26,Female,Boston,33084.69,8,29.45,75.9,1.7,0.85,301.32,1
CUST-13302,40,Female,Chicago,41723.86,6,98.95,84.9,4.1,0.61,629.68,0
CUST-13303,25,Male,Miami,169571.37,8,342.04,74.0,1.0,0.07,3244.65,0
CUST-13304,51,Female,Los Angeles,35423.57,10,98.51,98.8,10.2,0.73,957.37,1
CUST-13305,50,Female,Los Angeles,51423.73,11,102.31,,5.3,0.65,1111.48,1
CUST-13306,44,Female,Phoenix,32137.56,9,32.88,85.2,7.1,0.73,313.3,1
CUST-13307,42,Female,Austin,56211.42,6,141.61,81.2,6.3,0.7,824.3,1
CUST-13308,59,Male,Houston,34243.35,10,117.55,86.9,9.3,0.76,1049.83,1
CUST-13309,37,Female,Boston,57566.73,4,116.53,69.5,6.9,0.48,545.98,1
CUST-13310,23,Male,Miami,35933.78,8,74.42,73.8,0.5,0.69,571.58,0
CUST-13311,43,Male,Miami,87227.12,9,110.45,60.6,1.1,0.4,1221.86,0
CUST-13312,63,Female,Chicago,59255.19,12,147.76,79.6,11.0,0.44,1790.11,1
CUST-13313,25,Female,Chicago,34451.36,5,21.15,58.5,1.3,0.65,222.33,0
CUST-13314,33,Female,New York,111357.7,8,188.02,84.4,5.9,0.44,1579.06,1
CUST-13315,42,Female,Austin,36907.75,8,81.8,68.0,2.5,0.67,611.65,1
CUST-13316,37,Female,Austin,27262.57,7,43.44,60.7,1.8,0.72,337.12,0
CUST-13317,26,Male,San Francisco,75731.62,10,199.3,72.4,2.1,0.42,2006.19,1
CUST-13318,51,Other,Los Angeles,161683.2,10,316.47,82.7,4.0,0.16,3511.52,1
CUST-13319,65,Male,Los Angeles,24982.48,5,68.7,73.0,5.4,0.6,344.02,0
CUST-13320,40,Female,Austin,30632.48,9,24.08,86.4,8.1,0.77,306.83,1
CUST-13321,27,Female,New York,106549.76,5,210.08,52.3,0.6,0.26,1272.94,0
CUST-13322,19,Female,Seattle,49118.1,6,85.89,54.8,0.5,0.36,627.75,0
CUST-13323,41,Male,Los Angeles,84603.95,4,155.25,60.8,3.4,0.34,770.13,1
CUST-13324,51,Female,Chicago,37423.18,8,148.2,48.7,4.9,0.4,1210.28,1
CUST-13325,43,Female,Seattle,72702.03,5,113.6,62.6,2.9,0.5,688.26,1
CUST-13326,37,Female,New York,174965.06,5,177.63,69.2,1.5,0.12,1337.47,1
CUST-13327,30,Male,Los Angeles,34285.13,7,39.26,,0.6,0.54,294.31,0
CUST-13328,24,Female,Austin,99428.15,9,154.53,68.0,2.4,0.37,1579.59,0
CUST-13329,48,Female,San Francisco,106545.31,7,115.68,70.7,8.1,0.2,1146.04,1
CUST-13330,48,Female,San Francisco,36020.74,13,45.83,50.2,9.4,0.47,588.44,1
CUST-13331,19,Female,San Francisco,100300.15,5,244.31,52.2,0.5,0.33,1424.98,0
CUST-13332,57,Male,New York,75849.6,9,129.78,27.7,0.7,0.28,1318.83,0
CUST-13333,44,Male,Los Angeles,65206.14,4,115.87,82.2,6.4,,494.97,0
CUST-13334,54,Male,Houston,60898.6,10,135.67,75.3,10.6,0.6,1335.54,1
CUST-13335,21,Male,Chicago,47743.93,5,79.28,61.9,0.8,0.53,449.08,0
CUST-13336,21,Female,Chicago,58914.33,9,134.98,73.8,0.8,0.63,1191.76,0
CUST-13337,36,Male,Miami,58071.65,7,103.27,84.0,3.1,0.68,750.96,0
CUST-13338,44,Male,New York,106205.75,5,136.99,82.6,2.0,0.47,965.56,0
CUST-13339,59,Male,San Francisco,35344.28,15,48.25,66.1,11.4,0.6,744.05,1
CUST-13340,46,Female,New York,139462.01,7,299.17,68.5,2.8,0.24,2396.55,1
CUST-13341,35,Male,New York,41046.44,7,67.92,83.9,2.5,0.65,458.06,1
CUST-13342,25,Male,Chicago,83250.08,6,216.45,91.0,2.0,0.57,1383.38,0
CUST-13343,52,Male,Seattle,70464.63,8,125.18,53.3,0.5,0.45,1118.72,0
CUST-13344,26,Male,New York,38542.87,8,61.0,65.7,2.6,0.48,552.94,0
CUST-13345,57,Other,Houston,67022.22,12,162.65,74.0,13.5,0.54,1916.42,1
CUST-13346,34,Male,San Francisco,47276.51,5,139.91,61.2,0.8,0.68,751.44,0
CUST-13347,57,Female,Los Angeles,106314.79,5,192.32,82.6,9.1,0.33,1224.31,1
CUST-13348,46,Other,Houston,36072.62,10,112.13,55.7,4.9,0.58,1140.89,1
CUST-13349,36,Female,Boston,30786.41,8,86.65,52.4,1.0,0.63,616.4,0
CUST-13350,31,Other,Houston,110816.31,2,204.58,72.3,3.7,0.37,714.28,0
CUST-13351,33,Female,New York,80078.8,4,211.82,67.7,3.9,0.6,1046.49,0
CUST-13352,43,Male,Phoenix,75224.71,11,118.31,61.5,6.6,0.33,1452.07,1
CUST-13353,38,Female,Phoenix,31853.53,9,64.78,92.9,6.6,0.73,563.35,1
CUST-13354,30,Male,New York,28401.56,12,91.31,47.4,1.7,0.41,1109.89,1
CUST-13355,36,Male,New York,169008.76,7,450.0,62.5,5.0,0.0,3637.7,1
CUST-13356,38,Female,New York,72903.45,8,132.86,64.5,6.1,0.42,1197.87,1
CUST-13357,18,Female,New York,93505.97,10,164.23,55.0,0.5,0.37,1744.71,0
CUST-13358,43,Female,Los Angeles,86513.85,11,199.79,100.0,9.6,0.58,2138.28,1
CUST-13359,26,Female,Chicago,48102.75,5,64.51,90.6,1.4,0.72,432.58,0
CUST-13360,24,Male,Chicago,63697.78,9,147.94,62.7,1.9,0.4,1335.3,1
CUST-13361,18,Female,Boston,144249.23,3,290.39,73.9,0.5,0.24,1276.29,0
CUST-13362,18,Male,Phoenix,47974.21,10,58.27,69.4,0.5,0.51,700.91,0
CUST-13363,21,Male,Seattle,108466.24,3,201.88,75.1,0.6,0.25,893.93,0
CUST-13364,29,Female,Houston,19016.9,13,25.28,83.6,1.6,0.78,300.12,1
CUST-13365,61,Male,New York,128281.83,5,177.81,50.5,3.9,0.24,1254.61,0
CUST-13366,31,Female,Chicago,26576.64,7,65.34,64.9,2.9,0.69,488.77,0
CUST-13367,40,Female,Miami,85255.77,7,172.15,98.4,2.7,0.51,1324.82,1
CUST-13368,42,Male,New York,88913.58,11,159.64,58.3,5.5,0.54,1810.96,1
CUST-13369,39,Female,New York,69713.15,5,68.7,62.2,2.8,0.42,485.61,0
CUST-13370,37,Female,Los Angeles,59276.48,4,142.63,46.4,0.5,0.41,701.14,0
CUST-13371,23,Male,Chicago,50132.49,9,125.73,91.6,1.0,0.66,1087.87,1
CUST-13372,55,Male,Los Angeles,41333.44,8,67.35,68.2,9.2,0.63,587.81,1
CUST-13373,59,Female,New York,65980.63,13,106.01,94.3,11.7,0.58,1339.35,1
CUST-13374,18,Male,Los Angeles,187923.73,7,450.0,52.6,0.5,0.06,3692.35,1
CUST-13375,25,Female,San Francisco,145455.52,8,269.77,65.0,1.1,0.24,2497.17,0
CUST-13376,34,Male,Chicago,36801.3,10,70.73,84.2,6.3,0.8,651.12,1
CUST-13377,26,Female,Phoenix,55741.67,5,102.49,39.6,1.2,0.5,640.39,0
CUST-13378,44,Female,Houston,53997.68,11,138.29,63.1,8.2,0.59,1480.79,1
CUST-13379,29,Male,Houston,47933.02,5,74.33,52.8,2.5,0.37,484.74,0
CUST-13380,63,Female,Los Angeles,37736.13,9,81.4,53.2,2.3,0.51,693.01,0
CUST-13381,52,Female,Houston,64321.92,13,170.63,86.9,8.9,0.63,2090.71,1
CUST-13382,40,Female,New York,111651.8,12,168.49,78.1,8.5,0.45,2138.92,1
CUST-13383,50,Female,Chicago,37490.42,7,104.77,45.8,11.4,0.42,772.19,1
CUST-13384,51,Female,Houston,136827.65,8,308.21,57.9,9.3,0.2,2816.59,1
CUST-13385,31,Female,New York,156546.16,9,290.53,85.9,2.9,0.26,2938.34,1
CUST-13386,28,Female,Los Angeles,81948.37,8,181.63,74.7,1.6,0.39,1582.81,1
CUST-13387,38,Female,Los Angeles,33654.5,5,43.95,62.8,3.2,0.49,265.77,0
CUST-13388,48,Male,New York,89394.01,7,218.6,77.8,4.5,0.5,1545.58,1
CUST-13389,39,Other,Los Angeles,71736.21,7,93.7,85.7,7.8,0.59,758.52,1
CUST-13390,19,Male,Austin,77025.19,2,183.76,58.2,0.5,0.39,602.65,0
CUST-13391,28,Male,Los Angeles,137997.95,2,194.08,89.5,1.8,0.32,783.37,0
CUST-13392,37,Male,Chicago,52093.9,7,93.09,45.3,3.6,0.34,810.78,1
CUST-13393,37,Male,Phoenix,135747.63,8,191.18,76.0,3.4,0.36,1763.67,1
CUST-13394,61,Male,Phoenix,59748.04,7,86.47,60.4,0.6,0.49,754.04,0
CUST-13395,21,Male,Boston,56223.49,7,103.49,69.7,0.7,0.51,745.95,0
CUST-13396,44,Male,Seattle,224769.82,12,366.0,57.6,5.4,0.0,4800.0,1
CUST-13397,55,Female,Miami,77936.73,13,173.55,80.8,11.4,0.55,2107.95,1
CUST-13398,65,Male,Austin,47474.27,8,97.85,,8.8,0.58,752.19,1
CUST-13399,33,Male,Los Angeles,64982.3,6,152.6,68.8,2.6,0.62,973.84,0
CUST-13400,43,Male,Phoenix,66987.14,10,100.92,62.8,6.8,0.42,1054.81,1
CUST-13401,44,Male,Seattle,62800.17,6,81.09,70.2,7.1,0.56,577.77,1
CUST-13402,40,Male,Phoenix,52135.09,8,95.89,72.5,2.6,0.65,818.67,0
CUST-13403,36,Female,Austin,39604.91,13,47.56,51.9,1.2,0.57,647.83,0
CUST-13404,43,Female,New York,31492.58,10,50.09,58.7,8.1,0.51,512.41,1
CUST-13405,18,Female,Chicago,59994.0,5,85.79,56.0,0.5,0.56,592.84,0
CUST-13406,46,Female,Austin,63915.94,7,87.35,47.9,2.4,0.43,697.47,0
CUST-13407,39,Male,Chicago,74039.2,9,176.55,64.5,2.6,0.53,1630.64,1
CUST-13408,35,Male,San Francisco,56861.71,9,129.42,82.7,5.3,0.67,1103.02,1
CUST-13409,62,Male,New York,37415.02,8,88.47,74.0,10.0,0.67,731.1,1
CUST-13410,29,Female,San Francisco,46808.03,10,112.56,87.1,4.2,0.58,1075.52,0
CUST-13411,33,Male,Boston,110209.51,7,146.03,67.0,3.1,0.36,1291.44,1
CUST-13412,61,Female,Chicago,40761.14,8,47.86,61.9,1.3,0.66,411.1,0
CUST-13413,28,Male,New York,58633.65,6,115.0,65.4,3.0,0.51,764.08,0
CUST-13414,31,Male,New York,62561.03,11,145.86,65.9,1.7,0.51,1584.9,1
CUST-13415,36,Other,Boston,47699.85,10,59.64,67.5,2.7,0.4,634.95,1
CUST-13416,48,Female,San Francisco,53630.16,4,80.39,64.1,2.8,0.57,429.83,0
CUST-13417,40,Female,New York,47313.12,9,59.19,82.4,3.1,0.58,660.09,1
CUST-13418,22,Female,New York,147330.39,10,406.41,62.1,1.4,0.26,4196.82,1
CUST-13419,31,Female,Miami,72312.84,15,126.15,75.3,3.2,0.45,1931.09,1
CUST-13420,30,Female,Miami,96049.32,10,191.87,51.3,1.0,0.38,1951.15,1
CUST-13421,37,Female,New York,150960.65,6,206.17,61.7,4.7,0.21,1651.51,1
CUST-13422,43,Male,Los Angeles,19241.45,7,10.0,,6.5,0.78,191.88,1
CUST-13423,43,Female,Miami,61110.2,12,69.15,65.6,8.9,0.57,887.59,1
CUST-13424,18,Female,Houston,38392.5,8,65.57,,0.5,0.51,567.78,0
CUST-13425,50,Male,Austin,104163.29,8,267.78,55.4,1.3,0.23,2273.93,1
CUST-13426,41,Female,Houston,35524.26,10,52.29,78.2,8.0,0.62,493.62,1
CUST-13427,54,Female,San Francisco,44774.65,8,146.07,72.5,1.2,0.74,1106.38,0
CUST-13428,43,Female,Houston,25126.64,6,62.24,80.8,2.0,0.72,405.4,0
CUST-13429,51,Male,Boston,55881.25,4,103.73,46.0,1.9,0.45,561.99,0
CUST-13430,43,Male,Chicago,89882.88,9,130.33,51.3,2.2,0.52,1305.36,0
CUST-13431,54,Female,Los Angeles,70816.38,10,175.01,76.2,11.7,0.56,1684.36,1
CUST-13432,44,Female,Los Angeles,34147.27,9,75.08,87.9,7.3,0.65,664.15,1
CUST-13433,36,Male,Seattle,198684.44,8,297.78,71.8,5.1,0.0,2916.9,1
CUST-13434,65,Female,Houston,71216.23,9,110.78,80.0,13.9,0.64,1039.99,1
CUST-13435,48,Male,Los Angeles,91900.98,8,197.42,76.2,5.0,0.49,1707.88,1
CUST-13436,44,Female,Houston,97852.95,8,208.46,90.4,0.5,0.39,1773.78,1
CUST-13437,22,Male,New York,32208.86,6,76.46,50.5,1.2,0.46,502.6,0
CUST-13438,22,Male,New York,46369.05,6,61.83,61.6,1.5,0.6,512.31,0
CUST-13439,41,Female,Los Angeles,94020.45,7,211.03,74.9,9.0,0.38,1580.71,1
CUST-13440,39,Male,Phoenix,32508.94,5,50.11,38.3,3.4,0.44,345.39,0
CUST-13441,30,Male,San Francisco,66102.74,6,95.94,65.2,4.0,0.58,633.53,0
CUST-13442,39,Male,Miami,49505.37,11,159.19,62.4,7.2,0.61,1671.51,1
CUST-13443,57,Male,Boston,34324.64,7,35.02,70.0,2.6,0.73,269.81,0
CUST-13444,46,Male,Chicago,47495.09,7,85.52,61.4,7.3,0.57,740.72,1
CUST-13445,24,Other,San Francisco,119817.36,3,277.32,62.0,0.8,0.23,1107.95,0
CUST-13446,36,Female,New York,105327.68,4,246.63,85.1,3.5,0.44,1220.76,1
CUST-13447,28,Female,New York,127594.42,7,307.18,75.3,3.6,0.39,2391.31,0
CUST-13448,33,Female,New York,121181.24,12,298.17,66.3,4.8,0.48,3504.19,1
CUST-13449,33,Male,Chicago,69684.08,6,131.0,51.8,3.6,0.46,960.01,1
CUST-13450,32,Male,Los Angeles,73357.59,6,149.58,66.9,4.6,0.54,1033.58,1
CUST-13451,22,Male,Los Angeles,70716.01,4,89.86,69.4,0.7,0.54,568.24,0
CUST-13452,36,Female,Phoenix,35636.15,10,77.17,64.5,1.8,0.55,775.2,0
CUST-13453,31,Female,Los Angeles,37227.0,9,47.07,68.8,1.5,0.59,532.32,1
CUST-13454,18,Male,Houston,36457.7,11,62.02,73.4,0.5,0.55,661.23,0
CUST-13455,62,Male,Chicago,48328.44,13,108.42,74.5,13.4,0.65,1330.98,1
CUST-13456,51,Female,New York,52690.56,8,129.16,68.8,7.6,0.44,1089.01,1
CUST-13457,33,Female,New York,89951.01,10,198.28,67.1,5.8,0.35,2146.11,1
CUST-13458,38,Female,Los Angeles,68920.54,13,112.43,81.8,6.0,0.55,1461.91,1
CUST-13459,23,Male,New York,85371.39,11,163.45,54.4,1.3,0.36,1866.11,1
CUST-13460,58,Female,Phoenix,58124.56,7,125.09,59.1,9.4,0.51,959.8,1
CUST-13461,60,Male,Miami,93576.88,13,94.57,97.2,12.8,0.32,1411.66,1
CUST-13462,39,Female,Los Angeles,62036.33,10,125.97,72.2,1.2,0.47,1344.72,0
CUST-13463,50,Female,Chicago,94181.11,11,269.23,70.0,2.6,0.47,2944.49,1
CUST-13464,40,Female,Miami,66635.94,4,216.85,61.3,2.7,0.63,905.18,0
CUST-13465,21,Male,Los Angeles,109598.47,9,165.19,71.2,1.1,0.36,1599.46,1
CUST-13466,33,Male,New York,163966.84,7,447.92,71.9,5.7,0.1,3571.33,1
CUST-13467,39,Male,Houston,68667.51,6,93.52,55.4,3.3,0.47,708.21,0
CUST-13468,32,Male,Phoenix,51355.31,10,101.61,52.7,5.2,0.35,1134.95,1
CUST-13469,35,Female,Phoenix,51189.69,7,76.37,62.4,3.9,0.49,582.58,0
CUST-13470,36,Female,San Francisco,59957.38,13,124.08,48.1,3.7,0.46,1618.23,1
CUST-13471,37,Male,New York,56852.67,13,105.98,82.3,6.4,0.56,1307.32,1
CUST-13472,38,Male,Chicago,89308.21,10,203.8,67.5,4.6,0.43,2072.84,1
CUST-13473,25,Male,Los Angeles,38481.27,7,74.99,68.1,1.5,0.68,520.49,1
CUST-13474,29,Female,San Francisco,170051.83,6,389.7,81.2,0.6,0.34,2680.69,0
CUST-13475,22,Female,Seattle,62773.1,6,134.32,55.2,0.5,0.62,904.28,0
CUST-13476,49,Male,Los Angeles,250000.0,7,450.0,97.0,8.0,0.03,3843.08,1
CUST-13477,18,Male,New York,51717.26,8,163.48,69.3,0.5,0.38,1264.81,0
CUST-13478,51,Female,Los Angeles,70605.01,6,185.48,82.0,9.9,0.63,1160.65,1
CUST-13479,54,Female,New York,61339.54,11,115.0,77.0,9.2,0.5,1347.11,1
CUST-13480,34,Male,Los Angeles,41907.49,6,75.63,63.1,3.2,0.49,524.6,0
CUST-13481,18,Female,Houston,87606.19,13,223.01,65.4,0.5,0.33,2951.74,1
CUST-13482,33,Female,Austin,34287.4,5,27.57,71.9,6.0,0.72,251.09,1
CUST-13483,37,Female,Chicago,40568.73,8,85.01,58.0,2.2,0.52,712.13,0
CUST-13484,25,Female,Los Angeles,83526.71,5,126.38,86.9,1.8,0.32,855.44,0
CUST-13485,31,Male,New York,106147.51,6,186.83,78.6,4.5,0.52,1199.68,1
CUST-13486,56,Female,New York,36466.96,5,100.49,67.1,0.7,0.64,493.38,0
CUST-13487,45,Male,New York,97825.74,12,178.05,57.7,2.6,0.41,2249.53,1
CUST-13488,26,Male,Miami,54893.85,6,130.45,80.4,1.9,0.6,851.87,0
CUST-13489,18,Male,New York,46223.47,6,103.8,89.6,0.5,0.65,683.44,0
CUST-13490,34,Male,Austin,40169.75,6,97.23,74.0,1.0,0.58,631.44,0
CUST-13491,35,Male,Houston,18619.8,9,27.69,65.6,3.1,0.76,286.19,0
CUST-13492,43,Female,Houston,121470.77,14,281.85,84.3,5.4,0.4,3923.85,1
CUST-13493,31,Female,Los Angeles,103515.04,10,137.68,73.6,2.5,0.5,1464.14,1
CUST-13494,44,Female,San Francisco,39811.05,7,82.88,100.0,7.4,0.73,610.01,1
CUST-13495,61,Male,Chicago,84816.38,10,216.26,80.8,11.7,0.47,2126.05,1
CUST-13496,47,Male,Los Angeles,46758.47,11,108.65,83.9,5.6,0.75,1088.89,1
CUST-13497,37,Female,Los Angeles,98436.53,5,116.43,58.8,3.5,0.3,854.63,1
CUST-13498,35,Male,Boston,50730.61,5,92.37,76.6,4.9,0.44,507.07,1
CUST-13499,33,Other,Los Angeles,51952.49,13,94.66,77.1,3.6,0.57,1231.39,1
CUST-13500,52,Male,Chicago,49247.63,10,130.05,99.0,11.9,0.61,1210.37,1
CUST-13501,30,Female,Los Angeles,44850.24,7,36.56,68.2,2.6,0.53,356.16,0
CUST-13502,38,Male,New York,147228.38,7,234.02,36.9,4.8,0.07,2076.36,1
CUST-13503,38,Female,New York,114618.91,9,263.13,63.1,1.5,0.34,2509.05,0
CUST-13504,31,Female,New York,77271.38,6,151.41,59.7,4.4,0.37,1052.89,1
CUST-13505,21,Female,San Francisco,126596.02,8,203.08,77.0,0.8,0.33,1889.46,0
CUST-13506,41,Other,Chicago,25216.51,13,39.77,68.7,6.8,,556.34,1
CUST-13507,37,Male,Miami,27846.91,6,85.49,68.6,3.5,0.63,563.86,0
CUST-13508,44,Female,San Francisco,96158.16,6,161.37,66.4,0.5,0.36,1188.83,0
CUST-13509,31,Male,New York,105648.5,3,252.67,55.4,2.4,0.3,1094.15,0
CUST-13510,52,Female,Houston,59184.23,7,115.12,68.7,2.4,0.5,838.52,0
CUST-13511,27,Male,San Francisco,29588.02,8,46.25,66.6,1.7,0.58,396.14,0
CUST-13512,58,Female,Phoenix,28666.15,8,31.52,64.7,5.2,0.53,288.83,1
CUST-13513,18,Female,Phoenix,60050.16,7,115.87,71.2,0.5,0.52,888.34,0
CUST-13514,43,Male,San Francisco,250000.0,8,340.37,42.8,1.7,0.0,3525.19,0
CUST-13515,43,Male,New York,134465.23,8,251.01,90.1,7.4,0.31,2225.48,1
CUST-13516,28,Male,San Francisco,166895.71,5,367.54,75.7,3.1,0.1,2316.46,1
CUST-13517,43,Female,Los Angeles,73837.7,4,65.63,63.2,3.0,0.49,431.32,0
CUST-13518,53,Male,Houston,60776.12,5,67.38,60.7,7.2,0.36,459.08,1
CUST-13519,18,Female,Los Angeles,37161.15,9,60.31,77.8,0.5,,508.25,0
CUST-13520,44,Female,Seattle,108994.7,8,206.41,77.4,4.0,0.42,1812.32,0
CUST-13521,18,Female,Houston,49618.34,6,74.44,57.5,0.5,0.48,483.97,0
CUST-13522,26,Female,Phoenix,68940.95,10,143.55,65.6,1.0,0.68,1401.64,0
CUST-13523,57,Male,Miami,52263.31,12,71.85,55.0,13.2,0.54,902.38,1
CUST-13524,31,Female,Boston,74748.23,12,172.53,80.7,4.4,0.56,1996.33,1
CUST-13525,23,Female,San Francisco,72591.87,7,195.09,80.2,1.1,0.48,1400.37,0
CUST-13526,35,Other,New York,81831.45,5,128.4,78.0,5.0,0.49,868.99,1
CUST-13527,62,Female,Seattle,111656.43,8,131.21,,7.7,0.4,1254.38,1
CUST-13528,18,Female,Phoenix,25887.74,9,54.8,58.4,0.5,0.74,472.27,0
CUST-13529,25,Male,Phoenix,23113.64,6,55.74,57.6,2.4,0.56,355.99,0
CUST-13530,55,Female,Boston,80438.95,11,178.0,54.0,3.6,0.29,2092.84,1
CUST-13531,60,Female,Los Angeles,128033.74,13,276.2,94.8,10.7,0.4,3640.67,1
CUST-13532,36,Female,Los Angeles,145238.75,8,271.73,95.2,4.0,0.43,2350.82,1
CUST-13533,23,Female,Houston,27903.34,7,68.35,66.5,1.5,0.67,513.51,0
CUST-13534,63,Male,San Francisco,62009.03,11,139.44,,7.3,0.4,1570.24,1
CUST-13535,57,Female,Chicago,27151.36,11,29.77,55.3,10.7,0.5,400.6,1
CUST-13536,46,Other,Phoenix,37024.45,5,90.93,51.5,0.9,0.61,467.13,0
CUST-13537,28,Male,Chicago,99729.24,9,137.42,40.8,0.6,0.27,1452.46,0
CUST-13538,37,Female,Phoenix,48445.44,8,102.27,82.7,6.9,0.67,851.08,1
CUST-13539,36,Male,Miami,42692.12,8,111.93,90.4,5.5,0.69,881.13,1
CUST-13540,41,Female,New York,96052.24,10,277.65,,7.7,0.53,2721.4,1
CUST-13541,55,Male,San Francisco,50967.64,6,79.53,83.3,7.0,0.76,581.96,0
CUST-13542,48,Female,Miami,114141.69,8,226.34,96.2,5.8,0.62,1891.66,1
CUST-13543,25,Male,Chicago,57092.76,9,126.01,74.4,1.7,0.57,1146.71,0
CUST-13544,54,Female,Los Angeles,50963.49,8,50.22,60.0,3.9,0.64,491.74,0
CUST-13545,41,Male,New York,98079.06,7,131.17,80.5,6.9,0.46,1111.29,1
CUST-13546,46,Male,Miami,82318.39,9,107.62,53.2,9.4,0.49,1080.3,1
CUST-13547,55,Female,Los Angeles,138378.72,8,341.93,72.8,13.5,0.14,2997.65,1
CUST-13548,24,Male,Los Angeles,56093.63,5,132.76,62.6,1.5,0.59,714.36,0
CUST-13549,37,Female,Los Angeles,107236.31,10,131.96,79.7,3.4,0.47,1465.49,1
CUST-13550,31,Other,Houston,54139.13,13,120.02,59.4,4.4,0.44,1534.31,1
CUST-13551,19,Female,San Francisco,55869.97,5,81.34,62.9,0.5,0.46,526.14,0
CUST-13552,42,Female,Miami,34902.05,11,92.76,85.8,8.4,0.63,958.9,1
CUST-13553,68,Male,Chicago,32869.43,8,28.77,79.6,10.0,0.71,332.26,1
CUST-13554,18,Male,San Francisco,52345.71,4,97.5,61.6,0.5,0.54,482.44,0
CUST-13555,37,Female,San Francisco,132498.36,4,338.67,58.1,1.1,0.37,1623.98,1
CUST-13556,45,Male,Los Angeles,88709.01,14,214.22,67.9,7.5,0.25,3078.2,1
CUST-13557,39,Female,New York,39320.4,7,45.27,91.4,1.2,0.68,340.28,0
CUST-13558,36,Male,Boston,27149.83,9,73.14,83.8,5.5,0.7,599.13,1
CUST-13559,22,Female,San Francisco,43491.71,1,111.77,60.5,1.2,0.5,224.01,0
CUST-13560,40,Male,Phoenix,33066.35,3,88.2,63.9,0.6,0.61,327.56,0
CUST-13561,28,Female,New York,62847.83,8,127.75,66.5,2.6,0.43,1087.78,1
CUST-13562,18,Male,Miami,92516.15,9,205.07,55.1,0.5,0.53,1839.69,0
CUST-13563,52,Male,Houston,39137.97,4,83.14,76.3,2.4,0.65,404.76,0
CUST-13564,49,Female,Seattle,156904.64,6,370.14,55.3,2.3,0.12,2654.7,1
CUST-13565,38,Male,Austin,25724.79,7,67.18,63.1,4.1,0.69,491.85,0
CUST-13566,40,Female,Austin,50060.82,6,54.38,55.7,1.5,0.51,485.39,0
CUST-13567,50,Female,Seattle,100299.69,7,202.16,35.2,2.0,0.46,1581.17,0
CUST-13568,40,Male,New York,111715.11,8,221.23,63.8,2.6,0.3,1959.13,1
CUST-13569,48,Female,Seattle,57255.93,10,78.34,67.3,0.5,0.43,917.73,1
CUST-13570,34,Male,New York,120690.09,6,313.86,64.3,2.1,,2205.93,1
CUST-13571,53,Female,Seattle,101645.01,12,254.06,79.4,8.8,0.43,2994.61,1
CUST-13572,41,Female,Los Angeles,44298.43,8,103.11,78.8,5.7,0.6,813.86,1
CUST-13573,40,Female,Phoenix,57073.99,7,110.34,93.8,8.5,0.52,839.32,1
CUST-13574,22,Male,New York,103975.57,2,280.41,64.0,0.6,0.47,815.69,0
CUST-13575,41,Male,Miami,37927.79,4,57.89,75.6,8.0,0.74,287.59,0
CUST-13576,28,Female,New York,170632.49,4,393.69,64.5,1.9,0.12,2020.36,1
CUST-13577,30,Male,Chicago,37463.0,6,96.7,70.9,2.2,0.47,585.38,0
CUST-13578,28,Male,Miami,55312.44,11,70.48,56.5,1.7,0.32,876.55,0
CUST-13579,25,Female,San Francisco,40602.45,2,76.02,77.8,0.8,0.67,209.48,0
CUST-13580,63,Female,New York,77017.25,8,156.71,65.7,7.4,0.28,1430.58,1
CUST-13581,53,Male,Chicago,33364.69,10,122.77,98.6,11.1,0.8,1094.23,1
CUST-13582,61,Male,New York,63135.6,15,111.34,90.1,13.2,0.81,1509.91,1
CUST-13583,23,Male,San Francisco,34309.36,5,56.0,65.2,1.9,0.62,338.66,1
CUST-13584,38,Male,Austin,88895.51,7,246.3,75.6,6.4,0.48,1790.22,1
CUST-13585,22,Male,Phoenix,58266.32,7,139.21,,1.2,0.51,1006.93,0
CUST-13586,29,Male,Los Angeles,107308.94,7,267.39,90.5,2.4,0.43,2036.33,0
CUST-13587,26,Other,Los Angeles,52357.97,13,75.44,59.0,2.9,0.53,1054.53,0
CUST-13588,52,Female,Austin,105054.43,10,276.83,95.6,10.2,0.47,2782.96,1
CUST-13589,33,Male,Los Angeles,63538.53,7,189.33,74.8,1.4,0.58,1325.69,0
CUST-13590,50,Male,Houston,54463.74,13,95.72,84.8,8.9,0.64,1267.65,1
CUST-13591,45,Female,Chicago,163704.27,4,233.82,76.4,4.9,0.11,1425.3,1
CUST-13592,65,Male,Miami,40391.26,10,78.69,61.5,9.1,0.61,823.76,1
CUST-13593,20,Female,Seattle,125100.55,4,301.66,80.6,0.8,0.36,1444.01,0
CUST-13594,53,Female,Los Angeles,79189.93,6,200.83,90.0,9.3,0.47,1269.45,1
CUST-13595,51,Female,San Francisco,56983.66,12,64.97,100.0,12.4,,868.78,1
CUST-13596,26,Male,Houston,26658.44,9,52.29,73.8,2.8,0.56,484.31,0
CUST-13597,50,Female,Los Angeles,37168.59,5,92.34,64.0,2.1,0.58,512.24,0
CUST-13598,42,Female,Los Angeles,109655.55,8,272.95,69.1,0.6,,2284.8,1
CUST-13599,35,Female,Houston,122504.92,3,315.68,69.6,2.9,0.34,1205.6,0
CUST-13600,28,Female,New York,76559.58,8,163.2,67.5,3.5,0.35,1414.61,1
CUST-13601,29,Male,Miami,55306.6,7,84.45,75.8,1.4,0.59,691.47,0
CUST-13602,62,Male,New York,107832.17,9,232.14,75.6,10.5,0.5,2156.74,1
CUST-13603,38,Female,New York,75868.41,8,136.72,79.6,4.1,0.68,1148.53,1
CUST-13604,47,Female,Los Angeles,107970.35,10,183.19,68.8,8.8,0.42,1998.81,1
CUST-13605,28,Female,New York,84619.14,9,180.67,60.2,1.1,0.49,1687.66,0
CUST-13606,28,Female,Chicago,60873.96,10,166.23,79.9,1.3,0.57,1620.18,0
CUST-13607,50,Male,Chicago,40102.09,8,115.57,80.2,3.5,0.59,933.3,1
CUST-13608,21,Male,San Francisco,47279.81,6,129.81,83.1,0.9,0.48,865.72,1
CUST-13609,33,Female,Austin,18000.0,9,58.64,71.4,2.1,0.62,541.32,0
CUST-13610,38,Male,San Francisco,140579.81,9,331.07,,6.6,0.35,3153.79,1
CUST-13611,39,Female,New York,67968.6,9,114.69,77.2,3.2,0.57,1117.45,0
CUST-13612,35,Male,Boston,53216.45,8,89.7,47.8,4.7,0.46,796.59,1
CUST-13613,42,Female,Chicago,21438.35,8,49.26,74.7,9.1,0.68,387.73,1
CUST-13614,46,Female,Chicago,41304.79,7,86.55,91.3,7.0,0.55,627.38,1
CUST-13615,46,Male,Chicago,38674.93,6,86.2,73.9,3.1,0.66,539.12,0
CUST-13616,26,Male,Los Angeles,41872.12,7,103.99,51.1,2.7,0.38,742.63,0
CUST-13617,34,Female,Boston,76783.08,8,143.46,62.6,0.6,0.51,1283.12,0
CUST-13618,52,Other,Los Angeles,66229.83,10,173.04,56.1,3.9,0.37,1803.52,1
CUST-13619,48,Female,Houston,26057.44,6,56.26,73.0,5.0,0.58,376.3,0
CUST-13620,21,Male,Los Angeles,32560.05,10,49.13,73.0,0.6,0.52,491.14,0
CUST-13621,42,Male,Miami,26872.73,9,54.98,58.1,6.0,0.48,553.36,1
CUST-13622,18,Male,Miami,127257.74,8,345.76,95.3,0.5,0.39,2887.63,1
CUST-13623,38,Male,Los Angeles,131416.01,7,238.21,56.7,3.5,0.32,1898.77,1
CUST-13624,60,Female,San Francisco,49529.45,10,58.81,69.6,4.8,0.46,728.31,0
CUST-13625,26,Female,San Francisco,28230.98,10,29.77,75.7,1.7,0.6,324.49,0
CUST-13626,27,Male,Houston,54870.37,9,118.87,80.3,1.4,0.42,1134.58,1
CUST-13627,47,Male,Phoenix,49916.63,3,47.1,66.5,3.0,0.61,309.31,1
CUST-13628,19,Male,Houston,60304.69,7,134.12,72.3,0.5,0.54,923.62,0
CUST-13629,30,Female,New York,105957.31,4,161.44,46.4,3.1,0.32,866.01,0
CUST-13630,45,Female,San Francisco,95065.77,9,141.46,65.8,7.2,0.35,1433.37,1
CUST-13631,30,Female,Chicago,32551.23,9,72.81,91.8,1.8,0.62,701.13,0
CUST-13632,35,Male,Chicago,65894.53,8,155.21,63.7,6.5,0.42,1359.29,1
CUST-13633,46,Female,Seattle,103782.78,4,214.74,57.5,3.3,0.28,1156.16,0
CUST-13634,43,Male,New York,50924.72,6,109.22,55.8,7.3,0.61,684.92,0
CUST-13635,41,Male,Los Angeles,72383.97,7,181.77,64.7,1.2,0.36,1369.06,0
CUST-13636,33,Female,New York,55476.47,8,79.0,67.6,4.2,0.48,745.82,1
CUST-13637,42,Female,New York,198429.56,5,450.0,64.9,4.7,0.01,2814.04,1
CUST-13638,36,Male,Los Angeles,32091.56,10,21.16,62.4,4.3,0.63,291.27,0
CUST-13639,43,Male,Austin,106221.8,3,293.93,70.2,2.2,0.42,1118.94,0
CUST-13640,32,Male,Los Angeles,27020.62,5,35.9,80.6,2.7,0.52,224.55,0
CUST-13641,35,Male,San Francisco,185906.4,7,450.0,74.2,5.3,0.09,3634.0,1
CUST-13642,26,Female,New York,41329.43,6,113.11,54.5,2.6,0.51,702.22,0
CUST-13643,37,Female,Phoenix,53609.16,5,115.47,,2.2,0.42,708.93,0
CUST-13644,28,Male,Austin,26389.29,6,10.0,88.7,1.7,0.76,185.93,0
CUST-13645,24,Male,Los Angeles,31722.18,12,67.32,59.0,0.5,0.66,794.5,0
CUST-13646,41,Male,Seattle,106087.24,6,247.47,80.7,1.3,0.67,1604.07,0
CUST-13647,40,Female,Austin,99647.21,9,174.51,64.8,1.6,0.34,1765.8,1
CUST-13648,47,Male,Phoenix,54957.69,6,128.54,62.4,3.8,0.64,900.32,0
CUST-13649,32,Female,Los Angeles,90246.74,8,248.43,64.9,4.4,0.44,2062.7,1
CUST-13650,42,Male,San Francisco,127888.19,11,215.45,78.8,5.1,0.34,2471.09,1
CUST-13651,44,Female,Seattle,48100.85,14,122.43,70.8,8.3,0.49,1634.49,1
CUST-13652,43,Female,New York,36338.17,8,106.15,73.8,7.7,0.64,820.65,1
CUST-13653,28,Female,Chicago,56496.75,8,97.82,63.7,2.6,0.51,818.47,1
CUST-13654,39,Female,Los Angeles,46684.21,4,111.5,65.7,4.4,0.59,543.45,0
CUST-13655,42,Female,Los Angeles,75665.13,6,75.47,70.9,9.0,0.53,655.38,1
CUST-13656,38,Female,Seattle,89068.22,7,122.04,77.7,4.8,0.6,1016.28,1
CUST-13657,18,Male,Chicago,40455.78,6,91.6,69.3,0.5,0.6,562.72,0
CUST-13658,39,Male,Los Angeles,88593.72,7,238.34,64.5,7.4,0.39,1761.89,1
CUST-13659,64,Male,Phoenix,67623.35,6,149.75,43.3,1.5,0.4,1043.44,0
CUST-13660,33,Female,Los Angeles,89448.72,5,208.66,55.4,4.1,0.27,1279.11,0
CUST-13661,29,Female,Los Angeles,50810.88,8,126.39,79.3,0.9,0.46,1115.31,0
CUST-13662,42,Male,Houston,76013.62,10,174.27,80.5,8.0,0.55,1748.67,1
CUST-13663,41,Female,Chicago,73776.19,15,178.43,76.2,7.4,0.56,2566.79,1
CUST-13664,52,Female,Los Angeles,85806.86,9,189.28,67.2,7.1,0.34,1780.11,1
CUST-13665,22,Female,New York,169227.44,2,345.62,65.7,1.2,0.08,1180.12,0
CUST-13666,46,Female,Houston,60632.95,16,119.81,81.6,8.8,0.62,1740.48,1
CUST-13667,45,Female,Miami,37995.6,7,101.14,79.8,5.5,0.72,669.17,1
CUST-13668,36,Male,Seattle,38867.6,11,110.97,93.5,6.6,0.72,1116.43,1
CUST-13669,42,Male,Los Angeles,109505.5,7,197.86,,4.5,0.32,1632.39,1
CUST-13670,50,Female,Phoenix,58296.27,13,96.18,90.2,11.5,0.63,1219.23,1
CUST-13671,48,Male,Seattle,156084.77,7,373.38,43.8,7.2,0.16,2897.78,1
CUST-13672,24,Male,Chicago,20619.94,7,23.95,72.7,1.3,0.78,244.8,1
CUST-13673,47,Female,Boston,102503.79,3,173.59,76.0,0.5,0.4,794.74,0
CUST-13674,37,Female,Boston,57053.97,4,89.56,73.7,2.6,0.52,450.08,0
CUST-13675,38,Female,Los Angeles,52208.54,8,114.48,78.7,7.0,0.68,882.98,1
CUST-13676,38,Male,Los Angeles,42504.19,5,65.71,49.0,3.7,0.54,407.41,0
CUST-13677,36,Female,New York,114678.76,5,256.5,59.3,3.3,0.27,1567.98,1
CUST-13678,52,Male,New York,99396.55,11,154.86,49.4,6.9,0.37,1894.75,1
CUST-13679,36,Male,Boston,36721.97,5,70.87,59.5,2.4,0.65,394.32,0
CUST-13680,24,Female,Boston,70599.78,6,107.82,60.7,1.4,0.36,776.61,0
CUST-13681,33,Male,New York,104105.67,3,161.91,68.6,2.6,0.36,734.81,0
CUST-13682,40,Male,Phoenix,53297.5,7,108.61,78.6,8.0,0.53,808.21,1
CUST-13683,52,Female,Houston,89556.67,12,132.82,74.3,7.9,0.5,1706.99,1
CUST-13684,45,Male,Chicago,49206.0,8,47.87,82.3,9.1,0.56,451.19,1
CUST-13685,27,Female,Phoenix,18000.0,11,51.7,85.8,2.6,0.69,529.73,1
CUST-13686,67,Female,Boston,71373.39,9,98.11,89.9,3.6,0.57,900.61,0
CUST-13687,41,Other,New York,80050.86,13,216.37,86.0,8.0,0.61,2619.82,1
CUST-13688,53,Male,New York,85450.95,5,178.9,72.0,1.7,0.48,1119.55,0
CUST-13689,36,Female,New York,127209.95,8,307.92,,3.5,0.27,2671.97,1
CUST-13690,44,Male,Chicago,21430.25,4,51.49,64.2,2.9,0.76,225.61,0
CUST-13691,48,Female,Los Angeles,55299.56,9,105.94,72.9,6.7,0.58,933.93,1
CUST-13692,52,Male,Chicago,35862.99,6,57.89,69.1,4.4,0.7,376.93,0
CUST-13693,50,Male,Houston,28132.8,7,82.43,79.5,9.4,0.73,589.44,1
CUST-13694,48,Female,San Francisco,73154.05,7,127.44,94.3,11.3,0.7,953.16,1
CUST-13695,34,Male,Chicago,80797.49,5,116.38,78.2,4.7,0.49,712.32,0
CUST-13696,31,Male,Los Angeles,72419.82,14,118.31,75.9,2.2,0.6,1604.42,1
CUST-13697,41,Male,Miami,36495.55,8,56.02,59.7,5.7,0.62,496.36,0
CUST-13698,49,Female,Seattle,62969.63,10,128.25,75.5,11.1,0.52,1341.51,1
CUST-13699,35,Male,Los Angeles,99181.84,10,162.93,69.8,2.2,0.39,1732.37,1
CUST-13700,50,Male,Los Angeles,87669.26,5,165.41,,2.0,0.3,1089.02,0
CUST-13701,55,Male,Miami,39039.21,5,56.12,39.6,2.4,0.43,359.24,0
CUST-13702,27,Female,New York,53710.1,7,56.58,73.8,2.0,0.58,518.34,0
CUST-13703,27,Female,Los Angeles,26410.58,11,31.79,90.4,2.8,0.75,351.25,1
CUST-13704,36,Male,Chicago,45893.76,11,75.88,67.1,4.9,0.63,867.93,1
CUST-13705,41,Male,New York,30705.9,11,56.71,57.5,4.4,0.59,609.3,1
CUST-13706,31,Male,New York,205590.05,11,310.58,71.1,3.9,0.05,3973.23,1
CUST-13707,54,Male,Chicago,37094.76,10,84.67,73.1,9.3,0.61,738.77,1
CUST-13708,43,Male,San Francisco,132053.53,8,250.18,49.2,6.5,0.28,2235.68,1
CUST-13709,38,Male,Seattle,168080.22,3,450.0,55.1,2.0,0.21,1844.07,0
CUST-13710,20,Female,Austin,66397.25,4,171.66,56.5,0.6,0.49,767.59,0
CUST-13711,22,Female,New York,69570.61,7,181.52,85.3,0.9,0.57,1249.74,0
CUST-13712,41,Male,Los Angeles,32163.24,10,33.11,76.8,7.5,0.48,375.72,1
CUST-13713,18,Female,San Francisco,58933.92,7,140.66,49.5,0.5,0.56,1055.63,0
CUST-13714,50,Female,Houston,114770.44,8,224.77,56.2,3.6,0.21,2044.78,1
CUST-13715,36,Female,Los Angeles,74264.5,7,184.32,56.4,0.9,0.37,1397.77,0
CUST-13716,75,Female,Los Angeles,63192.19,7,145.46,65.4,11.6,,1063.26,1
CUST-13717,65,Male,Los Angeles,120069.2,9,259.89,61.0,6.4,0.3,2552.49,1
CUST-13718,35,Male,Chicago,80574.33,4,227.29,82.6,1.9,0.6,998.41,0
CUST-13719,36,Female,New York,67925.58,9,123.75,63.7,1.3,0.44,1197.32,1
CUST-13720,49,Male,Austin,66399.05,4,122.18,55.9,0.7,0.32,636.83,0
CUST-13721,58,Male,New York,49815.03,11,139.43,75.8,6.7,0.59,1453.29,1
CUST-13722,18,Male,Austin,45016.75,3,125.5,67.6,0.5,0.62,410.44,0
CUST-13723,18,Male,Seattle,61083.33,6,105.58,61.3,0.5,0.5,726.37,1
CUST-13724,30,Female,Chicago,75171.37,5,162.79,71.7,4.7,0.49,952.04,0
CUST-13725,44,Male,San Francisco,40651.49,10,72.28,57.6,2.5,0.44,751.2,0
CUST-13726,43,Male,San Francisco,78794.02,13,202.04,79.0,2.8,0.49,2512.47,1
CUST-13727,50,Male,Los Angeles,51268.45,4,134.26,71.0,4.6,0.58,550.74,1
CUST-13728,23,Male,Los Angeles,39707.58,6,61.54,96.6,1.2,0.84,426.48,1
CUST-13729,18,Female,Houston,42466.08,1,79.67,66.2,0.5,0.65,195.51,0
CUST-13730,48,Male,Phoenix,18000.0,8,26.23,70.3,4.5,0.65,220.49,0
CUST-13731,28,Female,Houston,35239.13,6,51.94,76.3,0.9,0.62,382.37,0
CUST-13732,18,Female,Chicago,32828.32,6,85.17,60.7,0.5,0.55,557.0,0
CUST-13733,39,Female,Chicago,49455.68,5,76.57,77.0,6.8,0.53,519.25,1
CUST-13734,47,Male,Houston,18000.0,5,14.16,70.8,3.2,0.8,75.21,0
CUST-13735,36,Male,Chicago,62582.22,7,169.34,87.9,1.4,0.6,1181.23,0
CUST-13736,32,Female,Houston,81098.39,5,120.03,71.4,3.2,0.54,798.32,0
CUST-13737,36,Female,Seattle,63863.0,10,184.72,80.7,1.9,0.49,1749.98,1
CUST-13738,33,Male,Phoenix,62569.64,10,144.76,58.3,2.6,0.59,1461.94,0
CUST-13739,21,Male,San Francisco,58694.83,8,73.66,62.4,1.0,0.41,679.71,0
CUST-13740,29,Female,Phoenix,22411.49,5,37.62,61.1,1.4,0.7,166.48,0
CUST-13741,44,Female,Phoenix,48799.98,15,88.43,100.0,8.5,0.67,1244.18,1
CUST-13742,41,Male,Houston,72322.89,10,183.27,86.8,6.4,0.65,1741.66,1
CUST-13743,40,Female,New York,37718.67,7,100.62,70.5,2.3,0.53,749.83,1
CUST-13744,26,Female,Austin,47225.84,9,98.22,82.2,1.9,0.72,862.36,0
CUST-13745,35,Female,New York,64637.27,7,78.76,54.4,4.4,0.48,659.93,0
CUST-13746,18,Female,Chicago,236687.03,6,450.0,65.7,0.5,0.0,3386.26,0
CUST-13747,40,Male,New York,81780.18,5,170.86,67.0,1.7,0.53,996.14,0
CUST-13748,55,Female,New York,28206.78,10,68.34,61.5,8.1,0.57,676.59,1
CUST-13749,20,Female,Miami,18000.0,8,29.76,45.7,0.7,0.53,266.85,0
CUST-13750,30,Female,Chicago,81964.34,11,153.55,55.0,2.5,0.4,1750.59,1
CUST-13751,41,Male,Miami,178299.98,6,450.0,65.8,1.1,0.18,3140.01,1
CUST-13752,53,Female,Los Angeles,54137.08,12,123.34,94.6,13.0,0.53,1434.12,1
CUST-13753,32,Male,Los Angeles,52541.16,12,82.99,72.0,4.0,0.53,1048.41,1
CUST-13754,29,Male,Los Angeles,77276.8,9,143.57,56.9,2.9,0.45,1429.9,0
CUST-13755,18,Female,Phoenix,32711.8,5,46.61,61.0,0.5,0.58,312.24,0
CUST-13756,39,Female,Miami,18000.0,5,16.42,69.1,3.6,0.61,100.66,0
CUST-13757,62,Female,Chicago,95551.66,12,130.99,85.7,14.8,0.4,1718.92,1
CUST-13758,41,Male,Chicago,41864.73,6,115.72,100.0,1.7,0.83,665.07,0
CUST-13759,37,Female,Austin,100747.14,14,198.0,79.6,5.7,0.44,2767.93,1
CUST-13760,41,Male,New York,49991.65,9,109.27,65.0,4.2,0.45,983.32,0
CUST-13761,37,Female,Houston,54698.76,11,106.42,81.5,6.8,0.61,1167.78,1
CUST-13762,28,Male,Chicago,87221.5,7,143.89,96.0,3.0,0.58,1116.45,0
CUST-13763,47,Female,New York,124901.42,5,224.1,66.1,6.7,0.35,1409.73,0
CUST-13764,40,Female,Los Angeles,70000.4,7,165.13,85.3,8.3,0.53,1154.35,1
CUST-13765,38,Male,New York,80155.53,5,153.72,86.8,7.3,0.52,901.75,1
CUST-13766,26,Male,Seattle,92318.21,5,106.58,64.9,0.6,0.51,669.18,0
CUST-13767,53,Female,Phoenix,61495.81,6,134.49,61.9,3.1,0.61,874.23,0
CUST-13768,45,Female,Miami,26987.16,13,45.71,51.4,7.5,0.65,609.83,1
CUST-13769,31,Female,Houston,27246.1,10,52.01,85.7,4.8,0.59,534.42,1
CUST-13770,50,Female,Phoenix,18000.0,12,47.18,69.1,5.8,0.58,519.35,1
CUST-13771,32,Male,San Francisco,111271.25,8,284.72,65.1,0.7,0.31,2473.14,0
CUST-13772,28,Male,Boston,53340.79,5,112.97,61.5,2.8,0.49,665.28,1
CUST-13773,28,Male,New York,110216.65,6,268.49,87.1,1.2,0.51,1695.63,1
CUST-13774,18,Male,Los Angeles,76238.15,7,107.53,49.6,0.5,0.48,895.67,0
CUST-13775,43,Female,San Francisco,45947.69,4,119.25,51.5,4.2,0.63,519.02,0
CUST-13776,18,Male,Austin,56117.27,6,60.78,70.9,0.5,0.52,409.26,0
CUST-13777,23,Female,Austin,47472.18,3,122.67,72.3,1.9,0.49,444.71,0
CUST-13778,18,Female,Phoenix,35955.15,5,71.16,54.1,0.5,0.51,435.59,0
CUST-13779,36,Female,New York,115583.47,5,130.16,72.4,0.7,0.39,911.33,0
CUST-13780,36,Female,New York,250000.0,7,450.0,63.9,4.4,0.15,3736.56,1
CUST-13781,34,Male,Boston,113598.25,6,216.19,69.6,2.4,0.31,1516.53,1
CUST-13782,25,Female,Chicago,56123.62,5,113.99,73.1,2.3,0.58,636.37,0
CUST-13783,23,Male,New York,137291.06,7,325.25,74.9,1.2,0.37,2451.51,0
CUST-13784,43,Male,Boston,153088.72,9,295.81,81.2,7.5,0.2,2999.3,1
CUST-13785,31,Female,New York,36458.11,9,54.16,68.7,4.8,0.59,493.31,0
CUST-13786,41,Male,San Francisco,139930.29,6,171.16,66.0,3.7,0.16,1430.31,1
CUST-13787,27,Other,Phoenix,71645.13,10,164.99,72.4,3.6,0.51,1649.35,1
CUST-13788,40,Female,New York,132476.97,2,330.03,71.4,1.7,0.34,990.76,0
CUST-13789,53,Female,Los Angeles,93564.44,13,192.65,62.2,9.2,0.32,2513.42,1
CUST-13790,45,Male,New York,65266.89,6,166.53,63.9,0.9,0.45,1055.19,0
CUST-13791,33,Female,Phoenix,134736.3,7,207.25,67.6,1.7,0.41,1739.01,0
CUST-13792,41,Male,Chicago,67412.75,9,141.01,89.0,6.0,0.58,1287.86,1
CUST-13793,35,Female,New York,58861.42,9,172.42,56.2,0.8,0.42,1536.45,0
CUST-13794,38,Male,Austin,76749.27,10,205.83,83.1,1.3,0.49,2097.28,0
CUST-13795,34,Female,Los Angeles,101311.97,11,242.7,65.6,2.2,0.39,2721.29,1
CUST-13796,36,Male,Los Angeles,65325.81,5,126.34,32.0,4.4,0.34,825.69,0
CUST-13797,40,Male,Los Angeles,75836.13,3,193.34,63.4,0.6,0.5,749.7,0
CUST-13798,26,Male,New York,76442.04,5,159.51,64.3,1.8,0.49,938.38,0
CUST-13799,25,Male,Austin,42841.92,1,68.66,68.5,1.9,0.55,203.89,0
CUST-13800,21,Female,Los Angeles,41309.58,1,49.52,73.3,0.8,0.69,146.74,0
CUST-13801,18,Male,Chicago,28208.6,7,10.0,81.5,0.5,0.66,161.26,0
CUST-13802,23,Male,Seattle,144661.75,2,281.85,100.0,1.4,0.43,922.9,0
CUST-13803,39,Female,Phoenix,43605.16,8,77.62,59.1,5.3,0.41,646.86,1
CUST-13804,27,Male,Chicago,18000.0,8,31.69,83.8,2.1,0.72,264.74,1
CUST-13805,44,Male,Boston,79267.87,11,133.96,80.3,7.4,0.52,1482.44,1
CUST-13806,38,Female,San Francisco,91526.68,13,224.91,48.1,2.1,0.45,2813.07,1
CUST-13807,18,Male,Los Angeles,24501.22,4,71.0,79.2,0.5,0.69,336.03,0
CUST-13808,45,Male,Phoenix,32158.8,7,51.44,,2.2,0.77,411.2,0
CUST-13809,47,Male,Boston,41947.62,10,96.43,60.4,4.9,0.6,989.55,1
CUST-13810,26,Male,Houston,35510.11,10,85.09,61.1,0.7,0.49,829.17,0
CUST-13811,43,Female,San Francisco,139087.73,10,279.19,100.0,8.3,0.24,3019.9,1
CUST-13812,27,Male,Austin,55318.98,4,95.0,69.9,2.2,0.7,495.43,0
CUST-13813,39,Female,San Francisco,61258.31,8,97.66,78.5,8.2,0.71,807.38,1
CUST-13814,22,Male,New York,128193.94,7,329.68,47.9,1.5,0.27,2494.72,1
CUST-13815,18,Male,Los Angeles,79812.53,15,95.64,61.9,0.5,0.41,1506.19,1
CUST-13816,33,Male,Phoenix,20417.56,6,20.41,55.9,1.1,0.58,117.02,0
CUST-13817,36,Female,Los Angeles,45773.02,9,117.84,90.6,4.6,0.67,1007.09,1
CUST-13818,33,Female,Austin,70002.85,9,177.19,53.2,2.7,0.39,1731.47,1
CUST-13819,23,Female,Chicago,35662.15,8,106.29,71.3,1.3,0.45,798.42,0
CUST-13820,33,Other,Chicago,156931.95,6,431.24,66.1,2.2,0.3,2813.87,1
CUST-13821,41,Male,San Francisco,80250.77,7,232.73,47.2,0.9,0.46,1795.51,0
CUST-13822,37,Male,Houston,35313.43,7,53.33,100.0,5.5,0.57,451.19,1
CUST-13823,40,Male,Chicago,32445.54,5,90.29,98.6,8.5,0.74,494.88,1
CUST-13824,29,Male,New York,116293.03,8,213.81,71.2,2.6,0.48,1837.49,1
CUST-13825,52,Male,Phoenix,35267.2,2,50.17,89.5,4.8,0.76,177.68,0
CUST-13826,23,Male,Seattle,81887.83,9,98.57,54.5,1.9,0.45,1042.22,1
CUST-13827,43,Male,San Francisco,42647.01,9,78.73,76.2,4.0,0.49,744.27,1
CUST-13828,52,Male,Chicago,58917.24,13,107.61,58.3,12.5,0.43,1453.83,1
CUST-13829,43,Male,New York,53218.52,6,83.93,61.8,8.6,0.52,537.53,1
CUST-13830,35,Male,Miami,43958.86,9,73.95,54.1,3.8,0.62,673.76,1
CUST-13831,31,Female,Boston,43659.72,6,115.73,79.8,3.7,0.66,712.71,0
CUST-13832,50,Male,Chicago,94997.26,11,112.67,72.7,9.1,0.47,1358.19,1
CUST-13833,20,Female,San Francisco,59335.93,8,122.44,73.2,0.7,0.74,1018.93,0
CUST-13834,26,Female,Chicago,52947.79,6,144.56,64.3,0.9,0.62,932.47,0
CUST-13835,33,Male,Houston,49076.5,10,82.41,65.4,4.3,0.68,823.68,0
CUST-13836,52,Male,Seattle,151642.13,5,307.34,47.9,0.5,0.2,1958.93,0
CUST-13837,42,Male,New York,114148.89,5,232.57,83.1,7.0,0.52,1300.71,1
CUST-13838,26,Female,Houston,76423.62,2,145.03,80.6,2.0,0.52,404.96,0
CUST-13839,34,Male,Los Angeles,28305.7,5,51.84,50.5,2.0,0.58,317.86,0
CUST-13840,30,Male,Los Angeles,44871.84,9,121.84,88.9,4.0,0.61,1001.57,0
CUST-13841,29,Male,Phoenix,88340.05,7,170.05,52.5,2.1,0.36,1350.13,0
CUST-13842,49,Female,New York,40726.7,7,81.85,60.3,6.3,0.52,628.82,0
CUST-13843,21,Male,Phoenix,50850.55,6,76.0,77.6,0.5,0.61,512.51,0
CUST-13844,57,Female,Los Angeles,36575.4,9,17.76,48.3,6.3,0.5,279.66,1
CUST-13845,47,Female,San Francisco,46817.79,4,62.72,57.9,2.4,0.53,371.81,0
CUST-13846,51,Female,New York,169481.22,6,251.11,65.5,4.0,0.08,1992.48,1
CUST-13847,32,Female,San Francisco,108673.97,7,254.24,,1.8,0.49,1879.73,0
CUST-13848,36,Male,Phoenix,79714.72,11,133.39,63.5,0.8,0.54,1469.7,0
CUST-13849,20,Female,Austin,88184.01,7,238.55,66.9,0.6,0.36,1807.11,0
CUST-13850,31,Female,Boston,60638.02,12,89.1,61.9,3.0,0.39,1165.92,1
CUST-13851,43,Male,Los Angeles,44088.91,8,72.37,83.4,5.9,0.67,639.55,1
CUST-13852,53,Male,New York,59817.85,13,148.57,76.7,6.7,0.51,1917.05,1
CUST-13853,24,Female,Phoenix,44299.39,9,91.79,72.6,2.2,0.44,923.77,1
CUST-13854,33,Female,Phoenix,118513.54,10,203.58,74.1,0.7,0.48,2175.77,0
CUST-13855,36,Female,New York,37493.63,9,45.9,67.8,4.6,0.49,551.56,1
CUST-13856,21,Female,New York,55452.04,7,99.32,69.2,1.1,0.68,772.01,0
CUST-13857,45,Female,Phoenix,30889.07,8,46.72,66.3,0.9,0.48,440.36,0
CUST-13858,29,Male,Boston,110264.04,2,218.42,62.3,2.4,0.29,749.49,0
CUST-13859,35,Female,Boston,164261.62,5,416.05,66.1,4.2,0.28,2424.58,1
CUST-13860,32,Male,New York,85348.47,5,210.12,77.2,1.5,0.36,1223.24,0
CUST-13861,28,Female,Chicago,69168.31,6,104.7,67.3,1.4,0.47,766.41,0
CUST-13862,37,Female,New York,76555.03,7,163.88,89.7,6.1,0.41,1249.51,1
CUST-13863,35,Female,Chicago,70794.01,5,143.51,79.4,4.1,0.6,822.13,0
CUST-13864,33,Male,San Francisco,111641.69,7,286.98,45.0,2.2,0.25,2239.29,0
CUST-13865,29,Male,Miami,63673.71,8,99.85,65.1,3.5,0.47,864.03,0
CUST-13866,41,Male,Houston,66047.13,7,96.35,71.8,7.0,0.52,834.51,1
CUST-13867,57,Female,New York,107776.16,3,116.52,58.0,5.5,0.29,649.97,1
CUST-13868,39,Female,Chicago,23380.35,12,72.93,64.4,4.4,0.64,821.06,1
CUST-13869,49,Male,Boston,65076.97,7,83.4,86.9,8.4,0.63,680.14,1
CUST-13870,21,Female,Los Angeles,72574.32,5,178.45,92.5,0.7,0.59,1015.74,0
CUST-13871,39,Female,Los Angeles,76713.73,7,124.88,93.4,5.5,0.59,989.48,1
CUST-13872,24,Male,San Francisco,69635.45,9,163.69,69.3,1.0,0.42,1556.61,0
CUST-13873,20,Male,San Francisco,82194.85,11,191.73,69.2,0.6,0.47,2122.53,0
CUST-13874,29,Female,Boston,45359.2,6,57.51,81.7,1.7,0.6,528.9,0
CUST-13875,52,Female,Chicago,23420.52,12,80.09,100.0,12.8,0.72,831.05,1
CUST-13876,49,Female,Houston,84143.19,11,249.78,92.4,10.4,0.55,2631.22,1
CUST-13877,40,Female,Chicago,32260.68,14,83.81,63.0,5.2,0.59,1066.04,1
CUST-13878,19,Other,Boston,59999.69,8,141.98,64.3,0.5,,1156.13,0
CUST-13879,35,Male,Miami,35388.49,11,53.59,69.7,0.9,0.72,587.64,1
CUST-13880,41,Female,Seattle,149738.87,10,242.99,80.2,6.2,0.19,2807.69,1
CUST-13881,40,Male,New York,70282.79,13,154.69,74.8,3.2,0.53,1923.76,1
CUST-13882,18,Male,Miami,44067.53,6,88.05,71.8,0.5,0.46,616.26,1
CUST-13883,27,Male,Chicago,82679.18,5,128.87,65.8,3.1,0.46,798.73,1
CUST-13884,37,Male,New York,214988.9,8,431.87,57.3,0.8,0.0,4055.26,1
CUST-13885,44,Female,New York,89585.55,7,164.59,68.0,6.5,0.47,1228.9,1
CUST-13886,18,Female,San Francisco,62803.28,5,130.3,73.1,0.5,0.72,643.32,0
CUST-13887,36,Male,Chicago,80586.56,5,168.0,58.6,1.9,0.44,1018.38,0
CUST-13888,39,Female,Seattle,30847.28,11,76.58,71.7,5.6,0.6,768.73,1
CUST-13889,48,Female,San Francisco,77628.26,12,173.82,76.6,6.9,0.5,2166.13,1
CUST-13890,46,Female,New York,198210.21,7,450.0,47.3,8.7,0.01,3744.1,1
CUST-13891,44,Female,San Francisco,82071.49,5,175.8,100.0,1.6,0.49,1001.21,0
CUST-13892,28,Male,New York,77187.55,4,118.07,71.3,2.1,0.43,618.39,0
CUST-13893,18,Female,Chicago,57475.18,3,106.62,56.0,0.5,0.43,501.23,0
CUST-13894,33,Female,Phoenix,40010.67,5,100.85,66.3,4.3,0.53,577.24,0
CUST-13895,50,Female,Seattle,79252.08,12,113.68,80.4,8.9,0.65,1347.08,1
CUST-13896,54,Female,Chicago,83819.98,7,233.01,89.0,4.9,0.49,1698.51,1
CUST-13897,46,Female,Miami,43599.31,6,99.03,52.4,1.5,0.53,628.55,0
CUST-13898,43,Female,Miami,18000.0,7,60.11,57.8,9.5,0.65,387.64,1
CUST-13899,42,Female,Chicago,71797.07,6,170.76,61.2,1.5,0.57,1094.85,0
CUST-13900,31,Other,Houston,149532.61,8,276.27,74.1,5.2,0.36,2482.01,1
CUST-13901,36,Male,San Francisco,62839.65,10,105.86,56.6,1.3,0.48,1112.36,1
CUST-13902,58,Male,New York,35049.72,5,40.71,70.0,3.0,0.63,309.35,0
CUST-13903,26,Male,Boston,91219.87,6,148.99,63.1,1.3,0.43,1083.94,0
CUST-13904,57,Female,Miami,123084.06,6,177.49,65.9,7.9,0.33,1375.81,1
CUST-13905,34,Female,Los Angeles,81181.99,11,168.7,82.9,5.2,0.43,1936.64,1
CUST-13906,53,Male,Austin,141161.54,8,175.45,87.4,13.6,0.39,1692.1,1
CUST-13907,21,Other,New York,108764.35,1,163.47,62.3,0.8,0.37,450.16,0
CUST-13908,45,Female,Boston,92572.47,9,234.94,42.5,0.7,0.21,2305.96,0
CUST-13909,29,Female,Los Angeles,48086.73,7,85.95,82.9,2.9,0.56,583.2,0
CUST-13910,21,Male,Miami,59362.03,8,138.02,75.5,1.0,0.55,1134.25,0
CUST-13911,40,Female,Chicago,56053.1,8,130.8,66.1,3.8,0.43,1100.82,1
CUST-13912,50,Female,San Francisco,73467.94,12,95.55,75.1,2.8,0.49,1250.72,1
CUST-13913,27,Female,New York,64419.52,8,153.06,50.9,1.4,0.2,1321.95,0
CUST-13914,20,Female,Los Angeles,69742.74,5,135.89,83.9,0.7,0.54,808.61,0
CUST-13915,36,Female,New York,38251.27,8,78.53,74.4,3.8,0.48,704.44,1
CUST-13916,36,Male,Seattle,101620.72,9,200.3,73.3,5.5,0.39,1938.6,1
CUST-13917,44,Female,Los Angeles,40170.55,13,108.03,74.7,2.7,0.6,1365.79,1
CUST-13918,49,Male,San Francisco,66925.59,17,159.27,97.7,10.5,0.66,2532.12,1
CUST-13919,37,Male,Miami,60717.46,11,104.84,60.3,1.6,0.54,1173.5,1
CUST-13920,60,Male,Boston,40891.8,4,81.72,59.5,5.3,0.55,425.22,0
CUST-13921,40,Male,New York,27360.98,8,29.57,65.2,5.4,0.73,264.34,0
CUST-13922,33,Male,Boston,53680.13,6,125.63,69.0,4.6,0.56,795.0,1
CUST-13923,18,Female,New York,35758.95,6,54.48,60.8,0.5,0.56,382.6,0
CUST-13924,34,Female,San Francisco,108296.46,8,242.72,99.5,6.1,0.54,2021.88,1
CUST-13925,33,Male,San Francisco,42604.73,10,87.92,78.1,4.4,0.68,866.06,1
CUST-13926,49,Female,New York,153688.39,8,331.85,74.4,3.1,0.23,2916.66,1
CUST-13927,43,Male,Los Angeles,62122.62,7,89.59,63.6,7.4,0.45,720.75,1
CUST-13928,23,Male,Houston,53013.07,3,138.48,88.0,1.5,0.53,559.54,0
CUST-13929,40,Female,Chicago,21130.54,6,53.91,69.5,6.7,0.55,338.49,1
CUST-13930,46,Female,Boston,69895.24,12,140.06,95.5,10.3,0.77,1596.17,1
CUST-13931,56,Female,Los Angeles,59854.51,7,153.94,80.9,10.8,0.41,1225.81,1
CUST-13932,48,Male,Boston,33954.51,8,59.55,64.2,4.5,0.49,519.48,1
CUST-13933,47,Female,Chicago,59422.27,15,119.41,93.1,9.3,0.51,1762.83,1
CUST-13934,38,Female,Austin,48842.14,8,83.33,78.1,5.7,0.73,667.64,1
CUST-13935,42,Female,San Francisco,68055.47,6,101.99,88.2,5.7,0.5,705.9,1
CUST-13936,52,Male,Miami,52137.91,9,74.27,,5.1,0.42,664.16,0
CUST-13937,22,Female,New York,57778.82,8,88.32,66.2,1.5,0.37,799.53,0
CUST-13938,33,Female,Phoenix,55153.08,3,73.98,56.1,3.3,0.48,294.99,0
CUST-13939,28,Other,New York,70040.35,8,159.57,67.4,2.7,0.39,1324.06,0
CUST-13940,42,Male,Los Angeles,78916.54,8,142.92,66.8,4.3,0.37,1324.16,1
CUST-13941,52,Female,Phoenix,37432.78,9,56.59,89.1,10.7,0.78,542.05,1
CUST-13942,30,Male,San Francisco,44534.18,7,86.03,67.0,2.0,,680.73,0
CUST-13943,18,Female,New York,51311.51,6,113.57,79.0,0.5,0.54,749.32,1
CUST-13944,33,Male,Houston,105877.19,6,129.04,66.1,1.1,0.34,981.58,0
CUST-13945,48,Male,Houston,83007.81,12,142.29,90.4,8.7,0.74,1586.51,1
CUST-13946,44,Female,New York,134160.77,11,301.86,74.3,5.2,0.18,3582.66,1
CUST-13947,43,Male,Houston,97739.76,10,202.43,65.6,7.1,0.32,2172.53,1
CUST-13948,34,Male,San Francisco,60072.85,10,143.67,72.6,3.6,0.51,1465.77,1
CUST-13949,22,Male,New York,84796.59,4,175.1,88.3,0.6,0.48,802.7,0
CUST-13950,44,Male,Miami,53456.64,4,86.65,79.9,5.2,0.52,466.07,1
CUST-13951,27,Female,Houston,71573.2,5,132.44,66.7,3.5,0.38,783.09,1
CUST-13952,64,Female,Seattle,58604.07,14,158.06,78.9,11.4,0.51,2132.09,1
CUST-13953,44,Female,Los Angeles,65267.47,8,67.64,55.3,3.5,0.5,709.17,0
CUST-13954,31,Male,Seattle,70212.34,6,79.44,70.7,4.9,0.52,575.75,1
CUST-13955,30,Female,New York,95438.35,7,224.04,86.2,3.8,0.41,1704.38,1
CUST-13956,36,Male,Chicago,78956.22,8,112.82,49.0,2.9,0.22,1072.42,1
CUST-13957,35,Female,New York,76645.04,8,168.16,62.8,4.3,0.5,1414.37,1
CUST-13958,51,Female,Seattle,72051.68,8,69.91,52.4,5.9,0.38,708.93,1
CUST-13959,40,Female,San Francisco,84916.29,2,170.2,47.7,1.3,0.25,549.54,0
CUST-13960,29,Female,New York,166604.88,3,214.23,64.6,3.6,0.16,1087.72,1
CUST-13961,60,Male,New York,30794.94,4,68.71,56.7,3.3,0.53,298.55,0
CUST-13962,38,Male,Los Angeles,38365.82,8,81.11,74.3,3.9,0.64,638.25,0
CUST-13963,47,Female,New York,102430.97,10,286.4,75.0,8.3,0.46,2835.89,1
CUST-13964,30,Male,Phoenix,55800.14,6,130.19,81.7,4.5,0.47,925.77,1
CUST-13965,42,Male,San Francisco,86495.44,5,176.74,58.9,1.1,0.46,1010.33,0
CUST-13966,41,Male,Boston,90768.66,10,98.45,69.6,3.9,0.47,1119.49,1
CUST-13967,18,Female,Austin,66323.97,7,152.4,64.8,0.5,0.48,1143.6,0
CUST-13968,62,Female,Phoenix,36864.28,8,92.79,60.1,11.8,0.56,729.32,1
CUST-13969,53,Male,New York,100158.5,9,148.02,72.5,12.9,0.41,1420.96,1
CUST-13970,33,Male,Los Angeles,62956.89,10,67.9,51.5,0.5,0.42,806.61,0
CUST-13971,24,Female,Houston,41147.49,6,90.97,71.8,1.7,0.49,571.9,0
CUST-13972,42,Female,Houston,72684.76,3,173.76,69.1,0.6,0.41,698.83,0
CUST-13973,39,Male,Phoenix,67518.47,12,154.45,82.8,6.7,0.51,1859.52,1
CUST-13974,42,Female,Austin,66349.63,6,94.67,49.6,1.9,0.56,694.41,0
CUST-13975,40,Female,Seattle,159803.97,11,438.93,90.7,7.9,0.28,4800.0,1
CUST-13976,44,Female,New York,141990.86,10,297.47,65.8,2.0,0.25,3136.66,0
CUST-13977,55,Female,Los Angeles,102815.41,10,258.16,73.3,11.4,0.25,2727.35,1
CUST-13978,44,Female,Seattle,244342.53,9,450.0,55.1,3.4,0.0,4762.96,1
CUST-13979,25,Male,Miami,47833.19,7,70.01,58.6,1.8,0.46,569.86,0
CUST-13980,54,Male,Los Angeles,49383.01,9,79.34,84.0,9.0,0.63,722.01,1
CUST-13981,57,Male,San Francisco,116617.4,9,210.74,60.2,3.5,0.24,2109.85,1
CUST-13982,75,Male,San Francisco,66846.56,10,144.67,37.8,4.8,0.47,1439.42,1
CUST-13983,24,Male,Chicago,57225.45,6,80.16,53.6,0.7,0.65,589.56,0
CUST-13984,40,Male,Los Angeles,38055.54,4,109.18,64.4,0.5,0.62,518.51,0
CUST-13985,18,Female,Seattle,91717.94,6,190.44,69.8,0.5,0.35,1363.95,0
CUST-13986,44,Female,San Francisco,36350.7,10,77.79,77.9,5.6,0.65,748.15,0
CUST-13987,31,Female,New York,69695.11,6,109.25,67.8,3.9,0.48,785.34,1
CUST-13988,61,Female,San Francisco,75266.8,11,117.87,98.4,12.0,0.61,1293.52,1
CUST-13989,28,Male,San Francisco,60989.24,1,106.1,65.3,0.7,0.46,266.69,0
CUST-13990,18,Male,Seattle,28128.43,12,69.33,59.5,0.5,0.47,832.61,1
CUST-13991,32,Male,Los Angeles,56721.214,7,54.84,47.9,4.4,0.47,428.14,1
CUST-13992,18,Female,Austin,41036.78,4,64.03,72.4,0.5,0.53,344.28,0
CUST-13993,47,Male,New York,95762.82,6,153.25,33.3,2.5,0.15,1151.4,0
CUST-13994,18,Female,Phoenix,56336.73,4,74.84,73.1,0.5,0.6,393.85,0
CUST-13995,38,Female,Phoenix,48359.69,3,72.55,,2.5,0.5,373.7,0
CUST-13996,18,Male,Chicago,36552.17,8,88.7,49.9,0.5,0.64,750.66,0
CUST-13997,34,Male,Chicago,67464.46,7,87.01,61.4,5.0,0.53,736.16,1
CUST-13998,57,Female,Boston,26444.59,6,67.41,58.5,4.7,0.54,391.44,1
CUST-13999,42,Female,Phoenix,18000.0,12,11.59,87.4,9.1,0.69,160.2,1
CUST-14000,27,Female,Houston,45577.57,4,92.53,61.9,3.3,0.68,437.55,0
CUST-14001,37,Male,New York,55663.44,9,108.61,89.3,5.6,0.57,1030.37,1
CUST-14002,38,Female,New York,121381.07,4,171.95,74.6,2.9,0.34,1035.71,0
CUST-14003,43,Male,New York,79149.72,5,170.82,98.2,3.2,0.6,907.56,0
CUST-14004,21,Other,Austin,136036.41,3,358.66,89.6,0.8,0.51,1297.42,0
CUST-14005,45,Female,Miami,39128.22,6,121.18,87.7,4.2,0.55,787.87,1
CUST-14006,18,Female,Austin,76015.79,10,191.1,65.1,0.5,0.55,1940.89,0
CUST-14007,30,Male,New York,64470.69,4,168.15,88.7,1.0,0.6,743.47,0
CUST-14008,32,Female,San Francisco,151347.24,4,314.14,92.2,4.2,0.36,1557.34,1
CUST-14009,45,Male,New York,66044.19,7,114.26,73.4,6.8,0.45,957.37,0
CUST-14010,38,Male,Miami,78897.92,10,90.97,83.8,6.5,0.58,1038.7,1
CUST-14011,21,Male,Chicago,33189.23,6,71.38,60.8,0.9,0.54,466.47,0
CUST-14012,26,Female,New York,59426.66,5,48.11,70.4,2.2,0.51,357.52,0
CUST-14013,40,Female,Houston,49349.6,8,120.07,78.6,8.5,0.63,1000.86,1
CUST-14014,37,Male,Los Angeles,117180.49,10,284.89,87.1,1.2,0.45,2795.11,0
CUST-14015,31,Female,Phoenix,18000.0,8,21.25,53.5,1.0,0.43,297.0,0
CUST-14016,32,Male,Phoenix,41287.59,5,87.97,86.1,2.5,0.66,464.15,0
CUST-14017,46,Male,San Francisco,63147.73,10,157.16,69.9,5.6,0.46,1600.1,1
CUST-14018,31,Male,Austin,21095.68,10,59.68,58.5,1.4,0.68,597.47,0
CUST-14019,36,Female,Chicago,45106.08,8,106.14,53.3,1.1,0.53,828.4,0
CUST-14020,64,Female,Chicago,26329.8,6,36.63,33.6,0.8,0.39,298.4,0
CUST-14021,20,Female,Miami,18000.0,3,50.37,74.0,0.7,0.63,209.47,0
CUST-14022,18,Female,Houston,45141.18,6,112.04,78.5,0.5,0.72,692.23,0
CUST-14023,47,Male,New York,63071.99,15,92.12,90.7,9.9,0.61,1297.25,1
CUST-14024,29,Female,Seattle,59914.08,7,171.33,83.8,1.9,0.67,1164.53,0
CUST-14025,34,Male,New York,82994.84,13,125.05,82.9,4.7,0.52,1595.58,1
CUST-14026,28,Female,New York,47117.8,6,123.04,70.3,2.2,0.59,750.1,0
CUST-14027,34,Female,New York,179070.09,6,320.16,66.1,4.1,0.1,2415.46,1
CUST-14028,57,Female,New York,71930.64,6,116.66,61.6,5.9,0.32,861.86,1
CUST-14029,47,Male,New York,139151.68,2,313.19,56.5,1.4,0.25,1024.71,0
CUST-14030,48,Female,New York,31576.07,10,78.75,87.4,11.4,0.72,703.68,1
CUST-14031,21,Male,Chicago,37478.6,5,82.58,,1.1,0.65,364.12,0
CUST-14032,24,Female,Los Angeles,87809.01,10,110.46,75.5,1.1,0.53,1215.15,1
CUST-14033,18,Male,New York,65304.91,8,86.78,48.3,0.5,0.5,813.24,0
CUST-14034,28,Male,Phoenix,28511.13,10,86.33,62.7,1.6,0.56,847.04,0
CUST-14035,49,Female,Los Angeles,24845.87,9,61.14,59.7,5.8,0.53,616.31,1
CUST-14036,44,Female,New York,105525.34,10,186.95,74.7,8.0,0.4,1978.46,1
CUST-14037,35,Male,Chicago,78793.93,5,163.65,71.0,2.4,0.59,949.59,0
CUST-14038,37,Female,Los Angeles,70362.96,13,93.07,54.7,2.8,0.44,1305.79,1
CUST-14039,29,Female,Los Angeles,48620.9,9,120.46,68.4,2.1,0.57,1113.16,1
CUST-14040,40,Female,Chicago,32605.79,11,57.08,67.0,4.4,0.56,635.56,1
CUST-14041,47,Male,San Francisco,73864.05,6,195.93,62.7,1.9,0.4,1333.05,0
CUST-14042,18,Female,Phoenix,25260.07,6,51.34,64.3,0.5,0.61,354.41,0
CUST-14043,41,Male,Boston,44646.43,20,75.99,61.7,8.5,0.6,1446.45,1
CUST-14044,49,Female,Houston,96696.45,4,154.31,37.9,4.7,0.28,872.98,1
CUST-14045,33,Female,Chicago,22547.34,11,61.81,55.3,1.1,0.5,648.23,0
CUST-14046,46,Female,Los Angeles,87424.06,12,231.53,75.0,8.6,0.5,2699.82,1
CUST-14047,71,Female,San Francisco,160102.61,10,298.76,55.0,4.8,0.13,3372.72,1
CUST-14048,36,Male,New York,109999.87,4,280.07,74.6,1.7,0.33,1413.32,0
CUST-14049,42,Male,Houston,62806.46,7,132.74,90.5,9.3,,971.53,1
CUST-14050,29,Male,Chicago,45116.52,7,91.52,49.9,4.1,0.61,672.98,1
CUST-14051,40,Male,Phoenix,35302.02,7,64.01,52.0,1.4,0.42,493.23,0
CUST-14052,43,Male,Boston,21125.92,7,33.35,87.8,9.0,0.85,196.98,1
CUST-14053,40,Male,Boston,66225.77,7,97.7,90.4,7.9,0.62,809.52,1
CUST-14054,25,Female,New York,59813.36,4,103.67,88.9,2.0,0.68,562.79,0
CUST-14055,40,Female,Los Angeles,43947.22,4,92.3,67.5,4.9,0.58,439.68,0
CUST-14056,55,Female,Miami,50953.37,10,122.97,35.3,3.6,0.42,1141.95,1
CUST-14057,43,Female,Houston,53097.84,9,111.84,43.4,1.7,0.44,1068.23,1
CUST-14058,49,Male,Chicago,41398.98,11,83.16,71.1,7.7,0.62,876.46,1
CUST-14059,35,Male,San Francisco,169908.04,10,400.3,58.0,5.7,0.05,4468.29,1
CUST-14060,46,Female,Phoenix,70258.8,6,139.42,62.9,7.9,0.38,959.26,1
CUST-14061,41,Female,Austin,93288.25,3,197.39,55.7,2.1,,836.89,0
CUST-14062,26,Female,Phoenix,46304.21,11,69.99,45.4,1.3,0.43,858.23,0
CUST-14063,41,Male,Chicago,73453.51,10,108.19,74.3,5.3,0.51,1165.38,1
CUST-14064,26,Male,Houston,32887.71,3,62.27,96.9,2.2,0.74,226.46,0
CUST-14065,30,Female,Miami,71814.09,8,128.3,72.7,0.8,0.57,1109.2,0
CUST-14066,40,Female,Phoenix,44021.71,7,101.97,80.0,5.6,0.59,769.2,1
CUST-14067,41,Female,Phoenix,29250.38,9,81.31,89.5,6.9,0.66,756.41,1
CUST-14068,23,Female,Austin,58919.47,5,125.25,91.8,0.8,0.59,777.92,0
CUST-14069,50,Female,Phoenix,42134.09,8,69.95,68.4,3.5,0.54,599.13,0
CUST-14070,44,Female,Chicago,181738.63,8,450.0,76.9,3.1,0.19,3940.68,1
CUST-14071,29,Female,San Francisco,94293.67,5,117.9,78.9,4.2,0.41,843.6,0
CUST-14072,19,Female,Phoenix,107419.63,5,147.51,76.8,0.5,0.53,945.43,0
CUST-14073,36,Female,New York,128765.49,5,186.45,58.1,4.1,0.18,1281.85,0
CUST-14074,32,Female,Chicago,57969.97,5,142.52,96.3,4.2,0.6,798.5,1
CUST-14075,39,Female,San Francisco,60755.48,6,114.35,63.2,3.4,0.35,801.58,1
CUST-14076,33,Male,Houston,21559.97,5,19.58,47.2,1.1,0.51,190.25,0
CUST-14077,18,Female,Miami,33297.41,11,47.35,76.9,0.5,0.66,530.09,0
CUST-14078,33,Female,Chicago,79234.48,4,131.3,78.0,4.2,0.5,692.2,0
CUST-14079,34,Male,Austin,51238.42,5,67.77,,2.0,0.46,413.25,0
CUST-14080,45,Female,Los Angeles,75182.37,9,150.16,48.9,0.9,0.45,1370.07,0
CUST-14081,29,Male,New York,26501.78,4,102.92,49.0,3.1,0.52,469.79,0
CUST-14082,58,Female,Chicago,71363.91,15,143.44,90.9,10.7,0.48,2107.77,1
CUST-14083,18,Female,Houston,89049.48,8,164.4,76.2,0.5,0.49,1435.58,0
CUST-14084,53,Male,Los Angeles,25639.33,16,80.62,92.0,9.9,0.75,1156.89,1
CUST-14085,35,Male,Los Angeles,75022.54,10,142.96,79.2,6.4,0.48,1439.57,1
CUST-14086,48,Female,San Francisco,148485.05,8,388.54,64.5,2.6,0.2,3382.42,1
CUST-14087,38,Female,Chicago,131772.67,8,338.99,85.2,4.4,0.39,2874.26,1
CUST-14088,51,Male,Phoenix,37906.96,7,74.96,80.8,9.3,0.78,558.79,1
CUST-14089,33,Female,Miami,76013.93,9,148.84,59.7,1.8,0.4,1431.2,1
CUST-14090,24,Female,Miami,105198.22,7,167.79,85.6,1.9,0.58,1309.89,0
CUST-14091,55,Female,Chicago,69527.72,11,128.35,78.5,12.9,0.64,1382.86,1
CUST-14092,36,Male,Houston,97855.34,8,268.67,74.6,6.0,0.38,2262.86,1
CUST-14093,40,Female,Chicago,55874.27,4,127.38,56.1,2.6,0.46,717.26,0
CUST-14094,52,Male,Seattle,82479.13,10,101.78,66.4,11.0,0.65,1070.46,1
CUST-14095,25,Female,Seattle,49629.41,6,119.28,64.7,1.5,0.44,858.87,0
CUST-14096,45,Female,Los Angeles,57380.62,6,153.2,82.1,3.2,0.54,923.15,1
CUST-14097,30,Male,New York,90849.78,7,147.53,96.5,1.2,0.48,1129.46,0
CUST-14098,36,Female,New York,51626.73,14,56.36,52.4,6.6,0.31,844.42,1
CUST-14099,38,Male,Chicago,50868.39,8,68.91,65.9,3.7,0.64,685.13,0
CUST-14100,19,Female,Houston,75293.08,6,104.96,62.9,0.5,0.51,712.96,0
CUST-14101,28,Female,Phoenix,136069.12,9,161.36,75.7,1.1,0.33,1712.77,1
CUST-14102,54,Female,Los Angeles,22360.31,8,51.14,80.3,11.2,0.77,384.51,1
CUST-14103,48,Female,San Francisco,203772.73,8,450.0,63.3,1.8,0.05,4178.78,1
CUST-14104,37,Female,Boston,57090.08,8,119.36,70.2,0.6,0.62,990.64,0
CUST-14105,40,Female,Phoenix,78991.02,8,148.01,73.3,8.8,0.62,1240.3,1
CUST-14106,34,Female,New York,130698.83,6,235.39,71.5,0.9,0.31,1682.64,0
CUST-14107,54,Male,Houston,112527.75,13,226.98,66.7,6.9,0.6,2800.1,1
CUST-14108,35,Female,Houston,35765.03,6,76.58,96.1,6.0,0.71,466.46,1
CUST-14109,40,Female,Seattle,60506.61,11,152.17,69.2,7.3,0.42,1738.65,1
CUST-14110,51,Male,Los Angeles,60655.4,14,98.6,72.5,6.5,0.56,1402.85,1
CUST-14111,28,Male,Chicago,47575.5,5,72.16,56.4,2.6,0.64,474.62,0
CUST-14112,56,Male,Phoenix,94279.59,6,152.86,62.4,9.6,0.44,1031.63,1
CUST-14113,19,Male,Houston,49527.97,10,122.72,58.4,0.5,0.51,1222.63,1
CUST-14114,57,Male,San Francisco,33765.62,10,111.33,71.4,4.6,0.69,997.41,1
CUST-14115,33,Female,New York,53294.99,5,87.6,70.7,2.2,0.56,566.83,1
CUST-14116,35,Female,Houston,23376.97,5,58.64,78.5,2.9,0.64,293.68,0
CUST-14117,18,Female,New York,65246.99,8,107.28,72.7,0.5,0.67,881.08,0
CUST-14118,32,Male,Los Angeles,87206.73,4,188.97,84.7,1.8,0.58,880.69,1
CUST-14119,25,Female,San Francisco,54678.94,8,77.52,54.6,1.3,0.57,651.65,0
CUST-14120,30,Female,New York,59789.67,3,179.09,71.5,2.1,0.59,666.56,0
CUST-14121,36,Female,Los Angeles,54305.42,10,120.04,92.1,3.8,0.84,1106.92,1
CUST-14122,49,Female,San Francisco,81376.64,5,156.77,66.8,2.6,0.52,921.59,0
CUST-14123,40,Male,Phoenix,63112.93,5,141.05,84.9,7.0,0.47,779.42,1
CUST-14124,41,Female,New York,109505.75,9,158.7,100.0,8.0,0.5,1601.43,1
CUST-14125,24,Female,Houston,158969.11,12,206.13,48.3,1.0,0.15,2817.87,1
CUST-14126,27,Male,New York,77796.57,9,109.46,89.7,0.9,0.58,1068.51,0
CUST-14127,59,Male,Los Angeles,90008.42,12,235.14,87.5,11.0,0.55,2760.72,1
CUST-14128,29,Male,Chicago,25719.68,10,86.53,,4.1,0.59,853.54,0
CUST-14129,57,Male,New York,60506.92,10,160.02,71.1,1.0,0.56,1643.08,0
CUST-14130,35,Male,Austin,52057.37,3,124.38,53.2,0.6,0.47,496.48,0
CUST-14131,38,Female,New York,43978.1,7,127.44,75.8,1.9,0.56,896.02,0
CUST-14132,50,Female,Miami,39368.07,9,85.61,59.4,8.9,0.67,790.22,1
CUST-14133,53,Female,Miami,48774.57,13,112.28,70.6,13.5,0.46,1408.63,1
CUST-14134,36,Female,Austin,46303.76,7,138.95,74.4,5.5,0.46,1070.59,1
CUST-14135,33,Female,Chicago,208920.12,5,421.34,75.6,3.7,0.0,2790.17,1
CUST-14136,37,Female,Seattle,87490.13,11,207.4,67.4,5.5,0.41,2304.13,1
CUST-14137,42,Female,Austin,162076.15,8,409.22,49.0,2.6,0.24,3519.95,1
CUST-14138,48,Male,New York,154265.46,11,428.41,60.4,8.4,0.2,4800.0,1
CUST-14139,38,Female,Chicago,41322.69,6,90.81,36.4,2.9,0.49,599.44,0
CUST-14140,45,Female,New York,74524.62,7,164.2,81.0,2.8,0.48,1184.63,1
CUST-14141,57,Male,Phoenix,39231.18,7,99.33,58.3,3.9,0.6,728.87,0
CUST-14142,42,Female,Phoenix,44968.98,9,50.69,88.4,6.6,0.76,541.02,1
CUST-14143,41,Female,Los Angeles,38236.47,7,54.53,55.7,7.2,0.46,524.78,0
CUST-14144,19,Female,Miami,41271.98,6,26.65,47.0,0.5,0.53,298.81,0
CUST-14145,18,Male,New York,87541.13,6,217.7,41.4,0.5,0.36,1495.5,0
CUST-14146,42,Female,Miami,60795.3,4,176.53,58.2,0.8,0.56,790.05,0
CUST-14147,36,Male,New York,83017.48,9,175.4,70.7,2.0,0.32,1619.65,1
CUST-14148,31,Male,Phoenix,47325.38,4,50.51,63.4,1.8,0.5,294.88,0
CUST-14149,40,Male,New York,112473.82,8,184.76,57.2,3.9,0.27,1760.42,1
CUST-14150,37,Female,Los Angeles,54788.76,4,147.52,65.1,1.0,0.59,662.42,0
CUST-14151,51,Female,San Francisco,152093.14,7,309.25,76.1,9.7,0.32,2466.79,1
CUST-14152,39,Male,Los Angeles,24734.72,12,10.0,78.9,6.1,0.58,158.42,1
CUST-14153,29,Female,Houston,71475.66,8,168.37,50.0,1.9,0.28,1391.33,0
CUST-14154,49,Male,Boston,82992.63,11,136.97,73.1,7.2,0.58,1475.02,1
CUST-14155,35,Male,New York,52199.14,2,108.57,69.1,1.1,0.5,402.66,0
CUST-14156,44,Female,Miami,43091.94,6,103.43,72.2,4.6,0.74,625.11,1
CUST-14157,32,Male,New York,92272.37,13,238.32,73.6,4.9,0.48,2962.03,1
CUST-14158,30,Female,New York,115620.92,5,133.58,67.5,3.3,0.32,939.3,1
CUST-14159,39,Male,New York,30496.68,6,82.08,62.1,1.3,0.67,507.84,0
CUST-14160,38,Male,Austin,81587.65,5,140.0,86.5,6.9,0.62,838.55,1
CUST-14161,43,Female,New York,58178.96,14,100.78,80.1,7.0,0.56,1420.69,1
CUST-14162,34,Female,Boston,114115.51,4,327.37,64.4,3.2,0.28,1629.3,0
CUST-14163,18,Male,Austin,23757.95,1,28.74,62.6,0.5,0.63,117.08,0
CUST-14164,32,Female,Chicago,193191.97,5,450.0,72.0,1.4,0.19,2680.04,1
CUST-14165,47,Female,Phoenix,31306.14,8,57.53,70.2,6.6,0.6,446.86,1
CUST-14166,34,Female,Miami,105207.23,5,287.6,93.1,4.1,0.45,1613.13,1
CUST-14167,35,Male,Chicago,54951.04,9,105.89,75.0,6.3,0.52,978.55,1
CUST-14168,49,Female,New York,48570.48,8,49.11,48.8,1.3,0.41,483.77,0
CUST-14169,29,Female,Chicago,64948.32,5,153.13,81.1,2.0,0.59,850.88,0
CUST-14170,19,Male,Miami,86100.41,4,251.67,79.7,0.5,0.44,1131.57,0
CUST-14171,36,Female,Miami,23679.25,4,43.82,64.4,2.0,0.74,204.32,0
CUST-14172,32,Female,Los Angeles,88482.17,4,138.51,77.7,4.6,0.58,750.38,0
CUST-14173,26,Female,New York,72694.09,3,108.45,83.0,0.5,0.4,475.56,0
CUST-14174,35,Female,Boston,86755.02,8,183.8,66.8,0.7,0.44,1591.33,0
CUST-14175,43,Female,New York,73540.55,9,129.6,66.0,3.6,0.57,1234.02,1
CUST-14176,37,Female,San Francisco,56984.68,10,74.98,84.1,6.0,0.65,819.73,1
CUST-14177,41,Female,New York,41921.03,7,116.48,63.9,1.4,0.67,854.98,0
CUST-14178,59,Female,Seattle,94794.45,8,223.45,59.0,6.1,0.31,1935.6,1
CUST-14179,33,Female,Boston,90758.51,8,187.64,70.1,1.2,0.3,1665.15,1
CUST-14180,41,Male,Los Angeles,86759.75,7,154.24,56.8,2.4,0.4,1211.99,0
CUST-14181,31,Male,New York,90572.21,5,202.25,82.8,2.9,0.51,1155.87,0
CUST-14182,27,Female,Houston,82541.47,6,148.78,66.1,1.5,0.52,981.59,0
CUST-14183,30,Male,Los Angeles,125843.78,8,180.03,40.9,1.4,0.18,1728.4,0
CUST-14184,32,Female,Chicago,22260.77,4,29.36,70.0,2.5,0.8,148.65,0
CUST-14185,42,Female,San Francisco,23519.23,12,42.61,80.7,6.9,0.75,442.77,1
CUST-14186,66,Female,Los Angeles,147080.54,11,300.2,,2.2,0.22,3467.21,1
CUST-14187,29,Other,Los Angeles,31864.21,1,79.4,57.4,2.4,0.46,177.36,0
CUST-14188,33,Female,Miami,29899.14,8,92.14,68.5,2.0,0.7,730.92,0
CUST-14189,37,Male,Phoenix,42227.73,7,143.5,57.0,3.2,0.54,957.82,0
CUST-14190,42,Female,Los Angeles,27249.11,9,72.92,69.1,8.0,0.7,627.73,1
CUST-14191,41,Male,San Francisco,62672.55,13,186.24,50.8,8.6,0.5,2239.52,1
CUST-14192,53,Male,Miami,32037.23,13,75.83,57.2,3.8,0.55,933.97,1
CUST-14193,18,Male,Phoenix,43389.34,5,68.22,67.0,0.5,0.48,471.84,0
CUST-14194,18,Male,Los Angeles,71659.61,5,113.21,82.0,0.5,0.56,673.5,0
CUST-14195,32,Male,New York,61594.97,10,149.57,96.2,4.8,0.65,1368.17,1
CUST-14196,51,Male,Miami,42263.67,9,55.1,75.6,11.9,0.6,594.2,1
CUST-14197,19,Female,Miami,58554.0,9,141.91,70.3,0.5,0.53,1241.03,1
CUST-14198,18,Female,San Francisco,127850.66,9,274.16,60.6,0.5,0.19,2706.82,1
CUST-14199,44,Male,New York,163013.25,8,352.35,96.4,10.1,0.46,3016.08,1
CUST-14200,40,Male,Phoenix,43711.67,4,64.63,72.3,4.7,0.65,360.58,0
CUST-14201,24,Female,Miami,128174.93,6,243.98,75.0,1.5,0.27,1718.95,1
CUST-14202,26,Female,Chicago,88180.72,5,195.45,80.4,2.3,0.52,1128.02,1
CUST-14203,26,Female,New York,39501.75,4,99.91,89.4,1.5,0.62,408.12,0
CUST-14204,39,Male,Phoenix,25952.81,7,69.54,49.6,5.7,,433.57,1
CUST-14205,30,Female,Miami,38563.55,9,94.7,62.6,2.7,0.6,865.69,1
CUST-14206,43,Female,New York,150603.61,3,307.48,,0.8,,1308.72,0
CUST-14207,18,Female,Phoenix,37947.38,4,109.28,56.1,0.5,0.46,573.32,0
CUST-14208,27,Male,Phoenix,18929.2,8,32.36,81.7,3.4,0.66,301.0,1
CUST-14209,24,Male,Phoenix,43486.13,7,75.98,58.9,0.5,0.57,525.65,0
CUST-14210,34,Male,Phoenix,18112.43,11,54.92,74.8,5.2,0.65,624.08,1
CUST-14211,31,Male,Phoenix,28771.67,5,50.56,82.4,2.3,0.7,287.21,0
CUST-14212,47,Female,New York,54534.59,11,117.53,54.4,7.0,0.31,1345.43,1
CUST-14213,18,Female,Los Angeles,67144.1,6,120.88,81.8,0.5,0.48,801.61,0
CUST-14214,38,Female,Phoenix,81366.64,4,180.14,49.6,4.6,0.46,930.03,0
CUST-14215,44,Female,New York,103484.03,10,165.81,77.7,5.4,0.47,1727.69,1
CUST-14216,60,Female,Phoenix,27037.42,12,61.57,86.7,12.9,0.66,673.68,1
CUST-14217,32,Male,San Francisco,62982.75,6,156.96,61.1,4.0,0.44,1018.59,0
CUST-14218,41,Female,Los Angeles,64728.04,3,112.77,80.3,4.1,0.72,489.34,0
CUST-14219,18,Female,Phoenix,42767.59,8,61.12,51.7,0.5,0.62,533.05,0
CUST-14220,18,Male,Houston,44983.86,8,62.75,81.2,0.5,0.58,546.93,0
CUST-14221,48,Male,Los Angeles,26328.05,5,73.23,56.9,1.4,0.64,442.28,0
CUST-14222,37,Female,Chicago,31965.84,9,55.36,57.3,3.3,0.49,502.92,1
CUST-14223,52,Female,Boston,53148.84,12,134.33,94.0,11.9,0.58,1624.32,1
CUST-14224,21,Male,Chicago,18000.0,1,20.75,66.4,1.0,0.61,45.0,0
CUST-14225,44,Female,Phoenix,67168.63,9,107.18,73.8,9.8,0.48,1091.55,1
CUST-14226,60,Female,New York,36818.84,7,62.89,59.2,1.1,0.61,508.91,0
CUST-14227,43,Female,New York,103107.11,10,215.13,81.1,8.7,0.38,2313.27,1
CUST-14228,41,Male,New York,98672.6,9,163.68,88.6,7.4,0.41,1615.21,1
CUST-14229,38,Male,Miami,39216.79,8,75.39,60.9,6.6,0.5,681.74,1
CUST-14230,19,Female,Los Angeles,102748.15,9,156.7,68.7,0.5,0.31,1574.65,0
CUST-14231,54,Female,Los Angeles,90342.26,7,139.89,74.7,1.2,0.54,1115.66,0
CUST-14232,30,Male,San Francisco,64990.18,5,124.63,89.1,2.8,0.48,740.69,0
CUST-14233,44,Male,New York,59232.45,8,104.32,77.9,4.5,0.44,897.83,1
CUST-14234,19,Male,Los Angeles,107837.24,2,149.12,66.0,0.5,0.45,548.46,0
CUST-14235,23,Male,Chicago,63882.27,7,183.27,92.2,1.6,0.53,1308.48,0
CUST-14236,55,Female,Los Angeles,105041.47,11,149.85,53.7,9.0,0.4,1851.95,1
CUST-14237,33,Female,Phoenix,18000.0,5,61.77,62.8,2.1,0.67,350.16,0
CUST-14238,55,Male,Los Angeles,65447.56,11,97.95,78.5,9.1,0.6,1086.5,1
CUST-14239,37,Male,Chicago,25850.51,7,41.48,60.3,1.1,0.51,323.2,0
CUST-14240,18,Female,Seattle,66852.86,8,190.92,72.2,0.5,0.61,1470.53,0
CUST-14241,48,Male,Seattle,96766.26,8,274.14,71.4,5.1,0.41,2253.77,1
CUST-14242,30,Female,Miami,122795.64,4,252.66,71.9,3.8,0.3,1277.3,1
CUST-14243,46,Female,Seattle,42364.25,4,105.57,81.9,9.3,0.68,477.2,1
CUST-14244,38,Female,Houston,39571.1,5,118.09,81.1,4.6,0.65,569.57,0
CUST-14245,19,Male,Phoenix,46484.45,9,63.94,67.4,0.5,0.51,655.79,0
CUST-14246,39,Male,Houston,31616.71,8,73.14,68.1,1.5,0.72,619.96,0
CUST-14247,64,Male,Miami,83950.83,9,173.59,70.7,14.5,0.38,1681.09,1
CUST-14248,43,Male,Houston,49694.99,7,73.3,94.2,9.3,0.5,590.65,1
CUST-14249,37,Male,New York,77736.73,9,178.99,82.1,4.8,0.55,1688.59,1
CUST-14250,50,Female,Miami,70178.22,7,94.28,52.1,1.2,0.48,791.83,0
CUST-14251,40,Female,Miami,49654.83,5,97.87,78.3,4.3,0.61,562.05,1
CUST-14252,40,Female,Miami,34198.5,3,36.34,71.8,2.0,0.58,206.71,0
CUST-14253,24,Male,New York,70869.43,5,146.54,71.4,1.7,0.39,854.88,0
CUST-14254,40,Female,Los Angeles,40606.01,4,84.96,66.6,2.1,0.62,439.14,0
CUST-14255,50,Female,Los Angeles,65759.04,5,113.23,81.4,6.4,0.53,714.37,1
CUST-14256,27,Male,Houston,84725.81,4,175.35,69.6,1.1,0.42,836.41,0
CUST-14257,55,Female,New York,40644.36,7,84.48,39.8,3.1,0.41,614.88,0
CUST-14258,36,Male,Chicago,26439.24,8,69.67,82.5,2.2,0.56,584.03,1
CUST-14259,27,Male,New York,74961.47,6,123.19,52.6,0.6,0.36,858.26,0
CUST-14260,49,Male,Los Angeles,42440.66,13,65.0,64.4,9.0,0.53,829.56,1
CUST-14261,34,Female,San Francisco,77060.41,4,98.22,70.3,2.3,0.48,563.11,0
CUST-14262,47,Female,Seattle,79486.73,10,215.36,83.3,8.2,0.61,2028.64,1
CUST-14263,34,Male,New York,25040.79,10,78.03,70.9,4.4,0.6,755.74,1
CUST-14264,37,Male,Houston,72666.18,6,102.12,58.0,1.0,0.4,779.74,0
CUST-14265,43,Male,New York,40752.41,10,102.8,82.9,3.5,0.56,1019.66,1
CUST-14266,41,Male,New York,72325.4,8,174.24,71.4,5.4,0.48,1412.28,1
CUST-14267,18,Male,San Francisco,54544.99,5,99.02,82.5,0.5,0.54,636.01,0
CUST-14268,24,Male,San Francisco,57554.85,7,152.38,84.8,1.3,0.52,1136.06,0
CUST-14269,49,Male,Miami,120052.65,8,234.15,71.1,6.5,0.33,2128.36,1
CUST-14270,36,Female,Chicago,66730.94,9,162.5,49.6,5.5,0.47,1474.51,1
CUST-14271,31,Female,Seattle,106456.08,8,186.82,95.2,4.3,0.54,1604.18,1
CUST-14272,21,Female,New York,78871.5,6,158.97,74.8,1.1,0.43,1064.0,0
CUST-14273,25,Male,Los Angeles,84945.8,8,227.57,68.5,1.6,0.41,1854.3,1
CUST-14274,18,Male,New York,90110.66,6,182.43,68.0,0.5,0.56,1257.19,0
CUST-14275,36,Male,Miami,58450.46,6,76.95,73.5,5.6,0.56,596.36,1
CUST-14276,30,Male,Los Angeles,108373.61,9,244.45,55.1,1.0,0.31,2401.42,0
CUST-14277,26,Male,New York,79091.23,6,130.57,79.6,1.6,0.56,883.7,0
CUST-14278,37,Female,Phoenix,152850.22,9,209.09,91.2,5.0,0.38,2212.09,1
CUST-14279,42,Female,New York,118228.02,6,292.13,56.2,6.8,0.3,1991.4,1
CUST-14280,63,Male,New York,41370.95,12,78.73,69.1,11.1,0.45,988.24,1
CUST-14281,19,Male,New York,66958.6,8,129.62,79.9,0.5,0.45,1163.57,0
CUST-14282,51,Female,New York,89200.63,9,207.23,88.8,13.0,0.53,1865.05,1
CUST-14283,49,Male,San Francisco,77553.29,6,200.55,77.2,2.6,0.54,1335.05,0
CUST-14284,28,Female,Houston,72558.14,6,93.91,78.1,0.8,0.44,671.24,0
CUST-14285,40,Female,Los Angeles,92806.35,8,111.97,87.2,6.0,0.53,1063.29,1
CUST-14286,32,Female,Los Angeles,31570.19,3,52.49,79.4,5.1,0.51,264.22,0
CUST-14287,40,Male,Miami,97659.82,8,152.91,81.3,5.1,0.34,1349.82,1
CUST-14288,56,Male,Houston,40146.8,11,83.21,80.7,9.1,0.56,897.14,1
CUST-14289,45,Male,San Francisco,56303.95,11,96.46,85.5,6.0,0.76,962.96,1
CUST-14290,44,Female,Chicago,42160.08,10,75.71,61.7,0.9,0.6,841.49,0
CUST-14291,32,Female,Los Angeles,93344.31,3,137.1,84.4,4.0,0.52,673.4,0
CUST-14292,20,Female,Austin,52144.62,7,98.68,53.2,0.6,0.5,757.06,0
CUST-14293,35,Female,Houston,36935.59,7,104.46,91.3,6.4,0.69,689.09,1
CUST-14294,52,Female,New York,59167.34,5,117.07,64.9,2.9,0.49,655.0,0
CUST-14295,19,Female,Chicago,23189.26,8,26.38,70.9,0.5,0.57,273.1,0
CUST-14296,25,Female,Los Angeles,40891.6,5,107.34,80.1,1.7,0.65,578.49,0
CUST-14297,39,Female,Los Angeles,33522.43,8,47.07,69.5,4.3,0.5,442.97,1
CUST-14298,26,Female,Boston,56825.3,4,100.12,81.0,1.6,0.57,514.17,0
CUST-14299,28,Male,Seattle,94394.7,5,115.14,53.7,1.6,0.39,775.55,0
CUST-14300,32,Female,New York,96475.32,7,217.35,59.5,1.3,0.37,1698.62,0
CUST-14301,21,Male,Los Angeles,116790.52,6,286.28,,1.1,0.41,1917.72,0
CUST-14302,26,Male,Miami,86309.47,11,243.79,59.8,1.7,0.24,2788.93,1
CUST-14303,46,Female,Los Angeles,47832.64,12,110.21,78.9,6.6,0.51,1262.93,1
CUST-14304,22,Female,Phoenix,49225.9,1,56.95,54.6,1.1,0.53,176.06,0
CUST-14305,18,Female,San Francisco,74622.26,8,77.28,54.3,0.5,0.4,775.67,0
CUST-14306,30,Male,Phoenix,18000.0,10,19.39,64.2,3.5,0.63,235.15,1
CUST-14307,46,Female,San Francisco,41267.99,8,49.58,75.5,7.2,0.75,439.76,1
CUST-14308,35,Male,San Francisco,69760.9,7,198.65,76.3,2.2,0.45,1496.43,0
CUST-14309,32,Female,Austin,54658.61,4,94.53,75.2,3.3,0.55,426.47,0
CUST-14310,38,Male,Los Angeles,80492.92,3,105.65,75.0,2.3,0.43,541.27,0
CUST-14311,18,Female,Seattle,85388.3,11,166.8,61.4,0.5,0.34,1986.57,0
CUST-14312,43,Female,New York,30174.68,8,67.55,59.3,4.6,,555.16,0
CUST-14313,42,Male,Los Angeles,80745.73,5,107.23,58.3,0.9,0.48,682.58,0
CUST-14314,33,Female,New York,79969.31,10,136.08,74.2,4.5,0.44,1420.58,1
CUST-14315,50,Female,Phoenix,66591.09,8,94.36,54.9,3.9,0.36,897.12,1
CUST-14316,24,Male,New York,124683.95,7,311.1,37.8,2.2,0.14,2454.32,1
CUST-14317,51,Male,Seattle,63051.18,10,182.78,36.8,4.1,0.32,1909.61,1
CUST-14318,39,Male,Phoenix,90892.58,9,159.85,82.8,8.4,,1513.73,1
CUST-14319,33,Male,New York,46882.72,6,74.7,80.2,3.0,0.59,537.73,0
CUST-14320,37,Female,San Francisco,47268.68,11,90.13,49.1,0.7,0.48,1017.12,0
CUST-14321,36,Female,Seattle,83912.48,4,183.88,62.3,1.0,0.37,956.8,0
CUST-14322,52,Male,San Francisco,63075.55,4,71.4,78.5,1.6,0.5,419.05,0
CUST-14323,25,Male,New York,83359.75,5,220.16,75.8,0.6,0.35,1276.89,0
CUST-14324,28,Female,Seattle,183438.48,5,222.86,66.2,1.4,0.1,1662.23,0
CUST-14325,50,Male,San Francisco,92338.81,5,213.4,68.7,4.5,,1205.92,1
CUST-14326,30,Male,Chicago,63251.55,7,157.32,68.0,1.0,0.35,1189.72,0
CUST-14327,48,Male,Los Angeles,40342.14,10,55.06,69.1,5.5,0.47,574.86,1
CUST-14328,58,Female,Chicago,24313.82,7,80.08,48.8,5.8,0.58,522.66,0
CUST-14329,33,Female,Seattle,65308.03,7,167.03,70.2,4.0,0.42,1212.33,1
CUST-14330,46,Female,Los Angeles,106212.5,7,226.1,60.0,2.6,0.4,1761.89,0
CUST-14331,24,Male,New York,62232.68,8,117.71,73.7,2.2,0.42,949.76,1
CUST-14332,47,Female,Seattle,82774.46,9,164.56,76.8,6.2,0.56,1484.99,1
CUST-14333,40,Female,New York,149246.3,5,429.47,67.7,5.7,0.27,2400.91,1
CUST-14334,43,Female,Boston,131016.65,7,312.62,68.0,0.9,0.35,2335.43,1
CUST-14335,30,Male,Los Angeles,77201.17,9,79.27,77.9,2.9,0.63,821.97,0
CUST-14336,18,Female,Houston,56036.58,5,101.14,77.1,0.5,0.63,614.75,0
CUST-14337,44,Female,New York,34227.62,9,77.74,70.4,9.6,0.71,700.34,1
CUST-14338,18,Male,Boston,47440.15,7,88.96,89.0,0.5,0.58,710.31,0
CUST-14339,34,Male,San Francisco,65913.22,14,145.52,58.9,4.3,0.44,1946.13,1
CUST-14340,49,Female,Boston,42453.12,7,116.2,96.9,9.6,0.63,819.67,1
CUST-14341,40,Female,San Francisco,85879.37,6,198.11,80.0,5.9,0.54,1278.0,1
CUST-14342,61,Female,New York,190218.5,12,325.32,66.1,0.7,0.11,4376.76,1
CUST-14343,50,Female,Los Angeles,133071.62,9,253.83,75.3,9.1,0.37,2523.03,1
CUST-14344,30,Female,Houston,58142.18,5,141.99,48.1,1.3,0.49,745.48,0
CUST-14345,38,Male,Phoenix,71995.33,7,190.18,63.8,5.6,0.46,1351.93,1
CUST-14346,37,Male,Boston,45162.37,8,79.42,61.6,0.6,0.54,690.4,0
CUST-14347,19,Female,Chicago,118282.94,12,209.14,73.2,0.5,0.48,2547.19,1
CUST-14348,26,Male,San Francisco,34734.51,7,46.07,79.0,1.9,0.57,393.31,0
CUST-14349,31,Male,Austin,94063.4,3,153.19,44.2,2.1,0.24,742.83,0
CUST-14350,18,Female,New York,93704.31,3,122.89,69.9,0.5,0.4,627.6,0
CUST-14351,38,Female,Seattle,46407.38,6,124.88,86.6,4.4,0.51,788.57,0
CUST-14352,35,Male,Chicago,51246.2,11,132.32,100.0,6.5,0.73,1307.89,1
CUST-14353,18,Male,San Francisco,43016.79,7,81.27,95.2,0.5,0.62,711.78,1
CUST-14354,42,Male,Los Angeles,36096.17,7,80.97,99.0,7.1,0.73,620.97,1
CUST-14355,46,Male,Los Angeles,28119.96,7,33.55,78.8,9.4,0.81,216.0,0
CUST-14356,40,Female,New York,107351.26,8,290.55,70.3,2.6,0.35,2392.9,1
CUST-14357,34,Male,Austin,108877.93,7,305.52,86.8,4.9,0.39,2236.9,1
CUST-14358,45,Female,Miami,18000.0,5,25.28,80.6,4.6,0.74,141.84,0
CUST-14359,46,Female,New York,183369.29,8,231.87,,1.9,0.1,2360.86,0
CUST-14360,41,Female,Austin,59237.26,8,80.0,56.9,0.5,0.61,756.12,0
CUST-14361,28,Male,Phoenix,56362.88,4,97.03,61.6,3.1,0.45,519.07,0
CUST-14362,41,Female,Seattle,32433.18,9,42.95,70.5,2.1,0.56,416.65,0
CUST-14363,52,Male,New York,141565.45,8,134.41,67.1,1.2,0.2,1412.22,1
CUST-14364,30,Male,Chicago,62875.71,8,119.71,,2.6,0.49,999.0,0
CUST-14365,63,Female,San Francisco,134038.9,8,244.4,67.9,5.5,0.32,2225.74,1
CUST-14366,31,Male,New York,134663.42,10,261.65,86.4,3.8,0.38,2742.39,1
CUST-14367,38,Female,Houston,100322.36,2,193.27,69.8,1.3,0.29,637.51,0
CUST-14368,29,Male,Chicago,41136.45,2,46.58,43.2,1.0,0.51,207.26,0
CUST-14369,40,Male,Los Angeles,56149.94,5,131.09,69.7,3.9,0.58,744.81,1
CUST-14370,18,Female,Los Angeles,45885.8,9,102.75,65.7,0.5,0.72,932.88,0
CUST-14371,31,Female,Austin,93233.13,8,174.19,69.0,4.4,0.35,1569.02,1
CUST-14372,24,Female,Los Angeles,73585.74,7,104.13,65.1,1.6,0.47,831.93,0
CUST-14373,39,Female,Los Angeles,106333.36,11,206.31,50.8,7.6,0.18,2435.7,1
CUST-14374,49,Male,Houston,89776.28,6,161.1,78.0,3.1,0.41,1091.68,1
CUST-14375,45,Female,San Francisco,31979.25,10,80.51,77.5,6.6,0.77,691.81,1
CUST-14376,18,Male,San Francisco,149023.2,7,402.03,88.7,0.5,0.24,3118.62,1
CUST-14377,62,Female,San Francisco,122015.42,12,313.25,59.4,11.0,0.19,3910.29,1
CUST-14378,41,Female,New York,60808.94,9,141.37,73.7,9.1,0.48,1355.36,1
CUST-14379,28,Female,Chicago,67757.24,10,111.67,61.4,2.1,0.52,1154.55,0
CUST-14380,39,Female,Miami,48381.46,7,121.43,68.8,3.4,0.6,874.59,1
CUST-14381,40,Male,Boston,88463.86,8,226.07,72.6,7.6,0.44,1852.98,1
CUST-14382,29,Female,Phoenix,40495.3,5,82.25,72.3,1.2,0.65,458.67,0
CUST-14383,40,Male,New York,92926.88,5,248.83,94.9,0.8,0.46,1375.1,0
CUST-14384,30,Male,Chicago,58832.09,8,43.17,68.6,2.4,0.49,482.76,0
CUST-14385,33,Male,New York,58924.23,6,101.56,75.3,1.9,,692.39,0
CUST-14386,29,Female,San Francisco,83411.41,5,183.79,62.5,2.0,0.42,1004.24,0
CUST-14387,20,Male,New York,250000.0,6,450.0,83.3,0.8,0.0,3435.56,0
CUST-14388,39,Male,New York,51913.61,10,81.84,75.5,3.3,0.6,830.76,1
CUST-14389,45,Female,Chicago,50202.41,8,114.77,83.0,7.8,0.68,960.08,1
CUST-14390,44,Female,Chicago,40730.56,10,50.51,64.3,3.0,0.55,581.42,0
CUST-14391,47,Male,Chicago,94432.382,8,64.21,78.2,3.9,0.51,635.05,0
CUST-14392,41,Male,Chicago,85534.69,11,96.58,72.9,2.6,0.42,1189.72,1
CUST-14393,31,Female,San Francisco,108490.02,3,222.1,87.6,3.2,0.37,970.23,0
CUST-14394,48,Female,Chicago,56718.65,5,135.52,52.0,3.1,0.33,747.51,0
CUST-14395,21,Male,Houston,85978.71,8,110.25,71.7,1.0,0.39,1103.29,1
CUST-14396,27,Female,Los Angeles,92640.68,7,142.97,71.5,2.6,0.43,1107.47,0
CUST-14397,26,Female,Los Angeles,57445.67,5,119.88,64.8,1.6,0.58,713.89,0
CUST-14398,50,Female,Phoenix,22645.29,7,48.39,60.1,0.8,0.57,241.89,0
CUST-14399,49,Female,Houston,77932.49,4,101.46,66.2,0.8,0.5,535.71,0
CUST-14400,43,Female,San Francisco,82561.98,8,104.56,79.4,5.6,0.51,975.48,1
CUST-14401,50,Female,Houston,52042.63,9,109.1,86.7,10.8,0.62,978.9,1
CUST-14402,27,Male,Miami,40769.22,3,85.92,60.0,2.4,0.38,374.87,0
CUST-14403,42,Female,Chicago,82546.3,4,106.97,74.0,4.5,0.52,662.38,1
CUST-14404,36,Female,Houston,61264.44,6,159.45,61.5,6.4,0.45,1030.31,0
CUST-14405,48,Male,San Francisco,67376.95,6,206.84,66.0,2.8,0.53,1279.37,0
CUST-14406,36,Female,Los Angeles,33760.09,10,51.27,62.0,2.9,0.67,570.31,0
CUST-14407,33,Male,Chicago,97027.98,6,265.59,84.4,3.6,0.4,1688.48,0
CUST-14408,44,Male,Phoenix,65979.02,12,133.81,65.0,3.4,0.57,1519.58,0
CUST-14409,48,Male,New York,83100.5,9,200.92,74.4,12.0,0.46,1799.34,1
CUST-14410,29,Female,Chicago,18000.0,4,50.31,77.5,2.3,0.72,195.79,0
CUST-14411,37,Female,Phoenix,47843.59,3,76.71,62.2,0.9,0.4,347.25,0
CUST-14412,25,Male,Austin,52823.34,7,142.42,65.0,0.9,0.65,962.66,0
CUST-14413,18,Female,Seattle,49706.73,6,61.98,65.4,0.5,0.46,456.6,0
CUST-14414,40,Male,Los Angeles,90842.23,11,166.45,64.8,5.1,0.54,1824.81,1
CUST-14415,45,Female,Houston,73580.6,8,127.67,92.8,10.6,0.6,1056.8,1
CUST-14416,41,Female,New York,90991.1,8,232.08,70.3,5.7,0.54,1814.59,1
CUST-14417,18,Female,Los Angeles,104684.61,5,247.44,76.2,0.5,0.38,1457.02,0
CUST-14418,33,Female,Miami,30870.54,9,23.7,71.8,1.7,0.55,269.82,0
CUST-14419,18,Male,New York,58295.35,11,72.07,,0.5,0.58,871.98,0
CUST-14420,54,Female,Los Angeles,64676.82,15,159.58,76.7,8.9,0.5,2308.66,1
CUST-14421,24,Female,Boston,47634.88,6,94.18,49.7,2.1,0.62,605.73,0
CUST-14422,53,Male,Miami,74034.86,12,159.87,83.8,8.4,0.55,1890.43,1
CUST-14423,49,Female,Miami,39640.49,7,70.34,67.3,5.8,0.6,569.01,1
CUST-14424,27,Female,Seattle,129615.62,7,308.52,66.5,2.3,0.29,2364.35,1
CUST-14425,24,Male,San Francisco,47614.5,9,86.15,95.9,1.4,0.69,760.33,1
CUST-14426,42,Female,New York,212372.36,5,386.14,75.7,1.8,0.11,2564.93,1
CUST-14427,27,Female,Houston,141967.78,10,346.11,75.4,2.8,0.28,3628.51,1
CUST-14428,39,Female,Chicago,54253.0,3,103.88,67.9,4.7,0.46,453.73,0
CUST-14429,32,Male,Los Angeles,110508.44,3,293.73,70.4,2.5,0.42,1137.04,1
CUST-14430,18,Male,Seattle,55432.95,1,115.86,42.4,0.5,0.32,247.2,0
CUST-14431,18,Male,Chicago,94412.94,6,234.06,81.6,0.5,0.57,1461.16,1
CUST-14432,40,Female,New York,66977.73,10,93.72,59.0,4.1,0.46,1087.1,1
CUST-14433,31,Female,Los Angeles,32762.57,5,41.69,54.8,3.4,0.59,227.42,0
CUST-14434,31,Female,Los Angeles,18000.0,5,14.42,54.1,1.6,0.52,148.87,0
CUST-14435,46,Male,Seattle,59206.51,8,73.01,72.0,8.5,0.49,652.23,1
CUST-14436,52,Male,Phoenix,56059.6,11,152.74,77.3,7.3,0.63,1573.42,1
CUST-14437,34,Female,Houston,100093.99,8,214.12,75.5,5.6,0.38,1851.89,1
CUST-14438,33,Female,Houston,52418.73,5,83.77,64.1,5.2,0.68,467.29,0
CUST-14439,44,Female,Phoenix,80506.61,6,179.36,62.8,5.4,0.36,1197.08,1
CUST-14440,21,Female,San Francisco,60445.74,4,114.78,53.5,0.6,0.35,571.73,0
CUST-14441,40,Female,Houston,43480.47,6,125.96,84.6,6.6,0.53,802.51,1
CUST-14442,44,Female,Boston,110121.48,7,253.55,78.6,4.6,0.38,1945.25,1
CUST-14443,46,Female,Austin,18000.0,8,39.12,91.3,6.9,0.85,302.57,1
CUST-14444,18,Male,Austin,59982.14,9,74.81,67.9,0.5,0.65,719.84,0
CUST-14445,28,Female,San Francisco,62099.4,5,133.22,72.4,2.7,0.76,724.92,0
CUST-14446,27,Female,Boston,128364.24,2,219.24,73.7,1.7,0.29,814.63,0
CUST-14447,39,Male,Chicago,43680.94,10,51.95,76.0,3.1,0.68,582.22,0
CUST-14448,43,Male,Seattle,87678.85,7,153.57,61.1,9.8,0.43,1245.15,1
CUST-14449,55,Male,Boston,103061.38,11,118.15,63.7,6.7,0.47,1429.2,1
CUST-14450,32,Female,Boston,30823.22,9,90.36,68.0,4.0,0.66,794.44,0
CUST-14451,32,Male,Seattle,63162.02,6,96.21,52.8,3.7,,723.31,1
CUST-14452,51,Male,Chicago,45842.73,7,63.22,72.5,1.8,0.57,498.19,0
CUST-14453,41,Female,New York,117389.32,5,296.39,56.7,7.0,0.26,1753.98,1
CUST-14454,53,Male,Los Angeles,87317.21,7,146.68,49.2,4.9,0.21,1220.94,1
CUST-14455,41,Female,Miami,45803.04,11,80.07,71.4,7.5,0.74,822.93,1
CUST-14456,24,Male,Los Angeles,36903.36,2,67.43,66.4,1.7,0.67,254.25,0
CUST-14457,22,Female,Chicago,95593.83,10,118.0,84.8,0.8,0.75,1291.75,0
CUST-14458,19,Male,Houston,49755.7,12,54.69,92.9,0.5,0.51,726.95,1
CUST-14459,45,Male,Phoenix,21708.33,8,46.49,79.3,8.0,0.73,327.42,1
CUST-14460,52,Male,Boston,30216.14,10,60.14,65.2,7.7,0.73,586.67,1
CUST-14461,60,Female,San Francisco,94399.3,10,268.95,62.3,10.2,0.34,2678.31,1
CUST-14462,48,Female,Miami,27195.41,6,55.29,69.1,2.3,0.51,401.47,0
CUST-14463,51,Male,Phoenix,123557.66,9,255.66,66.5,10.5,0.19,2559.55,1
CUST-14464,31,Female,Seattle,42387.48,8,65.64,64.2,2.0,0.56,568.36,0
CUST-14465,24,Male,Los Angeles,62291.58,7,138.59,82.5,1.7,0.57,1064.77,0
CUST-14466,48,Other,Los Angeles,67461.88,7,172.35,67.1,1.8,0.56,1183.91,1
CUST-14467,43,Female,Boston,45144.9,5,114.53,58.4,3.6,0.41,597.22,1
CUST-14468,39,Female,San Francisco,24749.45,10,59.63,82.0,5.6,0.74,552.29,1
CUST-14469,42,Female,San Francisco,83443.06,13,148.43,57.5,3.0,0.37,2038.31,1
CUST-14470,41,Female,Chicago,39033.29,6,115.78,94.9,8.2,0.68,741.8,1
CUST-14471,53,Female,Chicago,60298.31,9,132.91,68.6,9.4,0.38,1297.29,1
CUST-14472,53,Female,Houston,48413.85,12,101.72,98.5,12.2,0.71,1125.79,1
CUST-14473,44,Female,New York,83428.91,12,181.84,58.6,4.4,0.36,2293.32,1
CUST-14474,48,Female,Chicago,124209.54,7,246.94,,0.9,0.21,2039.52,0
CUST-14475,44,Female,Chicago,43290.94,6,61.46,80.2,6.2,0.6,398.08,1
CUST-14476,32,Female,Houston,40712.25,10,66.49,59.4,2.2,0.48,661.62,0
CUST-14477,47,Female,Phoenix,21199.67,14,34.26,92.4,5.5,0.72,502.6,1
CUST-14478,21,Female,Austin,54052.89,4,75.27,52.6,1.0,0.58,376.27,0
CUST-14479,50,Male,Phoenix,59848.67,9,154.88,73.8,9.1,0.59,1340.82,1
CUST-14480,23,Male,Seattle,53177.79,3,103.38,55.1,0.5,0.48,464.92,0
CUST-14481,41,Male,Houston,63381.16,6,144.11,80.1,7.2,0.64,925.51,1
CUST-14482,27,Female,Phoenix,44617.67,6,72.77,72.8,2.0,0.54,550.8,0
CUST-14483,44,Male,New York,38138.19,8,65.92,60.0,6.0,0.51,572.46,1
CUST-14484,37,Other,New York,85485.08,8,124.55,66.0,2.6,0.49,1168.7,0
CUST-14485,18,Female,Houston,46434.16,12,77.47,86.7,0.5,0.64,846.48,0
CUST-14486,43,Female,Chicago,60486.11,7,94.49,82.1,7.2,0.53,745.25,1
CUST-14487,31,Male,Miami,38763.4,7,97.93,92.6,4.2,0.62,710.82,0
CUST-14488,48,Female,Houston,37086.39,7,61.22,73.0,5.0,0.64,506.67,1
CUST-14489,38,Female,Seattle,73265.78,6,201.58,56.3,5.7,0.51,1238.9,1
CUST-14490,42,Female,Austin,53104.14,6,152.63,54.3,2.8,0.38,999.68,0
CUST-14491,26,Male,New York,173207.18,6,354.69,71.7,2.7,0.09,2602.17,1
CUST-14492,30,Female,Chicago,84808.87,7,105.35,,3.1,0.26,918.67,0
CUST-14493,32,Female,San Francisco,99605.67,5,130.2,74.9,4.5,0.52,897.05,1
CUST-14494,48,Female,Los Angeles,57012.26,4,96.96,83.5,6.0,0.53,517.32,0
CUST-14495,58,Female,Los Angeles,22623.63,11,35.28,77.2,3.8,0.57,402.1,0
CUST-14496,28,Female,Miami,34368.96,9,35.07,68.1,2.0,,335.12,0
CUST-14497,50,Female,Austin,43116.6,5,43.85,59.1,5.2,0.68,349.88,0
CUST-14498,18,Female,Miami,44856.08,6,102.78,80.0,0.5,0.79,636.77,0
CUST-14499,23,Female,Houston,50616.2,6,78.94,75.5,0.8,0.56,506.85,0
CUST-14500,26,Female,Chicago,78970.34,9,136.71,70.4,2.5,0.52,1372.6,0
CUST-14501,21,Male,Houston,58999.22,8,75.62,,0.6,0.5,652.09,0
CUST-14502,18,Male,Chicago,101558.65,7,247.56,46.6,0.5,0.31,1897.93,0
CUST-14503,42,Male,Houston,44035.69,5,107.68,67.3,2.1,0.53,556.53,0
CUST-14504,35,Male,Los Angeles,70851.64,8,112.77,82.5,6.7,0.51,973.16,1
CUST-14505,42,Male,Boston,77206.87,11,188.5,100.0,9.5,0.65,1909.83,1
CUST-14506,46,Male,San Francisco,85762.35,11,185.89,64.2,4.8,0.28,2206.06,1
CUST-14507,41,Female,San Francisco,143978.23,10,299.16,85.3,9.1,0.21,3292.34,1
CUST-14508,45,Male,Boston,97169.17,14,161.54,84.2,9.5,0.44,2333.71,1
CUST-14509,37,Male,Los Angeles,32210.9,6,50.53,74.7,1.1,0.69,338.11,0
CUST-14510,23,Female,New York,69074.37,7,141.12,80.8,1.9,0.44,1109.15,0
CUST-14511,50,Female,Miami,51109.2,6,85.21,75.3,1.0,,562.98,0
CUST-14512,30,Female,Austin,174744.59,5,376.27,72.2,1.3,0.17,2380.91,0
CUST-14513,26,Female,Houston,43643.56,6,111.18,76.4,2.1,0.58,732.63,0
CUST-14514,35,Male,New York,44750.71,13,112.48,77.7,1.0,0.54,1448.47,1
CUST-14515,27,Male,Miami,64078.84,3,101.23,69.7,1.0,0.52,529.37,0
CUST-14516,32,Male,New York,93769.74,7,218.87,75.9,5.4,0.43,1618.24,1
CUST-14517,42,Male,Houston,49603.68,8,54.42,100.0,9.6,0.73,471.81,1
CUST-14518,42,Male,Los Angeles,55805.71,10,145.77,91.4,7.8,0.42,1437.46,1
CUST-14519,27,Other,Boston,104482.36,6,162.77,64.1,2.1,0.2,1254.33,1
CUST-14520,32,Male,Chicago,37122.97,14,70.76,,5.1,0.37,988.48,1
CUST-14521,50,Male,Boston,54821.89,8,84.93,60.9,1.9,0.66,703.0,0
CUST-14522,43,Male,Los Angeles,47987.08,8,86.46,90.9,9.5,0.64,731.85,1
CUST-14523,62,Female,Chicago,98295.89,5,140.9,57.7,5.6,0.45,880.99,1
CUST-14524,52,Male,Boston,74986.9,12,153.89,62.6,11.8,0.3,1975.1,1
CUST-14525,51,Male,Los Angeles,36580.29,9,115.24,86.9,9.0,0.72,855.05,1
CUST-14526,21,Male,Houston,31775.59,11,60.82,66.8,1.2,0.79,601.63,0
CUST-14527,47,Male,Chicago,145146.34,8,311.13,67.3,10.1,0.3,2721.71,1
CUST-14528,37,Male,Miami,88460.87,10,223.94,59.6,6.8,0.45,2280.85,1
CUST-14529,31,Female,New York,111399.68,7,176.8,86.6,3.5,0.46,1415.79,1
CUST-14530,40,Male,Chicago,57234.59,9,87.25,92.3,7.4,0.55,971.63,1
CUST-14531,49,Female,San Francisco,161249.62,13,323.98,83.9,9.5,0.28,4423.68,1
CUST-14532,44,Female,Chicago,32764.07,7,71.28,57.5,2.1,0.59,509.16,0
CUST-14533,27,Female,New York,106573.31,9,301.48,67.5,2.5,0.3,2834.96,1
CUST-14534,46,Male,San Francisco,60769.03,9,99.74,55.2,2.1,0.53,946.63,0
CUST-14535,30,Male,Houston,45445.09,8,72.11,65.5,4.2,0.51,629.96,1
CUST-14536,40,Male,New York,105134.86,11,297.84,58.4,1.0,0.32,3352.94,1
CUST-14537,34,Female,Phoenix,45381.54,10,58.87,65.1,6.3,0.62,673.94,1
CUST-14538,35,Female,Boston,52311.51,3,129.69,56.0,3.0,0.62,432.65,0
CUST-14539,47,Male,New York,57098.08,8,106.77,43.6,2.4,0.51,875.47,0
CUST-14540,25,Female,Phoenix,18060.21,7,42.15,56.2,2.7,0.61,314.23,0
CUST-14541,61,Female,San Francisco,111087.57,5,315.69,44.9,1.2,0.38,1768.02,0
CUST-14542,18,Female,New York,44213.68,5,61.6,53.7,0.5,0.52,407.44,0
CUST-14543,30,Male,New York,185221.8,13,329.5,80.9,3.8,0.1,4759.66,1
CUST-14544,42,Female,Chicago,49265.73,5,108.16,64.3,3.4,0.51,642.11,1
CUST-14545,45,Male,Miami,99054.61,5,243.72,77.5,5.9,0.43,1432.47,1
CUST-14546,36,Female,New York,29601.76,3,49.34,70.5,5.2,0.67,250.77,0
CUST-14547,37,Male,Seattle,97624.63,10,129.85,71.9,7.3,0.39,1468.84,1
CUST-14548,42,Male,Phoenix,79930.86,8,106.38,73.8,1.4,0.48,1003.13,0
CUST-14549,35,Female,Los Angeles,119556.43,4,199.79,57.8,1.5,0.23,1121.39,0
CUST-14550,54,Female,Houston,23973.09,8,60.25,64.6,7.6,0.53,495.89,1
CUST-14551,48,Male,Austin,41938.14,6,128.29,75.8,5.3,0.69,775.92,0
CUST-14552,48,Male,Los Angeles,83118.03,9,127.79,66.2,5.2,0.38,1295.86,1
CUST-14553,26,Female,Houston,55432.85,6,124.86,75.4,1.3,0.7,781.81,0
CUST-14554,37,Female,Phoenix,56461.78,12,150.23,67.0,4.5,0.5,1773.42,1
CUST-14555,34,Female,New York,61081.32,11,49.96,55.1,5.7,0.34,650.26,1
CUST-14556,25,Female,New York,158816.37,7,331.87,61.5,0.9,0.04,2733.5,1
CUST-14557,42,Male,New York,250000.0,7,373.95,74.4,2.5,0.0,3452.67,1
CUST-14558,31,Female,Los Angeles,65627.62,7,159.63,55.6,3.7,0.39,1216.53,1
CUST-14559,45,Female,New York,91749.31,5,163.47,57.1,1.1,0.59,983.83,0
CUST-14560,25,Female,Miami,52935.45,5,136.11,48.6,2.0,0.46,766.91,0
CUST-14561,58,Male,Austin,113248.17,12,239.34,64.3,5.1,0.42,2940.77,1
CUST-14562,27,Female,New York,110709.26,6,155.37,72.3,1.6,0.43,1162.02,0
CUST-14563,40,Female,Chicago,33376.25,6,99.23,60.5,3.9,0.59,663.74,0
CUST-14564,47,Female,New York,53839.01,8,86.7,73.0,4.4,0.56,724.57,1
CUST-14565,31,Female,New York,44154.77,6,76.76,47.9,4.5,0.44,479.88,1
CUST-14566,48,Female,Los Angeles,239707.12,14,450.0,100.0,11.4,0.07,4800.0,1
CUST-14567,23,Female,Chicago,78154.75,5,236.98,84.4,1.3,0.54,1245.84,0
CUST-14568,55,Male,Boston,48265.8,10,84.68,84.1,8.8,0.52,817.65,1
CUST-14569,38,Male,Chicago,40579.33,5,31.24,73.6,1.0,0.43,226.67,0
CUST-14570,30,Female,Houston,76981.65,6,157.92,80.4,3.6,0.46,1086.7,1
CUST-14571,34,Female,Los Angeles,97950.94,6,188.87,78.2,3.9,0.45,1296.85,1
CUST-14572,47,Male,New York,109006.03,12,144.03,74.5,1.1,0.33,1958.82,1
CUST-14573,30,Female,Boston,52551.18,4,156.21,61.0,1.4,0.6,670.33,0
CUST-14574,29,Male,New York,85222.98,1,167.69,53.7,1.3,0.32,380.74,0
CUST-14575,35,Male,Austin,62992.3,8,104.49,43.2,1.6,0.54,973.15,0
CUST-14576,23,Female,New York,45797.02,3,73.07,73.0,1.5,0.69,297.13,0
CUST-14577,59,Female,Phoenix,30680.81,13,57.55,94.3,14.0,0.68,695.69,1
CUST-14578,31,Male,Austin,73225.04,8,119.18,82.3,4.1,0.51,1036.89,1
CUST-14579,47,Female,New York,80686.79,7,140.98,56.4,5.8,0.35,1088.35,1
CUST-14580,40,Female,Chicago,75016.7,2,177.69,63.1,3.9,0.46,557.51,0
CUST-14581,26,Female,Miami,76436.7,4,141.98,60.2,1.5,0.31,745.54,0
CUST-14582,37,Male,New York,154785.55,7,394.57,74.1,4.8,0.23,3062.3,1
CUST-14583,47,Female,San Francisco,51457.94,5,117.51,62.9,4.5,0.43,665.3,0
CUST-14584,35,Male,New York,100229.99,7,224.46,60.5,1.9,0.35,1690.52,1
CUST-14585,52,Male,Los Angeles,90613.76,7,149.95,79.9,8.4,0.64,1148.67,0
CUST-14586,50,Female,New York,62569.89,8,152.53,71.2,5.3,0.47,1287.06,1
CUST-14587,49,Female,Boston,69096.07,3,210.54,63.1,0.7,0.4,814.0,0
CUST-14588,32,Male,New York,63375.04,6,126.52,66.7,0.6,0.41,906.89,0
CUST-14589,25,Female,New York,209902.79,4,450.0,52.6,1.1,0.0,2456.42,0
CUST-14590,30,Female,Phoenix,51383.16,9,102.38,52.9,2.7,0.52,915.73,0
CUST-14591,40,Female,Los Angeles,78081.97,7,143.28,76.7,3.4,0.59,1095.24,1
CUST-14592,44,Female,Chicago,49851.21,4,125.75,59.7,0.7,0.71,608.45,0
CUST-14593,18,Male,New York,57542.97,4,134.82,83.3,0.5,0.5,595.33,0
CUST-14594,37,Female,San Francisco,39555.93,6,86.72,74.9,1.2,0.5,575.29,0
CUST-14595,39,Male,Phoenix,84505.66,8,188.27,81.4,8.0,0.44,1576.92,1
CUST-14596,34,Female,Chicago,83533.99,7,212.41,79.4,2.3,0.47,1604.99,0
CUST-14597,53,Male,New York,62916.04,5,83.95,76.6,0.7,0.51,504.22,1
CUST-14598,43,Male,Phoenix,31084.19,10,43.09,76.2,6.8,0.62,394.18,1
CUST-14599,53,Female,Miami,56311.89,9,75.81,50.1,3.6,0.47,826.99,1
CUST-14600,35,Male,Los Angeles,48577.39,5,135.75,73.6,4.1,0.58,663.44,1
CUST-14601,49,Male,New York,65452.72,8,87.15,70.4,2.3,0.61,722.23,0
CUST-14602,57,Female,Los Angeles,33122.96,12,105.9,99.0,14.8,0.61,1160.26,1
CUST-14603,53,Female,San Francisco,84542.28,11,177.68,81.4,13.6,0.53,1959.37,1
CUST-14604,24,Female,Austin,147601.168,5,111.95,60.2,1.7,0.47,688.97,0
CUST-14605,34,Male,New York,126432.78,6,289.91,71.7,4.7,0.33,1890.56,1
CUST-14606,33,Male,Los Angeles,57779.61,6,144.64,88.1,2.8,0.7,888.49,0
CUST-14607,43,Male,New York,61902.96,7,142.5,80.6,9.6,0.5,1097.1,1
CUST-14608,46,Female,Los Angeles,28606.28,8,13.63,72.0,5.0,0.72,138.68,1
CUST-14609,27,Female,Chicago,98643.8,8,134.15,74.5,1.2,0.29,1308.05,0
CUST-14610,38,Male,Boston,101593.33,3,163.49,69.2,1.4,0.49,769.6,0
CUST-14611,18,Male,New York,74196.62,3,96.66,77.1,0.5,0.53,460.58,0
CUST-14612,55,Male,Miami,26478.57,6,57.64,74.0,8.7,0.73,318.82,1
CUST-14613,31,Male,Chicago,30993.31,4,67.66,65.4,1.7,0.63,245.25,0
CUST-14614,38,Male,Miami,39149.92,9,80.71,67.0,5.4,0.57,752.23,1
CUST-14615,34,Female,Houston,83392.99,7,190.51,72.9,2.8,0.56,1405.61,0
CUST-14616,51,Male,New York,84564.8,12,116.77,100.0,11.8,0.67,1436.22,1
CUST-14617,18,Female,Boston,30811.49,5,51.04,81.3,0.5,0.69,290.03,0
CUST-14618,37,Female,New York,89519.39,7,247.78,61.9,4.9,0.41,1801.98,1
CUST-14619,36,Male,Phoenix,32050.44,8,81.5,77.0,4.2,0.76,557.75,0
CUST-14620,32,Female,Seattle,52158.24,10,129.35,70.5,5.0,0.44,1336.4,1
CUST-14621,58,Female,New York,118892.33,8,313.74,52.1,1.4,0.38,2571.77,0
CUST-14622,27,Male,Houston,75467.6,5,124.37,70.3,0.7,0.59,739.76,0
CUST-14623,47,Female,Miami,88899.04,9,247.14,72.6,8.3,0.31,2347.6,1
CUST-14624,42,Male,Austin,58908.66,10,134.03,74.1,7.5,0.47,1333.16,1
CUST-14625,53,Female,San Francisco,117946.28,7,263.93,58.7,6.4,0.31,2022.72,1
CUST-14626,29,Female,Los Angeles,46476.12,6,116.27,67.8,1.9,0.57,768.28,0
CUST-14627,29,Female,San Francisco,66681.93,2,136.43,68.2,1.6,0.53,438.46,0
CUST-14628,51,Female,San Francisco,64429.42,9,92.84,71.3,3.5,0.56,893.91,1
CUST-14629,43,Female,San Francisco,76757.37,6,217.82,59.8,9.2,0.43,1404.04,1
CUST-14630,19,Female,Seattle,35592.78,4,62.82,72.0,0.5,0.44,326.79,0
CUST-14631,31,Female,New York,65355.84,7,103.45,59.4,3.5,0.29,794.64,1
CUST-14632,42,Male,New York,151135.68,5,205.09,51.2,7.7,,1408.63,1
CUST-14633,48,Female,Phoenix,28236.63,4,75.26,70.9,0.8,0.57,383.09,0
CUST-14634,29,Male,Austin,30658.02,4,58.88,69.7,0.6,0.73,256.86,0
CUST-14635,18,Male,Chicago,30468.42,9,77.64,91.2,0.5,0.78,632.31,1
CUST-14636,44,Female,Austin,225537.09,11,414.47,81.7,7.4,0.0,4800.0,1
CUST-14637,23,Male,Boston,82022.39,12,237.02,76.9,0.9,0.53,2730.77,1
CUST-14638,18,Male,Boston,56794.16,7,133.69,48.0,0.5,0.56,1010.47,0
CUST-14639,18,Female,Boston,67270.81,11,109.57,78.3,0.5,0.47,1262.46,1
CUST-14640,47,Male,Boston,72848.79,10,167.21,59.0,1.5,0.57,1681.34,0
CUST-14641,39,Male,Miami,37364.7,5,90.99,61.4,2.2,0.56,489.02,0
CUST-14642,35,Female,San Francisco,58563.32,9,87.68,71.8,2.6,0.51,900.84,0
CUST-14643,54,Female,New York,67593.22,6,161.05,62.1,2.3,0.64,1073.14,0
CUST-14644,45,Female,New York,50905.54,12,93.02,72.0,7.8,0.49,1076.29,1
CUST-14645,57,Female,New York,59972.25,2,90.51,74.8,4.2,0.51,420.3,0
CUST-14646,21,Female,New York,87260.26,4,123.48,66.5,1.0,0.58,749.15,0
CUST-14647,37,Female,New York,44423.68,3,107.17,96.0,4.8,0.63,440.13,1
CUST-14648,18,Female,Boston,239736.64,7,338.76,67.3,0.5,0.0,3089.2,0
CUST-14649,35,Female,San Francisco,110530.92,12,230.93,64.9,1.1,0.3,2814.61,1
CUST-14650,35,Female,Los Angeles,33015.08,5,55.89,68.8,1.9,0.58,352.97,0
CUST-14651,45,Male,Miami,18000.0,6,22.86,74.5,9.4,0.63,153.06,1
CUST-14652,38,Male,Houston,36495.89,9,105.06,88.1,6.7,0.65,965.27,1
CUST-14653,45,Male,New York,102979.47,7,219.88,73.8,2.5,0.5,1725.51,0
CUST-14654,46,Female,Seattle,86541.43,5,146.77,39.7,1.7,0.35,924.16,0
CUST-14655,63,Male,Los Angeles,58943.68,10,131.47,65.0,12.9,0.56,1338.85,1
CUST-14656,34,Female,San Francisco,56148.26,3,94.93,40.9,1.6,0.34,326.16,0
CUST-14657,26,Female,Los Angeles,39644.05,5,45.25,61.0,2.9,0.53,267.29,0
CUST-14658,40,Female,Houston,42083.67,9,66.72,64.4,8.5,0.33,648.48,1
CUST-14659,28,Male,Miami,31024.01,12,48.28,64.3,1.3,0.62,554.33,0
CUST-14660,55,Female,New York,59914.01,11,60.01,90.6,12.5,0.72,710.65,1
CUST-14661,34,Male,Austin,115935.08,4,174.95,100.0,3.0,0.4,984.02,1
CUST-14662,31,Female,New York,49736.02,8,105.88,60.8,4.2,0.49,884.29,1
CUST-14663,32,Female,Houston,69852.93,12,86.58,75.1,2.6,0.52,1168.14,1
CUST-14664,46,Male,Boston,95228.4,2,174.66,79.1,1.3,0.35,615.03,0
CUST-14665,36,Female,Boston,37892.97,6,64.81,66.7,5.3,0.56,459.93,0
CUST-14666,30,Male,Los Angeles,40866.91,5,72.55,97.2,1.1,0.7,432.71,1
CUST-14667,57,Other,New York,124813.55,14,301.46,98.5,13.9,0.31,4256.6,1
CUST-14668,27,Male,San Francisco,47743.12,5,37.09,58.9,1.8,0.34,326.75,0
CUST-14669,38,Male,New York,71065.82,7,99.35,58.5,1.1,0.53,847.08,0
CUST-14670,45,Male,Houston,142728.37,16,272.44,78.3,2.9,0.28,4443.29,1
CUST-14671,18,Male,Miami,84004.26,7,175.92,57.3,0.5,,1326.13,0
CUST-14672,43,Female,Houston,53708.25,12,110.39,51.9,3.6,0.53,1349.85,1
CUST-14673,25,Female,New York,111354.03,9,165.8,,2.5,0.43,1674.32,0
CUST-14674,47,Female,Houston,50048.39,7,92.59,51.9,2.4,0.4,746.15,1
CUST-14675,26,Male,Boston,108167.63,6,254.4,89.7,1.8,0.45,1635.5,1
CUST-14676,46,Male,Phoenix,18000.0,10,50.58,77.4,9.9,0.71,455.48,1
CUST-14677,51,Female,San Francisco,70745.15,10,87.48,48.1,1.1,0.6,954.03,0
CUST-14678,48,Male,Los Angeles,21951.53,7,42.29,47.2,4.0,0.54,275.51,0
CUST-14679,41,Female,New York,79283.25,10,125.09,61.7,8.4,0.46,1349.44,1
CUST-14680,35,Female,Los Angeles,55363.34,10,153.08,51.4,4.3,0.4,1563.22,0
CUST-14681,31,Male,Houston,101627.72,3,163.73,95.5,3.9,0.47,742.66,0
CUST-14682,55,Female,Los Angeles,88936.3,11,193.57,92.8,12.5,0.6,2096.71,1
CUST-14683,29,Female,Houston,39563.52,9,72.74,86.4,2.5,0.67,719.67,0
CUST-14684,25,Female,San Francisco,61905.49,7,72.16,90.1,2.4,0.49,680.17,0
CUST-14685,45,Male,San Francisco,91749.79,9,145.28,76.5,7.1,0.36,1430.02,1
CUST-14686,28,Male,New York,54930.51,8,117.57,67.1,2.9,0.65,904.37,0
CUST-14687,26,Male,San Francisco,74629.1,5,99.92,83.6,0.9,0.61,618.18,0
CUST-14688,20,Male,San Francisco,146505.94,9,225.84,84.2,0.8,0.26,2340.95,1
CUST-14689,32,Male,New York,48317.04,6,157.18,76.9,4.6,0.56,930.1,1
CUST-14690,37,Female,New York,58469.9,4,117.5,50.3,2.3,0.6,630.24,0
CUST-14691,40,Female,Phoenix,41811.36,6,131.81,75.0,5.3,0.66,765.09,1
CUST-14692,49,Female,Chicago,250000.0,6,443.35,63.2,5.0,0.0,3391.81,1
CUST-14693,44,Male,New York,99133.82,12,121.35,49.0,7.0,0.31,1675.52,1
CUST-14694,35,Female,New York,128815.8,7,193.59,75.8,6.8,0.5,1571.58,1
CUST-14695,35,Male,New York,107384.1,8,254.08,48.4,0.8,0.22,2218.64,1
CUST-14696,44,Female,Austin,90491.13,8,130.11,62.6,9.9,0.44,1177.43,1
CUST-14697,53,Female,San Francisco,96111.0,8,192.4,53.3,1.5,0.37,1628.12,1
CUST-14698,39,Female,Houston,61780.39,7,140.1,67.2,4.1,0.49,1029.28,1
CUST-14699,32,Other,Boston,31475.01,7,83.35,67.2,3.0,0.53,550.72,0
CUST-14700,26,Female,Phoenix,58312.5,13,70.98,73.1,1.2,0.53,930.36,1
CUST-14701,20,Male,San Francisco,71847.45,7,84.49,74.9,0.7,0.71,722.21,0
CUST-14702,45,Male,Los Angeles,81837.46,8,196.44,80.7,9.1,0.56,1622.84,1
CUST-14703,44,Male,Phoenix,47061.47,4,123.86,64.4,3.4,0.7,638.85,0
CUST-14704,44,Male,New York,107118.05,6,293.11,76.8,1.2,0.45,1930.48,0
CUST-14705,36,Female,Chicago,91012.89,5,239.15,,4.7,0.37,1394.94,0
CUST-14706,54,Male,New York,18000.0,15,36.0,61.3,10.9,0.68,485.74,1
CUST-14707,32,Female,Los Angeles,50152.09,11,112.34,78.6,5.4,0.66,1187.57,1
CUST-14708,49,Male,New York,28894.63,5,54.7,42.5,2.4,0.48,378.03,0
CUST-14709,37,Male,Chicago,64104.03,5,126.46,77.3,6.9,0.53,735.79,1
CUST-14710,30,Female,Seattle,58266.89,6,40.85,79.3,2.6,0.54,420.33,0
CUST-14711,45,Male,Chicago,112050.44,6,165.06,60.2,2.9,0.17,1307.0,1
CUST-14712,42,Female,Seattle,75114.27,7,120.53,78.4,9.3,0.58,994.02,1
CUST-14713,42,Female,Phoenix,38249.07,7,68.88,80.6,2.7,0.58,561.71,1
CUST-14714,38,Male,Houston,82288.98,9,157.31,71.0,6.0,0.48,1457.45,1
CUST-14715,37,Female,Los Angeles,53138.7,11,81.0,71.7,6.1,0.74,919.65,1
CUST-14716,66,Male,Boston,50681.83,7,132.99,64.4,6.7,0.42,969.9,0
CUST-14717,52,Female,New York,89046.8,9,204.19,100.0,9.5,0.48,1887.8,1
CUST-14718,46,Female,San Francisco,169898.75,9,247.87,63.5,6.6,0.1,2666.65,1
CUST-14719,39,Male,Phoenix,74713.45,5,177.65,65.2,2.0,0.56,1042.5,0
CUST-14720,50,Female,Chicago,75527.77,11,87.0,61.6,9.8,0.34,1102.61,1
CUST-14721,44,Male,Los Angeles,246529.32,8,450.0,65.0,9.7,0.0,4362.24,1
CUST-14722,38,Female,Chicago,39441.95,7,112.94,81.2,4.2,0.61,763.35,1
CUST-14723,34,Female,Seattle,46433.88,7,78.41,67.6,6.4,0.61,596.84,1
CUST-14724,37,Female,Seattle,72833.28,6,108.05,72.9,3.5,0.53,729.38,0
CUST-14725,18,Female,Boston,138667.57,4,245.81,64.0,0.5,0.16,1356.31,0
CUST-14726,40,Male,Los Angeles,38906.59,8,64.27,100.0,6.1,0.67,555.63,1
CUST-14727,32,Other,Chicago,136772.8,5,309.44,76.0,1.4,0.3,1836.93,0
CUST-14728,57,Male,New York,35615.75,11,48.47,87.3,13.6,0.52,537.82,1
CUST-14729,38,Female,Boston,61188.38,12,164.06,80.8,6.5,0.62,1809.91,1
CUST-14730,23,Male,Los Angeles,67947.78,7,70.09,54.5,1.8,0.37,709.84,1
CUST-14731,37,Other,Chicago,36587.95,7,57.12,75.4,4.8,0.75,430.1,0
CUST-14732,25,Female,Boston,47653.17,6,69.68,66.4,2.5,0.59,463.23,0
CUST-14733,43,Female,Houston,76651.31,7,198.03,92.7,7.0,,1415.68,1
CUST-14734,41,Male,Houston,105818.92,7,236.91,,5.0,0.38,1803.59,1
CUST-14735,49,Female,New York,25407.49,10,70.92,74.6,11.6,0.66,673.49,1
CUST-14736,28,Female,Houston,56321.12,6,53.59,86.9,2.0,0.58,486.69,0
CUST-14737,38,Female,Boston,61430.83,6,147.81,62.9,4.3,0.48,984.76,1
CUST-14738,21,Male,Houston,54306.81,7,130.53,55.0,0.6,0.42,953.58,0
CUST-14739,46,Male,Los Angeles,53176.86,10,102.29,85.8,10.6,0.63,1092.71,1
CUST-14740,44,Male,New York,38363.47,10,82.46,60.3,2.7,0.52,872.71,0
CUST-14741,43,Male,Los Angeles,134714.15,4,343.62,60.3,2.4,0.34,1749.53,0
CUST-14742,38,Male,Houston,91892.21,5,125.29,,1.3,0.16,857.15,1
CUST-14743,42,Male,New York,69432.48,8,129.6,58.6,4.6,0.47,1045.07,1
CUST-14744,57,Male,Phoenix,38195.88,12,80.11,59.3,4.5,0.59,966.45,1
CUST-14745,34,Male,Houston,37948.54,8,82.97,53.9,4.9,0.5,724.87,0
CUST-14746,39,Male,Miami,18000.0,6,10.0,60.4,2.9,0.59,141.37,0
CUST-14747,24,Female,New York,87292.05,6,173.44,81.2,1.9,0.56,1108.42,0
CUST-14748,27,Female,Miami,76028.88,5,174.27,63.2,1.1,0.41,958.08,0
CUST-14749,39,Male,Houston,55141.49,4,138.73,43.0,2.3,0.31,690.98,0
CUST-14750,51,Female,Chicago,54481.8,10,78.5,92.5,10.7,0.65,792.4,1
CUST-14751,34,Female,Austin,63703.96,5,99.62,49.3,2.7,0.43,687.92,1
CUST-14752,35,Female,New York,47738.41,8,111.85,70.8,1.2,0.61,957.97,0
CUST-14753,33,Male,Houston,40091.88,10,98.67,81.0,5.8,,888.61,1
CUST-14754,31,Male,Los Angeles,57330.92,4,75.9,48.0,1.3,0.41,473.13,0
CUST-14755,41,Female,Houston,72914.66,11,93.34,57.7,1.8,0.49,1091.74,1
CUST-14756,20,Male,Houston,102553.09,8,177.15,81.3,0.6,0.25,1649.85,1
CUST-14757,53,Male,New York,65220.6,3,128.62,52.5,1.8,0.41,551.97,0
CUST-14758,30,Male,San Francisco,44984.78,7,95.1,47.7,1.2,0.47,754.4,0
CUST-14759,46,Male,Phoenix,49635.56,9,118.68,92.8,9.6,0.68,1045.8,1
CUST-14760,22,Other,Miami,140709.43,6,369.12,62.8,0.7,0.27,2500.24,1
CUST-14761,46,Male,New York,45306.3,6,97.86,77.9,1.7,0.51,616.53,0
CUST-14762,46,Female,Los Angeles,97020.96,9,241.89,79.5,9.9,0.36,2303.91,1
CUST-14763,42,Other,Phoenix,95093.87,4,211.65,67.5,4.5,0.38,1067.59,1
CUST-14764,26,Female,New York,61089.61,12,165.68,68.0,0.9,0.51,1909.59,0
CUST-14765,40,Male,San Francisco,53429.05,5,154.97,73.8,5.3,0.49,834.72,0
CUST-14766,23,Male,New York,97497.59,12,230.34,51.2,0.6,0.38,2812.71,1
CUST-14767,34,Male,Los Angeles,74337.46,6,70.92,52.8,3.0,0.53,543.88,0
CUST-14768,50,Male,Seattle,95849.13,7,161.73,60.6,7.8,0.37,1310.51,1
CUST-14769,47,Female,Miami,145155.58,17,227.74,100.0,11.1,0.36,3972.55,1
CUST-14770,38,Male,Phoenix,53006.13,9,105.04,49.3,2.9,0.46,1036.87,1
CUST-14771,26,Female,Seattle,37310.54,10,81.01,62.9,2.6,0.6,730.09,1
CUST-14772,45,Female,San Francisco,78416.7,3,171.06,62.7,1.9,0.44,651.31,0
CUST-14773,38,Female,Houston,58074.68,7,93.38,59.1,3.8,0.55,737.9,1
CUST-14774,18,Female,Austin,112296.11,7,181.71,77.1,0.5,0.24,1558.47,0
CUST-14775,47,Male,San Francisco,68740.24,4,184.25,69.8,6.0,0.56,835.1,0
CUST-14776,37,Male,Phoenix,39739.68,8,83.99,66.8,3.5,0.72,695.56,1
CUST-14777,52,Male,Chicago,28658.15,8,45.36,99.1,13.3,0.67,369.99,1
CUST-14778,24,Male,Boston,85479.17,7,125.92,47.6,2.2,0.17,1140.32,0
CUST-14779,18,Female,Los Angeles,250000.0,5,424.43,53.3,0.5,0.0,2851.87,1
CUST-14780,41,Male,New York,65434.77,4,108.5,76.9,2.0,0.53,612.19,0
CUST-14781,41,Male,New York,91682.07,10,263.63,59.8,5.3,0.36,2718.78,1
CUST-14782,18,Other,New York,55613.88,6,121.12,57.1,0.5,0.49,819.77,0
CUST-14783,26,Male,Los Angeles,32830.7,5,63.14,76.4,0.6,0.65,367.72,0
CUST-14784,71,Female,Miami,63947.95,8,155.18,,6.8,0.39,1396.38,1
CUST-14785,34,Male,Phoenix,49450.81,4,68.43,59.7,0.8,0.47,428.0,0
CUST-14786,46,Male,New York,22188.46,8,27.29,58.1,3.1,0.66,276.19,1
CUST-14787,30,Female,Miami,115118.93,8,202.4,74.1,0.9,0.28,1817.34,1
CUST-14788,18,Female,Houston,63366.39,8,181.78,78.1,0.5,0.44,1524.53,1
CUST-14789,35,Male,Houston,53404.72,3,156.45,68.6,1.6,0.64,549.79,0
CUST-14790,34,Male,Chicago,46064.68,6,75.36,79.3,1.4,0.68,587.19,0
CUST-14791,33,Male,Seattle,82933.19,9,195.72,64.0,5.8,0.41,1818.35,1
CUST-14792,36,Male,Los Angeles,78077.71,5,163.37,64.2,4.0,0.5,957.6,0
CUST-14793,41,Male,New York,89390.11,6,136.2,100.0,7.1,,965.9,1
CUST-14794,36,Female,Los Angeles,106272.14,6,297.05,75.1,2.7,0.6,1836.17,0
CUST-14795,22,Male,San Francisco,144944.74,8,403.32,79.2,1.1,0.26,3451.05,1
CUST-14796,43,Male,Phoenix,132911.13,4,172.78,69.9,0.6,0.46,947.84,0
CUST-14797,18,Female,New York,48131.08,9,136.88,85.7,0.5,0.66,1150.54,0
CUST-14798,18,Male,New York,54906.87,5,166.67,81.8,0.5,0.52,864.53,0
CUST-14799,46,Male,San Francisco,90858.93,10,148.31,65.8,6.0,0.38,1628.75,1
CUST-14800,44,Other,San Francisco,51376.02,4,111.88,52.5,4.5,0.46,564.6,0
CUST-14801,37,Male,Chicago,41763.69,14,111.54,88.4,6.1,0.65,1401.88,1
CUST-14802,21,Female,Seattle,85884.47,6,107.46,89.2,0.9,0.51,847.41,0
CUST-14803,29,Male,Austin,93501.37,18,170.55,83.8,3.0,0.42,3031.88,1
CUST-14804,34,Male,Los Angeles,117915.78,6,306.53,72.8,1.6,0.35,2050.8,1
CUST-14805,18,Male,Houston,46742.05,8,111.9,88.5,0.5,0.72,889.43,0
CUST-14806,29,Male,New York,92196.83,8,257.7,73.2,1.9,0.4,2089.92,1
CUST-14807,45,Male,San Francisco,85635.15,11,238.42,56.3,5.5,0.3,2681.56,1
CUST-14808,55,Male,Chicago,57389.63,8,84.97,75.6,5.5,0.69,760.66,1
CUST-14809,32,Female,New York,48635.06,14,79.75,80.2,5.0,0.73,1067.5,1
CUST-14810,47,Female,San Francisco,47328.44,12,82.68,79.9,10.5,0.59,997.19,1
CUST-14811,18,Male,Miami,71829.04,9,183.41,70.5,0.5,0.57,1634.61,0
CUST-14812,45,Female,New York,48227.99,8,119.51,98.6,8.3,0.72,902.53,1
CUST-14813,28,Female,New York,30080.88,4,95.68,75.1,0.9,0.64,432.27,0
CUST-14814,41,Female,Los Angeles,61321.22,7,116.8,71.1,0.8,,852.95,0
CUST-14815,35,Male,Phoenix,100937.79,13,274.24,68.1,5.8,0.36,3532.82,1
CUST-14816,53,Female,Miami,18000.0,9,33.67,39.7,2.3,0.51,271.79,0
CUST-14817,27,Male,Houston,44557.76,4,84.19,76.7,1.0,0.63,432.29,0
CUST-14818,45,Male,Phoenix,68339.75,11,181.51,60.0,6.7,,1938.59,1
CUST-14819,34,Female,Miami,20680.75,9,39.73,86.5,5.3,0.83,373.31,0
CUST-14820,36,Female,Houston,46260.34,6,64.55,46.3,1.8,0.53,473.54,0
CUST-14821,35,Female,Phoenix,27581.78,4,89.13,71.5,1.2,0.66,365.47,0
CUST-14822,27,Female,Houston,31104.81,8,68.22,81.2,0.7,0.58,566.97,0
CUST-14823,37,Male,Seattle,55377.82,6,62.74,72.3,0.7,0.71,526.85,0
CUST-14824,37,Female,Los Angeles,35531.97,4,78.4,62.2,1.3,0.66,429.63,0
CUST-14825,40,Male,Los Angeles,34084.96,9,86.2,95.6,8.3,0.74,745.6,1
CUST-14826,39,Male,New York,71003.8,9,181.92,57.8,1.3,0.31,1794.41,0
CUST-14827,47,Female,Miami,156729.43,6,300.62,69.0,7.1,0.06,2275.25,1
CUST-14828,49,Male,Chicago,83088.52,10,173.72,100.0,11.5,0.58,1740.37,1
CUST-14829,25,Female,Los Angeles,103262.37,6,213.49,55.7,1.9,0.25,1491.54,1
CUST-14830,48,Male,Austin,88782.19,4,196.88,50.6,0.9,0.19,1040.84,0
CUST-14831,23,Female,Boston,45869.92,6,102.49,63.9,1.4,0.48,655.59,0
CUST-14832,45,Male,Austin,69614.37,7,172.92,86.7,9.8,0.57,1196.52,1
CUST-14833,45,Male,New York,126620.76,7,262.17,76.3,3.8,0.3,2066.44,1
CUST-14834,18,Female,Boston,98369.91,8,163.8,57.7,0.5,,1488.13,0
CUST-14835,39,Male,Los Angeles,68667.92,3,110.4,63.2,2.5,0.46,494.05,0
CUST-14836,32,Female,New York,94857.2,6,115.67,73.7,3.1,0.63,882.75,0
CUST-14837,28,Female,Chicago,194897.13,5,450.0,72.5,1.3,0.13,2791.87,1
CUST-14838,54,Female,Houston,78309.82,10,106.09,100.0,10.6,,1043.71,1
CUST-14839,30,Female,New York,62475.2,12,84.14,91.7,3.3,0.53,1043.9,1
CUST-14840,28,Male,Houston,49597.13,4,98.45,63.4,1.9,0.58,454.23,0
CUST-14841,38,Female,Miami,30382.77,9,95.54,71.2,5.9,0.74,732.17,0
CUST-14842,46,Male,Chicago,183929.56,5,450.0,67.2,1.6,0.08,2757.93,1
CUST-14843,36,Male,Los Angeles,138926.02,8,353.38,86.9,5.5,0.32,3013.91,1
CUST-14844,51,Male,Los Angeles,64949.7,13,86.06,79.9,8.2,0.54,1186.06,1
CUST-14845,44,Female,Boston,193441.73,9,450.0,77.6,6.7,0.05,4509.39,1
CUST-14846,18,Female,New York,100338.49,9,272.84,80.5,0.5,0.46,2388.95,1
CUST-14847,31,Female,Chicago,45860.84,8,93.15,76.2,3.4,0.48,797.77,1
CUST-14848,31,Female,Los Angeles,98026.02,7,194.0,62.1,2.8,0.25,1592.66,1
CUST-14849,43,Female,Boston,79351.55,9,150.02,73.2,5.1,0.47,1438.74,1
CUST-14850,18,Female,New York,111194.14,3,211.82,76.8,0.5,0.47,860.19,0
CUST-14851,68,Male,Chicago,28688.29,5,32.74,59.8,0.6,0.67,191.7,0
CUST-14852,44,Female,Chicago,37935.14,7,92.29,71.3,4.7,0.51,659.15,0
CUST-14853,39,Female,Seattle,142540.15,9,158.42,80.4,3.7,0.17,1774.73,1
CUST-14854,52,Male,Los Angeles,145267.29,11,339.54,68.3,6.0,0.42,3810.12,1
CUST-14855,66,Female,Phoenix,98932.77,9,158.19,55.8,9.4,0.33,1567.33,1
CUST-14856,48,Male,New York,221777.09,11,375.2,64.2,3.9,0.0,4800.0,1
CUST-14857,49,Female,Austin,79538.33,8,173.17,36.8,3.7,0.29,1516.39,0
CUST-14858,39,Female,Phoenix,62829.57,6,156.13,,4.4,0.51,986.1,0
CUST-14859,36,Female,Phoenix,30885.31,8,101.86,60.9,4.5,0.64,801.74,1
CUST-14860,32,Female,Chicago,42553.8,7,66.6,49.9,3.4,0.62,473.68,0
CUST-14861,28,Female,Los Angeles,23054.85,6,41.97,56.4,3.6,0.67,282.59,0
CUST-14862,29,Female,Los Angeles,53051.53,11,116.69,77.3,3.5,0.69,1205.33,1
CUST-14863,21,Male,Phoenix,18000.0,9,54.14,54.1,0.5,0.66,461.42,0
CUST-14864,37,Male,Austin,102313.13,5,186.87,64.1,4.5,0.33,1164.32,1
CUST-14865,18,Female,Los Angeles,75656.71,2,151.27,71.9,0.5,0.38,489.8,0
CUST-14866,40,Female,Seattle,24589.11,7,27.23,56.5,3.5,0.68,225.67,0
CUST-14867,37,Female,New York,66514.33,12,174.54,81.6,7.3,0.57,1915.27,1
CUST-14868,39,Male,Boston,173884.99,15,340.2,82.6,4.1,0.15,4800.0,1
CUST-14869,31,Female,Los Angeles,58508.59,8,109.25,69.4,3.9,0.41,964.5,1
CUST-14870,74,Female,Chicago,34530.72,11,97.02,83.1,14.5,0.7,1008.75,1
CUST-14871,54,Male,Chicago,23296.05,7,68.89,81.5,2.6,0.64,491.12,1
CUST-14872,23,Female,San Francisco,31528.56,4,36.03,71.2,0.6,0.61,234.69,0
CUST-14873,40,Female,San Francisco,99137.42,9,236.74,70.7,3.1,0.47,2173.89,0
CUST-14874,30,Female,Chicago,45791.5,7,72.85,91.1,0.7,0.61,637.81,0
CUST-14875,25,Other,Houston,43183.32,5,67.29,68.2,0.8,0.57,428.17,0
CUST-14876,21,Male,New York,58996.37,9,117.05,70.7,1.2,,1067.84,0
CUST-14877,43,Female,Los Angeles,58083.79,11,88.09,92.5,9.6,0.6,997.63,1
CUST-14878,29,Female,Los Angeles,33731.27,7,51.38,67.3,3.2,0.51,424.95,0
CUST-14879,49,Female,Houston,60280.21,13,113.95,66.6,9.5,0.56,1450.99,1
CUST-14880,49,Female,Houston,25269.5,2,45.4,27.8,2.2,0.41,179.58,0
CUST-14881,54,Female,San Francisco,51976.71,10,85.93,98.2,8.8,0.68,870.44,1
CUST-14882,27,Male,San Francisco,125729.25,7,168.63,57.5,1.0,0.2,1537.11,1
CUST-14883,43,Male,Los Angeles,75196.84,5,179.1,65.0,4.1,0.38,1054.62,1
CUST-14884,45,Male,Miami,72514.92,9,112.08,46.8,4.1,0.31,1100.05,1
CUST-14885,32,Female,New York,214335.71,12,450.0,77.6,3.6,0.0,4800.0,1
CUST-14886,28,Female,San Francisco,73618.03,4,160.76,81.0,0.8,0.5,802.41,0
CUST-14887,57,Male,New York,73927.1,2,200.96,78.6,2.0,0.61,540.97,0
CUST-14888,40,Male,San Francisco,66457.09,11,69.29,87.6,5.6,0.57,885.36,1
CUST-14889,45,Male,Houston,41233.22,11,84.96,75.4,7.1,,915.47,1
CUST-14890,28,Female,Chicago,34320.38,7,87.91,86.9,1.7,0.71,607.3,0
CUST-14891,23,Female,San Francisco,79102.89,6,183.31,63.1,0.7,0.49,1197.09,0
CUST-14892,31,Female,New York,87345.68,7,96.38,80.9,4.7,0.56,833.47,1
CUST-14893,36,Female,Los Angeles,76507.73,3,154.93,61.8,0.9,0.57,582.61,0
CUST-14894,25,Female,Phoenix,50353.4,8,89.47,76.2,2.1,0.6,718.14,1
CUST-14895,37,Male,Seattle,107605.71,2,165.46,55.3,1.5,0.32,647.46,0
CUST-14896,18,Female,Chicago,57728.63,5,117.59,39.0,0.5,0.25,681.52,1
CUST-14897,24,Female,Los Angeles,50772.54,4,144.59,89.0,1.8,0.74,645.79,0
CUST-14898,46,Female,Houston,32377.29,8,40.94,59.4,9.1,0.57,384.18,1
CUST-14899,45,Female,Phoenix,22474.84,11,41.86,79.1,4.6,0.82,419.51,1
CUST-14900,33,Female,Chicago,118065.84,8,197.09,97.4,0.6,0.46,1724.96,0
CUST-14901,25,Female,Seattle,47744.36,8,107.18,61.9,2.4,0.49,926.64,0
CUST-14902,25,Female,Houston,32398.69,6,79.24,75.5,1.5,0.84,488.52,0
CUST-14903,33,Other,New York,59357.6,11,167.19,75.4,5.2,0.49,1775.23,1
CUST-14904,45,Female,Los Angeles,54207.12,8,123.29,78.3,8.5,0.57,1009.73,1
CUST-14905,49,Male,Chicago,129061.77,4,175.99,75.3,6.4,0.19,1049.18,1
CUST-14906,32,Male,San Francisco,64369.72,9,88.9,94.9,5.6,0.56,874.78,1
CUST-14907,24,Female,Los Angeles,232455.42,8,449.92,60.7,1.4,0.0,4389.82,1
CUST-14908,41,Male,Austin,61522.53,6,111.69,95.8,6.6,0.5,792.59,1
CUST-14909,28,Male,Los Angeles,174255.18,9,329.13,72.4,2.8,0.14,3430.08,1
CUST-14910,31,Male,Houston,80472.54,13,163.2,61.8,2.9,0.5,2089.99,1
CUST-14911,53,Female,New York,87607.62,14,208.91,47.4,8.4,0.24,2923.43,1
CUST-14912,47,Female,Seattle,149054.55,8,318.37,82.5,9.4,0.28,2807.09,1
CUST-14913,39,Male,Miami,90203.33,12,250.62,64.4,5.0,0.38,2996.22,1
CUST-14914,22,Male,New York,100452.89,7,185.06,63.4,1.0,0.22,1514.34,0
CUST-14915,40,Female,Boston,207133.45,8,351.25,79.2,6.0,,3334.85,1
CUST-14916,50,Male,Los Angeles,48560.49,7,104.63,48.0,0.9,0.58,771.75,0
CUST-14917,33,Male,San Francisco,46120.62,5,109.93,66.2,1.1,0.57,607.74,0
CUST-14918,54,Female,Miami,36702.18,4,71.63,57.0,2.2,0.5,394.32,0
CUST-14919,53,Female,San Francisco,182154.19,7,392.61,86.5,6.2,0.0,3312.6,1
CUST-14920,57,Male,Boston,134282.57,13,194.51,88.2,13.1,0.34,2697.17,1
CUST-14921,41,Female,Seattle,52078.77,10,163.82,77.6,6.1,0.68,1605.85,1
CUST-14922,45,Male,Austin,18361.01,10,12.67,77.7,10.5,0.61,199.19,1
CUST-14923,54,Female,New York,65984.96,7,176.58,57.2,1.1,0.46,1332.36,1
CUST-14924,43,Male,Los Angeles,37538.78,11,57.34,93.7,7.4,0.69,628.35,1
CUST-14925,31,Male,Phoenix,38088.65,4,35.82,73.7,2.0,0.7,268.04,0
CUST-14926,32,Female,San Francisco,44768.84,4,87.54,79.1,0.6,0.66,439.33,0
CUST-14927,40,Female,Houston,23015.83,10,33.16,93.0,7.4,0.67,327.47,1
CUST-14928,22,Male,New York,187532.38,11,395.52,70.0,0.7,0.11,4786.39,1
CUST-14929,36,Male,Seattle,48113.08,10,71.39,84.2,1.9,0.78,699.46,0
CUST-14930,51,Female,Austin,120770.11,9,160.89,57.7,4.8,0.3,1756.05,1
CUST-14931,18,Female,Chicago,50924.77,9,100.89,,0.5,,935.93,0
CUST-14932,56,Male,Los Angeles,35396.2,19,96.75,97.3,9.6,0.76,1583.18,1
CUST-14933,51,Female,New York,94337.95,8,152.7,52.2,3.9,0.24,1423.71,0
CUST-14934,32,Male,Los Angeles,51237.84,8,103.08,71.5,1.4,0.53,892.92,0
CUST-14935,44,Female,San Francisco,68385.88,6,159.39,54.0,1.6,0.46,1006.84,0
CUST-14936,38,Male,Boston,69896.76,9,143.27,82.7,1.6,0.5,1314.41,1
CUST-14937,52,Male,New York,48727.47,10,52.55,91.0,11.9,0.66,619.91,1
CUST-14938,49,Male,Houston,22882.75,11,66.54,95.3,11.5,0.77,668.4,1
CUST-14939,21,Male,San Francisco,73927.3,2,127.47,61.7,1.2,0.47,439.67,0
CUST-14940,45,Male,Los Angeles,100883.41,6,210.25,76.9,9.1,0.47,1470.32,1
CUST-14941,35,Male,Houston,32791.06,8,85.2,49.3,6.1,0.55,720.13,1
CUST-14942,38,Male,San Francisco,81916.31,13,170.57,59.8,6.6,0.49,2222.14,1
CUST-14943,29,Male,Seattle,143759.51,9,189.53,80.9,4.2,0.21,2010.76,1
CUST-14944,58,Female,Chicago,54388.48,9,156.26,89.0,12.8,0.67,1318.0,1
CUST-14945,50,Male,San Francisco,79183.2,9,128.6,54.3,6.2,0.4,1255.71,1
CUST-14946,29,Female,Los Angeles,64046.72,6,138.36,69.5,1.8,0.56,912.39,1
CUST-14947,21,Male,Los Angeles,44293.35,8,102.96,69.6,0.9,0.65,865.27,0
CUST-14948,33,Male,New York,44508.14,9,100.71,94.8,3.8,0.58,950.55,1
CUST-14949,43,Female,Los Angeles,37991.99,10,73.53,90.2,6.0,0.75,712.11,1
CUST-14950,40,Female,New York,87921.2,11,111.26,91.6,6.4,0.52,1325.84,1
CUST-14951,53,Male,Los Angeles,91007.58,4,116.46,73.5,9.9,0.4,722.03,1
CUST-14952,47,Male,Phoenix,72924.55,4,162.86,50.4,1.5,0.33,805.78,0
CUST-14953,49,Female,Phoenix,40350.86,7,65.77,72.4,3.9,0.49,518.13,1
CUST-14954,41,Female,New York,126343.4,15,339.22,67.3,8.2,0.29,4800.0,1
CUST-14955,21,Other,Los Angeles,72652.56,9,169.76,65.1,0.9,0.45,1619.67,0
CUST-14956,35,Male,Houston,53320.59,10,143.45,76.2,2.6,0.65,1352.25,1
CUST-14957,50,Male,Los Angeles,18000.0,9,10.0,86.1,11.0,0.75,113.22,1
CUST-14958,37,Female,Chicago,37800.79,4,95.36,47.0,2.3,0.47,466.43,0
CUST-14959,44,Female,San Francisco,35451.59,7,29.46,74.6,4.6,0.7,356.24,0
CUST-14960,34,Female,New York,100071.61,8,163.95,56.2,2.1,0.4,1480.31,0
CUST-14961,25,Female,Los Angeles,65334.7,13,93.09,61.5,2.5,0.56,1256.51,1
CUST-14962,36,Female,New York,42792.21,8,111.34,61.8,5.4,0.58,884.68,1
CUST-14963,41,Female,New York,85159.89,6,187.2,62.2,4.5,0.33,1253.51,1
CUST-14964,30,Male,Austin,29247.93,10,47.51,57.1,4.5,0.55,483.68,0
CUST-14965,35,Female,Chicago,33755.84,11,79.89,81.3,6.3,0.69,806.51,0
CUST-14966,26,Male,Houston,36083.68,2,100.51,52.1,2.4,0.5,325.53,0
CUST-14967,51,Male,San Francisco,99363.53,11,175.59,89.4,11.8,0.48,2020.68,1
CUST-14968,34,Male,New York,147240.92,5,248.26,81.8,4.7,0.48,1560.42,1
CUST-14969,55,Male,Los Angeles,46479.09,7,90.02,80.8,9.5,0.45,695.79,1
CUST-14970,56,Male,Seattle,131186.19,9,342.92,71.3,6.6,0.25,3242.47,1
CUST-14971,37,Female,Seattle,69344.72,7,107.97,51.5,2.4,0.54,864.8,0
CUST-14972,25,Male,Chicago,64014.14,7,87.62,79.8,0.6,0.54,667.22,0
CUST-14973,18,Female,Chicago,55099.06,7,104.78,63.7,0.5,0.61,715.07,0
CUST-14974,20,Male,San Francisco,68721.36,7,124.09,69.4,0.5,0.55,952.28,0
CUST-14975,21,Male,Los Angeles,77606.93,13,90.69,65.8,0.8,0.58,1177.27,0
CUST-14976,54,Female,New York,105901.55,7,193.06,77.4,3.8,0.27,1623.38,1
CUST-14977,39,Female,Los Angeles,40032.88,9,67.73,77.1,4.1,0.6,682.79,0
CUST-14978,42,Male,Chicago,51747.94,9,83.23,42.6,3.4,0.52,808.28,0
CUST-14979,18,Female,New York,168508.61,5,238.34,,0.5,0.28,1586.14,1
CUST-14980,23,Male,Chicago,62154.87,11,132.71,77.3,2.0,0.57,1468.69,1
CUST-14981,48,Other,San Francisco,87537.2,17,113.53,79.9,11.3,0.58,2011.54,1
CUST-14982,41,Male,Houston,92257.7,12,206.75,73.3,5.9,0.39,2501.63,1
CUST-14983,36,Male,New York,56924.57,7,118.52,90.1,7.1,0.57,925.46,1
CUST-14984,44,Female,Chicago,55927.41,10,137.75,73.3,4.5,0.46,1354.58,1
CUST-14985,57,Female,San Francisco,114107.32,11,245.23,77.7,8.1,0.34,2842.49,1
CUST-14986,35,Male,New York,135883.84,7,198.06,72.1,2.1,0.26,1722.56,0
CUST-14987,38,Female,New York,22416.06,6,24.54,90.7,7.2,0.72,162.67,1
CUST-14988,40,Male,Chicago,39358.05,5,84.27,78.6,2.0,0.7,490.07,0
CUST-14989,66,Female,New York,44396.77,8,112.33,75.1,9.4,0.41,930.54,1
CUST-14990,18,Male,Boston,61108.67,7,109.79,62.7,0.5,0.47,889.28,0
CUST-14991,46,Female,Phoenix,30739.48,6,85.57,85.9,6.9,0.7,522.94,0
CUST-14992,36,Female,Los Angeles,86839.31,8,211.32,,1.0,0.39,1809.45,1
CUST-14993,44,Male,San Francisco,82675.4,9,246.31,71.2,6.6,0.52,2167.66,1
CUST-14994,30,Female,Chicago,88732.83,7,135.37,,3.8,0.51,1058.84,1
CUST-14995,37,Other,New York,117784.1,7,249.78,72.5,1.8,0.34,1988.96,0
CUST-14996,46,Female,Los Angeles,87492.2,6,150.48,80.2,8.4,0.34,1067.03,1
CUST-14997,75,Male,Phoenix,90689.91800000002,12,85.75,84.1,13.2,0.66,1053.91,1
CUST-14998,47,Female,New York,77052.58,10,225.41,82.6,11.4,0.58,2120.66,1
CUST-14999,27,Female,Los Angeles,49480.06,2,70.52,46.6,1.8,0.57,305.2,0
CUST-15000,32,Female,Los Angeles,31489.02,8,28.42,64.7,0.6,,331.35,0
CUST-15001,32,Female,Los Angeles,100373.74,14,214.91,65.3,2.6,0.35,3035.86,1
CUST-15002,18,Male,San Francisco,72724.96,3,139.75,66.1,0.5,0.4,598.34,0
CUST-15003,34,Female,Miami,24279.82,8,47.94,50.3,5.8,0.51,457.27,1
CUST-15004,46,Female,San Francisco,99205.33,11,176.56,69.2,10.5,0.38,2041.09,1
CUST-15005,22,Male,Phoenix,43593.57,6,67.49,39.2,1.5,0.48,451.34,0
CUST-15006,50,Female,Boston,23211.88,9,36.56,77.1,8.6,0.67,379.79,1
CUST-15007,43,Female,New York,36799.52,9,103.77,85.8,7.0,0.72,898.17,1
CUST-15008,29,Female,New York,51523.79,10,121.84,80.1,0.5,0.56,1138.83,0
CUST-15009,36,Male,Chicago,63199.15,2,60.37,78.4,2.9,0.54,309.88,0
CUST-15010,57,Female,Chicago,84355.91,11,93.85,80.4,13.6,0.51,1197.38,1
CUST-15011,46,Male,Chicago,82923.57,6,193.74,81.1,7.9,0.51,1327.74,1
CUST-15012,38,Female,Los Angeles,84220.48,5,108.59,68.2,4.0,0.52,733.48,1
CUST-15013,35,Female,New York,71892.23,3,156.46,59.6,1.2,0.52,635.04,0
CUST-15014,38,Female,Houston,121761.91,5,308.32,68.7,2.3,0.41,1816.5,0
CUST-15015,31,Male,Boston,92249.96,8,262.85,64.8,3.1,0.3,2213.73,1
CUST-15016,18,Female,Chicago,63566.56,10,106.97,72.4,0.5,0.52,1129.05,0
CUST-15017,62,Female,New York,97090.48,7,179.16,67.9,1.9,0.41,1374.64,0
CUST-15018,39,Male,San Francisco,62128.17,9,151.24,48.2,1.7,0.45,1389.61,0
CUST-15019,42,Female,Los Angeles,60544.88,12,123.9,62.2,6.5,0.46,1483.74,1
CUST-15020,37,Female,Los Angeles,21999.72,7,21.78,79.5,2.6,0.71,176.09,1
CUST-15021,29,Female,Los Angeles,51348.35,9,71.22,66.9,1.2,0.59,683.44,0
CUST-15022,35,Male,San Francisco,182849.05,6,301.79,69.8,1.6,0.02,2323.52,1
CUST-15023,18,Male,Miami,55431.0,5,144.99,63.5,0.5,0.36,874.92,0
CUST-15024,65,Female,Phoenix,51431.67,10,107.3,63.0,9.0,0.55,1074.19,1
CUST-15025,23,Male,Los Angeles,102648.31,4,200.99,62.2,1.9,0.4,1010.63,1
CUST-15026,25,Male,Los Angeles,74508.96,4,137.9,64.8,1.7,0.59,687.67,0
CUST-15027,32,Female,New York,49358.37,8,88.48,68.2,4.0,0.65,826.88,0
CUST-15028,53,Male,Boston,65785.21,8,155.74,57.8,2.9,0.42,1354.45,1
CUST-15029,38,Female,Phoenix,27640.29,4,25.65,69.8,5.9,0.59,81.25,0
CUST-15030,23,Female,New York,80170.48,8,175.07,62.6,1.5,0.44,1485.72,0
CUST-15031,53,Female,San Francisco,49891.07,9,110.46,54.3,3.4,0.38,982.97,1
CUST-15032,46,Female,Chicago,90484.83,11,150.56,90.9,7.7,0.44,1760.14,1
CUST-15033,44,Male,Austin,46174.82,8,68.85,72.9,2.6,0.47,660.19,1
CUST-15034,46,Male,Miami,34076.21,8,64.95,75.2,6.9,0.85,507.74,1
CUST-15035,66,Female,New York,69126.17,10,145.5,98.5,10.2,0.59,1510.75,1
CUST-15036,64,Male,San Francisco,91050.37,11,236.44,84.2,10.6,0.65,2485.7,1
CUST-15037,29,Female,Houston,28142.63,10,101.31,68.2,4.0,0.49,887.89,1
CUST-15038,57,Female,New York,56357.54,11,148.66,100.0,14.2,0.73,1532.15,1
CUST-15039,42,Male,San Francisco,79941.74,11,172.93,79.8,7.9,0.38,1936.81,1
CUST-15040,43,Female,Houston,100497.79,6,221.03,97.5,8.8,0.54,1474.67,1
CUST-15041,18,Male,New York,20655.7,4,60.34,76.6,0.5,0.68,285.35,0
CUST-15042,35,Male,Phoenix,66318.3,5,156.57,59.4,2.8,0.47,844.43,0
CUST-15043,28,Female,Phoenix,40249.65,8,83.01,70.6,0.6,0.61,635.95,0
CUST-15044,47,Female,New York,57113.71,10,97.01,44.0,3.0,0.48,1033.14,0
CUST-15045,50,Female,Los Angeles,44320.32,11,90.44,64.4,5.2,0.47,976.77,1
CUST-15046,18,Male,Phoenix,40647.46,11,67.07,87.5,0.5,0.63,703.48,0
CUST-15047,37,Male,New York,99759.06,3,238.29,77.0,4.1,0.38,945.57,1
CUST-15048,51,Male,Seattle,51779.54,13,125.62,54.4,8.7,0.41,1608.51,1
CUST-15049,35,Male,New York,167610.92,6,290.3,80.4,2.8,0.2,2147.55,1
CUST-15050,46,Male,New York,99911.29,7,220.55,70.5,7.0,0.48,1618.41,1
CUST-15051,42,Female,New York,80748.18,7,130.92,75.8,7.9,0.34,1097.32,1
CUST-15052,42,Female,Houston,47366.89,8,83.71,63.6,3.2,0.57,710.1,0
CUST-15053,34,Male,Phoenix,88394.64,11,111.62,,6.0,0.31,1474.36,1
CUST-15054,23,Male,Chicago,110946.13,9,247.35,69.9,0.8,0.24,2415.39,1
CUST-15055,24,Female,Los Angeles,34859.15,10,74.77,59.9,2.2,0.46,741.9,1
CUST-15056,46,Female,Miami,36234.16,6,106.83,74.2,0.8,0.61,624.16,0
CUST-15057,38,Female,New York,100450.43,7,183.33,64.3,4.6,0.44,1449.99,1
CUST-15058,36,Male,Los Angeles,99518.86,6,278.66,86.3,7.1,0.5,1822.46,1
CUST-15059,32,Male,New York,62939.82,3,105.32,70.1,3.6,0.54,466.3,1
CUST-15060,34,Female,New York,50457.27,10,52.45,76.7,3.8,0.65,591.98,1
CUST-15061,50,Female,Los Angeles,64800.48,8,160.26,53.6,8.9,0.55,1310.38,1
CUST-15062,33,Male,New York,153039.5,5,342.42,56.6,2.1,0.24,2013.21,0
CUST-15063,21,Female,Los Angeles,63594.3,6,131.64,76.4,0.5,0.47,909.2,0
CUST-15064,46,Male,Miami,27357.24,8,43.9,54.8,3.2,0.64,345.47,0
CUST-15065,35,Male,New York,77257.26,5,151.16,59.1,1.6,0.44,877.68,0
CUST-15066,38,Female,Miami,76121.1,6,156.25,57.4,7.4,0.34,1127.25,1
CUST-15067,57,Male,San Francisco,72098.14,10,201.51,99.7,12.9,0.52,1967.71,1
CUST-15068,37,Female,Los Angeles,116873.26,3,299.44,78.1,2.8,0.28,1246.2,0
CUST-15069,41,Male,Houston,79350.59,8,182.7,65.8,7.8,0.47,1442.13,1
CUST-15070,23,Male,Chicago,55155.44,3,111.9,68.2,0.8,0.52,450.53,0
CUST-15071,35,Male,New York,74732.97,10,75.29,71.6,1.8,0.65,871.37,1
CUST-15072,45,Male,Boston,25885.59,9,22.06,84.7,8.4,0.69,237.84,1
CUST-15073,19,Male,Houston,94260.74,5,183.88,74.1,0.5,0.33,1178.49,0
CUST-15074,40,Female,Seattle,57433.61,13,114.23,77.2,1.0,0.59,1403.2,1
CUST-15075,39,Female,Miami,42138.97,9,76.31,33.7,6.2,0.38,765.57,1
CUST-15076,38,Male,New York,55557.72,10,168.78,84.1,7.9,0.62,1637.36,1
CUST-15077,50,Male,Los Angeles,78284.96,9,132.62,76.1,7.5,0.46,1265.64,1
CUST-15078,42,Other,New York,41595.95,4,86.05,71.9,2.9,0.56,350.61,0
CUST-15079,55,Male,Seattle,41400.87,7,46.09,74.8,5.8,0.63,389.96,0
CUST-15080,26,Male,Seattle,65965.09,6,175.66,68.4,2.3,0.49,1123.64,1
CUST-15081,39,Male,Houston,37625.98,7,56.73,92.7,6.0,0.65,511.98,1
CUST-15082,39,Female,New York,86484.58,8,235.67,73.7,7.5,0.43,1992.08,1
CUST-15083,25,Male,New York,54456.63,8,113.58,82.8,2.6,0.53,972.7,0
CUST-15084,49,Female,Miami,114259.2,9,141.6,70.0,10.7,0.4,1479.65,1
CUST-15085,65,Male,Boston,91954.6,8,208.89,77.4,9.9,0.37,1739.18,1
CUST-15086,37,Male,New York,102800.73,10,228.3,84.6,3.7,0.4,2369.45,1
CUST-15087,44,Male,New York,54047.78,11,88.42,84.5,7.2,0.51,1022.53,1
CUST-15088,39,Female,Los Angeles,207440.9,8,450.0,78.3,5.8,0.06,4194.42,1
CUST-15089,29,Female,New York,58723.72,3,126.4,35.8,1.4,0.53,550.29,0
CUST-15090,18,Male,Miami,36018.99,5,72.03,76.1,0.5,0.78,403.66,0
CUST-15091,29,Male,Houston,73282.57,6,198.17,76.2,1.3,0.51,1327.98,0
CUST-15092,21,Female,Phoenix,53758.31,6,73.65,69.1,1.1,0.61,553.19,0
CUST-15093,58,Female,Chicago,37782.38,5,81.11,68.1,5.2,0.7,456.22,0
CUST-15094,36,Male,Los Angeles,186779.77,7,450.0,79.7,5.9,0.16,3528.66,1
CUST-15095,33,Female,Los Angeles,101474.39,6,303.93,77.5,2.6,0.35,1970.09,1
CUST-15096,48,Male,Miami,51570.72,10,90.9,84.2,9.3,0.47,984.5,1
CUST-15097,24,Male,San Francisco,250000.0,3,344.2,82.3,0.9,0.06,1808.69,1
CUST-15098,28,Male,Chicago,85321.37,5,218.02,72.6,3.2,0.43,1282.9,0
CUST-15099,38,Female,Los Angeles,61933.19,5,123.09,47.7,1.8,0.55,707.24,0
CUST-15100,50,Male,New York,228850.31,8,450.0,83.3,6.5,0.0,4281.62,1
CUST-15101,44,Female,New York,101681.12,7,195.8,76.0,1.6,0.28,1616.57,1
CUST-15102,40,Female,Phoenix,66321.02,9,67.78,83.5,4.9,0.69,684.68,1
CUST-15103,38,Female,Houston,42426.69,9,114.47,100.0,6.7,0.7,978.02,1
CUST-15104,42,Male,Chicago,58308.14,8,127.16,79.9,7.4,0.58,1068.32,1
CUST-15105,40,Male,Miami,41913.37,8,87.67,65.8,0.9,0.55,696.86,0
CUST-15106,25,Female,Houston,105722.67,6,136.79,61.1,1.6,0.46,982.97,0
CUST-15107,38,Female,Chicago,25440.13,8,10.0,96.3,6.9,0.84,102.32,1
CUST-15108,25,Female,New York,144790.02,10,179.89,41.5,2.0,0.16,2167.56,1
CUST-15109,38,Male,Miami,33191.05,7,65.09,45.2,0.9,0.63,471.74,0
CUST-15110,32,Male,Houston,49998.39,11,119.21,66.8,2.2,0.64,1239.1,0
CUST-15111,68,Female,New York,63101.28,11,106.27,57.7,8.6,0.45,1189.07,1
CUST-15112,37,Male,Phoenix,37592.63,7,62.2,53.6,1.7,0.7,491.95,0
CUST-15113,21,Female,Chicago,80312.64,12,119.58,56.4,1.0,0.46,1465.02,0
CUST-15114,36,Male,Miami,51334.18,5,137.62,93.7,4.8,0.63,682.7,1
CUST-15115,44,Male,Boston,46558.84,9,62.52,75.4,2.5,0.69,608.87,1
CUST-15116,58,Male,Phoenix,52661.36,10,45.18,75.7,8.5,0.51,551.48,1
CUST-15117,30,Male,San Francisco,53553.1,4,98.81,53.3,4.0,0.6,458.97,0
CUST-15118,19,Male,New York,55894.25,6,93.23,66.8,0.5,0.45,624.18,0
CUST-15119,47,Female,Houston,24344.84,7,57.77,47.5,3.2,0.59,419.03,0
CUST-15120,21,Male,San Francisco,60555.63,4,86.9,78.1,1.0,0.54,490.73,0
CUST-15121,32,Male,Houston,65894.42,9,78.57,73.7,0.9,0.54,808.4,0
CUST-15122,34,Female,Phoenix,49672.26,9,63.9,66.6,5.4,0.57,693.17,1
CUST-15123,37,Male,Boston,161111.73,10,211.5,85.9,7.2,0.24,2436.87,1
CUST-15124,46,Male,New York,250000.0,13,450.0,100.0,10.8,0.03,4800.0,1
CUST-15125,29,Female,New York,57988.23,2,112.22,,2.2,0.74,332.21,0
CUST-15126,34,Female,San Francisco,50001.75,13,60.17,68.3,4.2,0.53,883.78,1
CUST-15127,37,Male,Miami,90546.15,6,169.93,68.0,6.6,0.48,1222.3,1
CUST-15128,39,Male,Seattle,80077.3,6,111.43,68.9,2.3,0.49,802.35,0
CUST-15129,39,Female,Phoenix,86040.78,9,117.71,90.6,0.7,0.36,1166.25,0
CUST-15130,43,Male,Seattle,82665.61,14,211.04,70.6,4.2,0.42,2916.96,1
CUST-15131,48,Female,San Francisco,68823.0,13,112.32,78.1,10.7,0.57,1447.06,1
CUST-15132,42,Female,New York,66553.54,9,98.49,78.3,5.1,0.62,985.88,0
CUST-15133,43,Female,Miami,63901.31,12,72.34,69.4,5.5,0.44,975.23,1
CUST-15134,19,Male,New York,65811.35,4,144.13,72.9,0.5,0.6,675.33,0
CUST-15135,38,Male,Los Angeles,114635.47,11,217.36,78.5,4.8,0.4,2495.08,1
CUST-15136,43,Female,Chicago,29661.99,5,58.52,68.4,1.0,0.76,346.8,0
CUST-15137,46,Male,Los Angeles,114328.8,10,170.18,59.4,6.5,0.24,1919.03,1
CUST-15138,29,Male,Los Angeles,24417.65,4,59.31,74.8,3.0,0.62,284.48,0
CUST-15139,30,Female,New York,78641.57,9,201.39,58.1,3.3,0.31,1898.43,1
CUST-15140,31,Male,Los Angeles,52798.63,3,58.88,59.7,3.9,0.57,277.29,0
CUST-15141,44,Male,New York,34266.61,6,57.83,86.1,5.6,0.8,359.09,0
CUST-15142,50,Female,Chicago,20308.21,7,53.41,100.0,11.6,0.78,374.51,1
CUST-15143,33,Male,Miami,29731.11,5,19.53,78.0,3.1,,139.24,0
CUST-15144,48,Male,Seattle,69285.14,8,143.44,78.2,6.5,0.48,1224.88,1
CUST-15145,39,Male,Miami,38086.48,8,89.51,77.0,6.7,0.63,753.88,1
CUST-15146,36,Female,Chicago,33803.37,6,84.8,84.0,6.1,0.68,436.42,1
CUST-15147,35,Male,San Francisco,149135.83,12,354.44,71.8,4.6,0.27,4364.58,1
CUST-15148,46,Male,Los Angeles,33646.68,7,83.38,44.1,1.9,0.54,632.49,0
CUST-15149,41,Female,New York,102709.85,8,173.16,71.3,3.4,0.37,1560.61,1
CUST-15150,65,Female,San Francisco,48628.92,4,112.41,29.1,0.8,0.33,568.09,0
CUST-15151,27,Male,Phoenix,27812.38,7,61.21,43.5,1.4,0.42,470.94,0
CUST-15152,44,Female,Miami,38054.99,9,68.11,73.4,6.1,0.66,639.99,1
CUST-15153,31,Male,Phoenix,66476.08,8,115.09,85.6,4.3,0.58,1012.64,1
CUST-15154,27,Female,New York,36841.19,7,111.17,75.6,2.3,0.59,803.11,0
CUST-15155,37,Male,Seattle,78187.98,7,201.76,67.7,0.8,0.37,1508.25,0
CUST-15156,39,Male,Phoenix,30159.63,6,40.71,54.3,2.5,0.53,328.96,0
CUST-15157,73,Female,Miami,34833.1,10,56.22,68.3,8.9,0.62,588.55,1
CUST-15158,35,Male,Miami,62882.77,9,161.11,78.1,5.0,0.65,1377.33,0
CUST-15159,24,Male,Los Angeles,184702.81,6,450.0,72.6,2.1,0.01,3241.93,1
CUST-15160,41,Male,New York,46378.72,10,119.52,79.9,8.9,0.64,1177.86,1
CUST-15161,18,Female,New York,104824.72,5,198.52,59.0,0.5,0.33,1198.81,0
CUST-15162,36,Male,New York,62551.68,8,149.58,80.1,3.6,0.4,1319.88,1
CUST-15163,38,Male,Los Angeles,49138.11,7,119.63,82.4,6.1,0.8,822.34,0
CUST-15164,47,Male,Chicago,97195.35,8,189.89,62.4,3.2,0.35,1714.96,0
CUST-15165,49,Male,Boston,42640.52,3,74.65,58.5,1.3,0.47,336.03,0
CUST-15166,31,Male,Seattle,38028.34,7,82.09,86.1,0.8,0.56,588.06,0
CUST-15167,36,Male,San Francisco,95469.31,5,276.42,69.1,2.1,,1507.89,0
CUST-15168,28,Male,New York,162347.84,7,358.43,55.4,0.6,0.14,2890.73,1
CUST-15169,24,Male,Los Angeles,90649.83,3,246.07,84.8,2.1,0.53,955.57,0
CUST-15170,41,Female,San Francisco,37532.54,12,98.56,69.8,4.8,0.61,1160.77,1
CUST-15171,22,Female,New York,53768.23,4,124.28,51.2,1.4,0.51,546.7,0
CUST-15172,33,Female,Miami,83994.44,8,177.05,89.2,5.7,0.34,1497.31,1
CUST-15173,26,Male,Boston,143325.95,7,345.2,72.5,3.2,0.31,2670.4,1
CUST-15174,44,Female,Los Angeles,69850.85,10,180.85,79.5,9.8,0.49,1791.49,1
CUST-15175,59,Male,San Francisco,56776.96,8,100.87,81.2,10.9,0.55,808.37,1
CUST-15176,22,Other,New York,166560.52,7,227.9,,1.0,0.23,2083.35,1
CUST-15177,18,Male,San Francisco,73070.17,5,133.41,60.1,0.5,0.49,819.05,0
CUST-15178,36,Male,New York,54024.9,8,75.79,83.8,6.0,0.55,715.33,1
CUST-15179,38,Male,New York,49644.27,10,96.41,79.4,7.2,0.65,982.92,1
CUST-15180,40,Male,San Francisco,41729.48,14,73.38,81.8,8.4,0.74,953.51,1
CUST-15181,32,Female,San Francisco,250000.0,7,450.0,74.9,4.2,0.0,3917.81,1
CUST-15182,35,Female,Phoenix,99222.33,6,210.75,71.9,3.9,0.49,1439.3,1
CUST-15183,42,Other,Chicago,40971.97,10,56.19,84.0,9.3,0.52,616.17,1
CUST-15184,50,Female,San Francisco,180301.4,10,246.38,97.9,12.3,0.39,2818.75,1
CUST-15185,18,Male,Miami,67195.25,8,152.17,78.1,0.5,0.52,1291.29,0
CUST-15186,33,Male,Austin,75535.97,6,182.35,87.8,4.1,0.48,1136.09,0
CUST-15187,40,Other,Seattle,47296.19,7,64.74,79.5,7.2,0.67,546.14,1
CUST-15188,26,Female,Miami,39800.83,8,67.14,72.4,1.7,,538.42,1
CUST-15189,58,Female,San Francisco,74254.99,8,206.76,76.0,12.5,0.56,1598.81,1
CUST-15190,30,Male,Houston,19262.82,3,30.45,49.5,1.0,0.52,154.45,0
CUST-15191,37,Female,New York,57336.6,7,108.21,66.5,3.9,0.45,837.86,0
CUST-15192,44,Female,New York,73302.46,8,140.28,83.1,5.3,0.52,1200.58,1
CUST-15193,30,Male,Miami,99058.53,5,222.08,68.1,3.4,0.37,1223.3,0
CUST-15194,18,Male,Miami,37813.93,5,92.0,76.9,0.5,0.65,520.93,0
CUST-15195,32,Male,Phoenix,73182.28,8,189.49,49.8,1.0,0.42,1629.07,0
CUST-15196,50,Female,Chicago,20303.39,6,42.52,75.0,11.6,,296.8,1
CUST-15197,33,Male,New York,131087.42,2,233.8,81.0,2.2,0.11,836.2,0
CUST-15198,27,Male,Los Angeles,39719.14,5,106.29,78.7,1.5,0.68,539.62,0
CUST-15199,49,Male,Chicago,60713.82,7,129.28,66.5,9.7,0.48,991.59,1
CUST-15200,34,Female,Houston,63062.29,9,159.65,70.1,2.9,0.48,1466.86,0
CUST-15201,31,Male,Boston,72215.6,6,146.01,63.4,4.4,0.46,1006.6,1
CUST-15202,39,Male,New York,69335.67,11,178.47,71.8,3.7,0.48,1948.26,1
CUST-15203,47,Female,Houston,27665.7,6,59.58,89.9,8.9,0.58,438.06,1
CUST-15204,66,Female,Chicago,36461.77,12,91.36,84.5,8.1,0.63,999.29,1
CUST-15205,47,Male,Austin,98078.76,11,204.16,76.2,10.9,0.38,2211.84,1
CUST-15206,51,Female,Seattle,50234.37,9,60.68,50.4,4.7,0.61,559.72,0
CUST-15207,31,Female,Chicago,54021.77,6,146.13,59.5,2.2,0.5,972.74,1
CUST-15208,25,Male,Austin,28261.82,11,51.07,66.9,2.7,0.68,595.13,1
CUST-15209,38,Male,Houston,79062.45,11,148.49,100.0,6.0,0.54,1690.12,1
CUST-15210,39,Female,New York,37811.29,7,61.26,63.7,6.6,0.62,563.34,1
CUST-15211,25,Male,Houston,81363.99,10,145.0,73.2,1.2,0.55,1516.0,0
CUST-15212,35,Male,Los Angeles,36622.06,7,68.58,81.2,3.9,0.56,563.64,0
CUST-15213,42,Female,Phoenix,80974.82,10,200.4,64.8,3.4,0.44,2027.32,1
CUST-15214,42,Male,Boston,65343.81,7,97.17,60.8,2.9,0.31,840.12,0
CUST-15215,44,Female,Miami,38922.51,5,88.12,86.9,5.8,0.8,543.27,0
CUST-15216,41,Male,Los Angeles,138685.33,9,167.95,78.0,9.1,0.37,1736.76,1
CUST-15217,31,Female,Los Angeles,60194.39,8,83.02,58.6,1.5,0.41,795.0,0
CUST-15218,31,Male,New York,61034.74,6,156.97,59.7,1.6,0.4,1028.79,0
CUST-15219,23,Female,Los Angeles,98156.74,6,239.86,76.3,0.9,0.46,1577.63,1
CUST-15220,59,Female,New York,34887.23,8,46.25,79.1,12.0,0.51,442.01,1
CUST-15221,38,Female,Houston,18000.0,7,30.47,77.9,4.3,0.67,167.9,1
CUST-15222,35,Male,San Francisco,135328.74,10,305.48,65.5,2.9,0.18,3325.31,1
CUST-15223,26,Female,San Francisco,49927.2,11,69.76,85.1,2.8,0.56,773.44,1
CUST-15224,73,Female,New York,112692.24,5,290.02,75.0,4.8,0.31,1665.8,1
CUST-15225,25,Female,Los Angeles,63757.57,8,161.93,70.4,1.4,0.5,1339.37,0
CUST-15226,32,Male,Los Angeles,34813.73,8,89.13,59.3,0.9,0.59,719.84,0
CUST-15227,42,Female,New York,99086.23,7,216.23,48.7,1.6,0.3,1707.69,0
CUST-15228,45,Male,Chicago,46337.42,10,60.08,67.6,1.9,0.52,661.46,1
CUST-15229,49,Female,Los Angeles,36355.17,5,54.95,66.2,4.6,0.52,253.57,1
CUST-15230,59,Female,Phoenix,28824.8,9,30.44,75.5,8.1,0.54,336.16,1
CUST-15231,44,Male,Seattle,28473.36,4,56.58,52.1,0.5,0.51,264.42,0
CUST-15232,25,Male,Chicago,69584.88,6,146.78,57.4,0.9,0.47,985.72,0
CUST-15233,34,Male,San Francisco,47513.63,6,110.32,73.5,1.5,0.59,671.29,0
CUST-15234,41,Female,New York,71879.29,7,73.01,67.0,2.7,0.58,650.31,1
CUST-15235,62,Male,Boston,59365.01,8,144.72,,2.9,0.52,1175.67,1
CUST-15236,21,Male,New York,45675.91,3,73.3,91.9,0.6,0.65,294.91,0
CUST-15237,52,Female,New York,34154.67,9,102.12,96.2,13.4,,861.6,1
CUST-15238,40,Male,New York,250000.0,9,450.0,100.0,5.4,0.0,4770.77,1
CUST-15239,48,Male,Los Angeles,60809.16,6,107.7,86.4,9.3,0.5,702.69,1
CUST-15240,36,Female,Houston,128078.44,7,357.24,89.9,6.0,0.39,2665.45,1
CUST-15241,27,Male,Austin,106700.23,7,229.61,74.7,2.6,0.49,1764.49,0
CUST-15242,47,Male,Miami,43832.2,9,125.63,61.9,8.3,0.44,1192.74,1
CUST-15243,45,Male,Chicago,62272.33,11,86.65,85.3,7.0,0.5,979.03,1
CUST-15244,49,Female,Houston,55529.22,6,79.46,74.5,8.2,0.65,578.65,1
CUST-15245,37,Female,Phoenix,122607.05,9,153.03,71.3,7.1,0.2,1695.15,1
CUST-15246,30,Male,Miami,77934.46,5,221.84,52.0,1.3,0.3,1282.59,0
CUST-15247,19,Male,San Francisco,50657.16,3,82.51,76.6,0.5,0.77,352.14,0
CUST-15248,47,Male,Houston,61360.16,6,95.57,66.3,1.5,0.46,757.78,0
CUST-15249,43,Female,San Francisco,113394.64,10,197.75,78.4,8.5,0.46,2073.75,1
CUST-15250,26,Male,San Francisco,42142.53,5,57.28,78.4,1.7,0.49,321.85,0
CUST-15251,31,Female,New York,93636.85,7,185.78,89.5,4.8,0.51,1465.65,1
CUST-15252,32,Male,Los Angeles,122089.1,9,157.85,78.0,2.6,0.38,1681.4,1
CUST-15253,20,Female,San Francisco,49401.49,4,114.2,81.8,0.6,0.7,568.2,0
CUST-15254,28,Female,Seattle,47263.06,8,98.13,66.3,2.1,0.67,746.45,0
CUST-15255,24,Female,Chicago,101623.13,8,181.84,74.0,1.7,0.47,1535.58,0
CUST-15256,33,Male,Austin,49920.75,3,126.42,87.3,4.7,0.64,471.14,1
CUST-15257,29,Female,Los Angeles,38130.04,8,87.04,70.0,1.9,0.61,668.45,0
CUST-15258,18,Male,Chicago,88426.47,6,133.9,62.4,0.5,0.38,994.6,0
CUST-15259,62,Male,Chicago,75903.44,10,162.59,51.8,3.5,0.35,1664.05,1
CUST-15260,53,Male,Boston,68153.55,7,126.68,64.0,8.0,0.33,955.56,1
CUST-15261,28,Female,Los Angeles,109322.04,4,170.28,70.0,2.4,0.26,942.19,0
CUST-15262,41,Female,Chicago,103425.6,16,188.56,100.0,8.2,0.46,2958.64,1
CUST-15263,43,Female,New York,70171.19,10,133.68,76.2,9.0,0.55,1354.03,1
CUST-15264,52,Female,Houston,138118.86,11,270.67,66.2,6.9,0.34,3131.41,1
CUST-15265,28,Male,Seattle,149468.14,8,323.76,84.1,0.6,0.34,2848.16,0
CUST-15266,51,Female,Los Angeles,23100.57,14,58.28,59.7,11.2,0.43,817.69,1
CUST-15267,31,Female,Miami,30750.08,5,52.07,37.2,0.5,0.46,316.0,0
CUST-15268,21,Female,Boston,21050.42,6,61.98,72.0,0.8,0.66,391.48,0
CUST-15269,46,Male,New York,62177.41,2,168.5,62.2,0.7,0.39,513.85,0
CUST-15270,53,Female,San Francisco,41392.84,6,107.63,78.7,5.3,0.6,663.2,0
CUST-15271,69,Female,Los Angeles,41464.91,12,69.63,87.4,9.7,0.66,818.69,1
CUST-15272,23,Female,New York,126170.4,6,338.61,71.1,1.1,0.34,2244.3,0
CUST-15273,46,Male,Phoenix,20276.64,9,43.21,61.1,10.4,0.64,383.02,1
CUST-15274,33,Female,San Francisco,80930.02,6,126.92,82.4,4.0,0.6,880.3,1
CUST-15275,47,Female,Chicago,60513.9,11,86.3,53.5,7.7,0.35,1050.75,1
CUST-15276,20,Male,New York,70186.41,7,67.06,69.8,0.6,0.49,633.98,0
CUST-15277,22,Male,Boston,69404.77,5,158.25,77.5,0.5,0.54,857.44,0
CUST-15278,28,Male,San Francisco,24843.0,7,61.49,71.5,3.1,0.84,439.73,0
CUST-15279,38,Female,Los Angeles,41563.79,10,84.05,76.2,5.9,0.71,808.47,1
CUST-15280,30,Male,Houston,111324.78,5,318.88,73.4,2.8,0.4,1747.88,1
CUST-15281,45,Male,New York,40201.88,5,19.29,54.4,4.8,0.63,182.54,0
CUST-15282,50,Female,Los Angeles,143353.28,12,331.91,71.3,7.1,0.2,4250.16,1
CUST-15283,45,Female,Houston,25470.99,9,36.54,98.8,8.2,0.83,325.29,1
CUST-15284,57,Male,Houston,23985.06,11,41.13,80.7,10.8,0.7,408.39,1
CUST-15285,42,Male,Los Angeles,38710.75,10,79.61,69.2,6.5,0.75,735.82,1
CUST-15286,23,Female,Miami,90512.95,10,187.1,87.4,1.9,0.64,1853.45,1
CUST-15287,54,Female,Los Angeles,47415.36,8,76.11,96.8,9.0,0.72,640.23,1
CUST-15288,30,Male,Phoenix,57950.41,5,93.8,48.0,0.6,0.4,628.68,0
CUST-15289,48,Female,Los Angeles,64639.46,11,156.45,64.0,7.6,0.54,1623.98,1
CUST-15290,56,Male,Chicago,55357.04,8,140.43,64.9,9.4,0.76,1110.82,1
CUST-15291,43,Female,Los Angeles,117809.12,1,208.83,73.1,1.2,0.41,538.13,0
CUST-15292,20,Male,Phoenix,71710.93,4,122.97,67.8,0.6,0.52,632.08,0
CUST-15293,26,Male,Chicago,32123.35,7,10.96,75.4,2.3,0.66,158.6,0
CUST-15294,53,Male,New York,63724.17,12,142.86,79.6,10.0,0.57,1715.77,1
CUST-15295,35,Male,New York,174874.61,11,364.48,91.6,6.1,0.29,4295.23,1
CUST-15296,38,Female,Chicago,66740.75,8,186.15,69.3,6.8,0.56,1523.42,1
CUST-15297,47,Female,New York,34412.72,11,57.94,51.0,1.8,0.64,652.18,1
CUST-15298,46,Female,Phoenix,23768.59,8,23.0,71.0,7.0,0.66,295.33,1
CUST-15299,41,Male,Chicago,88775.22,7,156.23,67.7,5.7,0.5,1192.63,1
CUST-15300,35,Male,Phoenix,69276.3,5,150.04,65.1,2.4,0.46,833.77,0
CUST-15301,34,Male,Austin,37595.04,5,59.37,56.1,1.6,0.6,428.63,0
CUST-15302,48,Male,Houston,74796.16,8,214.8,94.6,2.8,0.63,1633.78,0
CUST-15303,44,Female,Miami,114508.32,5,216.51,50.2,2.3,0.24,1385.47,0
CUST-15304,34,Male,San Francisco,157220.04,11,358.74,53.5,5.3,0.03,4448.18,1
CUST-15305,50,Female,Boston,144995.88,7,215.96,68.0,2.3,0.34,1828.08,1
CUST-15306,36,Female,Los Angeles,82248.99,6,145.37,61.7,2.3,0.36,1084.61,0
CUST-15307,27,Male,Miami,47092.87,4,105.36,76.6,1.2,0.53,467.46,0
CUST-15308,28,Female,Boston,53161.06,8,94.31,50.5,3.0,0.4,892.64,1
CUST-15309,26,Male,Chicago,56392.8,4,129.16,76.0,0.9,0.6,633.08,0
CUST-15310,34,Male,Los Angeles,40205.15,6,116.14,64.9,0.6,0.6,700.31,0
CUST-15311,52,Female,Austin,49794.55,5,151.28,73.5,5.4,0.5,743.94,1
CUST-15312,28,Male,Phoenix,92244.63,4,203.99,55.4,1.6,0.39,1046.47,0
CUST-15313,40,Male,Chicago,25444.49,12,47.08,61.5,3.8,0.64,526.39,0
CUST-15314,30,Female,Miami,23822.17,5,52.1,89.4,3.7,0.75,291.12,0
CUST-15315,34,Male,Los Angeles,94374.6,7,244.62,61.7,0.6,0.43,1805.79,0
CUST-15316,19,Female,New York,61390.98,6,97.11,62.9,0.5,0.53,704.75,0
CUST-15317,35,Male,Houston,19651.03,6,29.12,78.8,2.1,0.73,224.1,0
CUST-15318,35,Male,Houston,49913.14,7,117.39,62.1,6.1,0.73,822.92,0
CUST-15319,44,Female,Miami,46473.89,4,160.32,63.9,2.2,0.69,686.52,1
CUST-15320,40,Female,Chicago,45855.39,11,74.37,69.0,8.8,0.47,899.83,1
CUST-15321,23,Male,Miami,72515.8,4,172.93,100.0,1.7,0.65,759.5,0
CUST-15322,51,Male,Los Angeles,31989.54,5,88.38,69.4,6.3,0.71,459.91,1
CUST-15323,40,Female,Houston,51802.8,6,85.89,86.5,6.7,0.42,627.19,1
CUST-15324,40,Male,Los Angeles,56065.49,6,78.08,54.5,4.8,0.48,555.8,0
CUST-15325,37,Female,Chicago,57971.27,5,94.89,88.4,4.5,0.56,567.65,0
CUST-15326,31,Female,Seattle,28482.65,5,43.14,62.6,3.2,0.71,243.14,0
CUST-15327,40,Female,Los Angeles,47975.1,8,99.99,69.1,5.9,0.62,854.59,0
CUST-15328,43,Female,Miami,51978.8,4,145.51,100.0,1.1,0.68,650.44,0
CUST-15329,18,Female,Los Angeles,81661.81,9,133.75,74.1,0.5,0.43,1285.03,0
CUST-15330,31,Female,New York,184112.61,8,415.92,86.3,3.9,0.13,3768.21,1
CUST-15331,34,Female,New York,109434.21,4,190.23,42.1,2.3,0.3,1047.25,0
CUST-15332,41,Female,San Francisco,95516.08,13,279.71,69.4,9.0,0.36,3652.96,1
CUST-15333,52,Male,Los Angeles,117653.52,8,288.38,62.9,2.4,0.29,2543.71,1
CUST-15334,28,Male,Phoenix,41886.89,10,62.93,80.8,3.7,0.51,707.47,1
CUST-15335,32,Female,San Francisco,164956.37,6,210.68,,3.9,0.12,1787.87,1
CUST-15336,31,Female,Los Angeles,109032.18,7,290.28,45.7,3.6,0.18,2260.0,1
CUST-15337,28,Male,Chicago,45517.46,11,116.79,70.0,3.6,0.54,1237.1,1
CUST-15338,33,Male,Chicago,148860.92,8,354.33,74.7,5.1,0.2,3181.35,1
CUST-15339,47,Female,Boston,81290.89,9,132.98,57.5,4.3,0.29,1332.84,0
CUST-15340,25,Female,Los Angeles,186511.17,7,250.59,81.2,2.1,0.05,2285.02,0
CUST-15341,43,Male,New York,85109.65,3,152.35,83.8,1.0,0.37,735.58,0
CUST-15342,18,Female,Chicago,42951.43,4,48.04,60.7,0.5,0.56,272.05,0
CUST-15343,31,Other,San Francisco,51673.68,8,62.67,85.7,4.9,0.63,597.45,1
CUST-15344,34,Female,San Francisco,63487.64,9,149.44,67.9,2.1,0.42,1371.57,1
CUST-15345,58,Female,Boston,48858.03,6,125.32,47.6,1.2,0.47,814.32,0
CUST-15346,34,Male,Seattle,127878.75,7,288.57,63.3,3.9,0.17,2294.89,1
CUST-15347,18,Female,Los Angeles,61406.74,9,118.31,62.4,0.5,0.47,1110.71,1
CUST-15348,18,Female,Chicago,25381.58,6,31.99,74.8,0.5,0.61,202.97,0
CUST-15349,38,Female,San Francisco,84370.61,9,155.99,97.5,4.9,0.58,1466.03,1
CUST-15350,45,Male,Boston,69222.28,6,160.38,79.1,6.9,0.56,1021.03,1
CUST-15351,42,Male,Los Angeles,49289.09,6,89.4,75.8,4.5,0.75,520.65,0
CUST-15352,40,Male,Chicago,65028.84,5,84.82,48.2,4.7,0.3,656.28,0
CUST-15353,51,Male,Boston,63593.52,9,67.42,81.7,13.1,0.66,705.25,1
CUST-15354,31,Female,Los Angeles,85531.89,8,214.13,75.4,5.0,0.48,1747.09,1
CUST-15355,48,Female,Houston,68610.18,10,100.43,79.4,8.6,0.61,1081.52,1
CUST-15356,18,Female,Boston,78024.1,8,127.06,77.9,0.5,0.53,1140.25,1
CUST-15357,27,Female,Miami,26883.79,6,26.76,54.6,1.6,0.61,217.6,0
CUST-15358,18,Male,Los Angeles,179740.66,9,375.19,72.0,0.5,0.08,3906.65,0
CUST-15359,34,Female,Los Angeles,28617.37,4,37.01,77.9,3.0,0.61,253.94,1
CUST-15360,37,Female,Los Angeles,58419.64,7,103.37,60.4,7.3,0.65,750.18,0
CUST-15361,39,Female,Boston,37612.99,9,112.34,68.2,4.4,0.59,1015.21,1
CUST-15362,38,Female,Austin,72655.13,8,117.63,65.7,7.0,0.53,982.29,1
CUST-15363,26,Female,Miami,55155.38,8,132.95,79.7,0.6,0.56,1072.21,1
CUST-15364,35,Female,Houston,47302.75,6,79.71,91.5,3.2,,564.14,1
CUST-15365,20,Male,New York,156215.38,7,382.79,60.1,0.7,,3046.93,0
CUST-15366,54,Female,San Francisco,132021.52,8,316.68,100.0,12.5,0.35,2735.86,1
CUST-15367,34,Female,Chicago,48302.21,5,89.87,64.6,4.1,0.59,509.6,0
CUST-15368,32,Male,Phoenix,72890.01,1,99.63,72.6,1.4,0.52,305.2,0
CUST-15369,57,Female,Phoenix,106615.01,14,157.75,79.2,13.3,0.46,2225.72,1
CUST-15370,23,Female,Houston,89266.29,4,262.09,65.8,1.4,0.37,1203.44,0
CUST-15371,24,Female,Boston,60731.16,7,81.05,,0.7,0.36,640.91,0
CUST-15372,24,Female,New York,33022.82,11,78.13,70.5,1.4,0.72,777.69,1
CUST-15373,37,Female,San Francisco,89214.26,9,247.83,70.5,5.5,0.26,2392.29,1
CUST-15374,43,Male,Chicago,79466.86,4,208.36,64.5,4.8,0.42,977.28,0
CUST-15375,46,Male,San Francisco,51619.96,7,74.24,67.6,9.8,0.53,613.47,1
CUST-15376,68,Female,San Francisco,76706.74,10,132.15,74.5,6.6,0.6,1366.16,1
CUST-15377,18,Female,New York,70168.92,7,136.89,52.1,0.5,0.57,978.77,0
CUST-15378,45,Female,Los Angeles,124693.91,9,201.33,64.9,2.7,0.37,2002.07,1
CUST-15379,31,Male,New York,184796.9,6,431.53,63.7,2.9,0.06,3092.31,1
CUST-15380,30,Male,New York,131624.94,9,206.49,60.0,1.5,0.19,2101.44,0
CUST-15381,30,Female,San Francisco,72670.76,8,164.82,67.5,1.5,0.53,1340.99,0
CUST-15382,27,Male,Los Angeles,110593.88,8,258.4,76.0,1.4,0.31,2203.0,0
CUST-15383,58,Female,Chicago,78683.15,4,81.84,52.1,1.1,0.41,522.77,0
CUST-15384,48,Female,Los Angeles,60012.74,6,59.02,50.8,2.4,0.49,502.19,0
CUST-15385,38,Female,Phoenix,138806.29,10,264.31,79.6,3.7,0.29,2875.72,1
CUST-15386,54,Male,San Francisco,52442.0,9,90.43,58.9,2.3,0.49,905.98,0
CUST-15387,19,Female,Los Angeles,84264.54,7,197.29,67.0,0.5,0.48,1432.5,0
CUST-15388,22,Female,Phoenix,74192.61,6,181.04,59.5,1.6,0.5,1203.32,0
CUST-15389,18,Male,Miami,44576.29,6,114.75,71.8,0.5,,735.3,0
CUST-15390,29,Male,New York,96729.5,4,199.59,78.0,2.1,0.57,968.87,0
CUST-15391,39,Male,San Francisco,121688.63,8,275.82,74.9,2.6,0.24,2444.96,1
CUST-15392,39,Male,Los Angeles,70409.2,6,157.37,85.5,4.5,0.51,1047.67,1
CUST-15393,39,Female,New York,92628.52,8,136.51,83.7,5.2,0.54,1191.87,1
CUST-15394,21,Female,Houston,54253.47,1,131.99,58.7,0.8,0.49,230.57,0
CUST-15395,47,Other,Los Angeles,92829.71,9,94.11,64.5,4.9,0.38,1018.09,1
CUST-15396,40,Female,Miami,45899.86,7,124.16,69.9,6.3,0.43,919.14,1
CUST-15397,46,Female,New York,62580.29,10,128.17,73.7,10.7,0.44,1325.88,1
CUST-15398,18,Male,New York,73893.83,5,145.03,78.2,0.5,0.63,862.56,0
CUST-15399,41,Female,Houston,93017.33,5,258.38,59.5,1.5,0.37,1408.22,0
CUST-15400,23,Female,Phoenix,20352.48,6,27.48,57.0,1.5,0.63,175.77,0
CUST-15401,33,Female,San Francisco,48136.09,11,60.51,38.9,0.5,0.57,741.3,0
CUST-15402,44,Female,Los Angeles,194394.91,8,450.0,94.1,6.8,0.21,3965.54,1
CUST-15403,39,Female,Seattle,77709.89,6,178.21,63.9,4.2,0.37,1146.21,1
CUST-15404,27,Female,Austin,48620.09,8,126.2,68.6,2.0,0.56,1043.76,0
CUST-15405,38,Female,Houston,76583.17,8,149.56,66.5,4.9,0.54,1308.13,0
CUST-15406,19,Male,Miami,34758.98,6,62.66,61.2,0.5,0.54,431.4,0
CUST-15407,51,Female,Houston,18000.0,10,60.22,97.1,9.8,0.72,585.84,1
CUST-15408,35,Female,New York,87334.82,5,167.37,58.7,0.8,0.51,1025.01,0
CUST-15409,51,Male,Los Angeles,43233.46,9,61.05,76.7,9.9,0.71,564.68,1
CUST-15410,31,Male,New York,76941.41,4,122.42,87.5,4.4,0.57,775.62,1
CUST-15411,31,Female,Austin,70263.7,7,156.84,63.9,0.8,0.42,1187.34,0
CUST-15412,28,Male,Los Angeles,66891.02,2,138.12,70.1,1.6,0.51,434.67,1
CUST-15413,48,Male,Phoenix,20746.69,10,16.57,53.7,9.6,0.57,229.44,1
CUST-15414,29,Female,Los Angeles,63126.91,10,137.59,58.0,2.4,0.31,1359.27,0
CUST-15415,45,Female,Phoenix,60897.08,10,120.0,56.1,7.7,0.5,1282.44,1
CUST-15416,33,Female,Los Angeles,30937.75,8,49.17,75.2,3.3,0.73,397.14,0
CUST-15417,18,Male,Miami,24079.59,5,51.03,59.6,0.5,0.6,244.07,0
CUST-15418,31,Male,New York,42855.63,5,69.92,57.4,4.9,0.67,409.95,0
CUST-15419,23,Male,Boston,94438.48,8,211.1,59.2,0.9,0.35,1775.43,0
CUST-15420,38,Male,Seattle,24933.95,9,22.45,78.6,3.4,0.73,305.92,1
CUST-15421,23,Male,San Francisco,114847.35,4,246.21,70.8,1.1,0.44,1186.08,0
CUST-15422,49,Female,New York,88976.94,9,192.83,57.7,1.7,0.42,1831.49,0
CUST-15423,36,Female,Los Angeles,54776.19,7,130.65,65.7,3.2,0.43,984.5,0
CUST-15424,35,Male,Seattle,32300.2,12,26.21,72.1,5.4,0.62,342.64,1
CUST-15425,45,Male,New York,49112.6,12,92.12,78.0,9.2,0.56,1089.24,1
CUST-15426,49,Female,New York,108126.45,9,147.42,71.7,11.0,0.53,1466.28,1
CUST-15427,37,Female,Houston,96477.91,6,185.19,41.0,0.6,0.16,1329.91,0
CUST-15428,28,Male,Los Angeles,37200.61,10,63.62,60.2,3.3,0.49,732.03,1
CUST-15429,18,Female,Los Angeles,110270.72,6,158.91,48.3,0.5,0.13,1223.89,0
CUST-15430,29,Male,Houston,72521.93,6,95.6,68.6,1.3,0.46,760.76,0
CUST-15431,30,Male,Chicago,56691.05,7,69.95,71.7,2.6,0.61,545.87,0
CUST-15432,39,Male,New York,50573.2,12,90.1,83.2,7.2,0.71,1067.63,1
CUST-15433,33,Female,Houston,38484.53,11,113.76,79.3,2.9,0.56,1223.01,1
CUST-15434,46,Male,Chicago,141527.8,7,309.16,92.1,11.1,0.36,2372.12,1
CUST-15435,30,Male,San Francisco,82925.11,9,198.83,58.3,3.2,0.22,1964.37,0
CUST-15436,37,Male,New York,142206.96,8,410.32,67.6,4.0,0.27,3482.51,1
CUST-15437,52,Female,Phoenix,55018.15,11,106.25,63.5,4.4,0.52,1125.36,1
CUST-15438,42,Male,Chicago,45362.51,7,85.37,52.4,0.6,0.47,616.88,0
CUST-15439,37,Male,Chicago,76178.55,10,106.53,63.9,4.8,0.48,1193.46,1
CUST-15440,30,Male,Los Angeles,183263.35,10,450.0,62.8,3.0,0.17,4800.0,1
CUST-15441,30,Male,New York,52999.95,6,59.33,67.6,2.7,0.65,460.05,0
CUST-15442,27,Female,Seattle,106945.86,5,239.21,85.6,2.2,0.35,1417.58,1
CUST-15443,31,Male,Los Angeles,68529.28,9,184.46,78.4,4.5,0.49,1672.72,1
CUST-15444,47,Male,San Francisco,36743.38,5,82.1,73.6,4.0,0.68,452.75,1
CUST-15445,35,Female,Boston,31144.24,9,80.6,76.8,4.0,0.62,716.95,0
CUST-15446,21,Male,Houston,41056.93,13,99.32,69.8,1.0,0.66,1251.55,0
CUST-15447,59,Male,Chicago,67679.22,7,151.76,28.7,3.5,0.38,1218.17,0
CUST-15448,41,Male,Los Angeles,96659.37,7,138.64,100.0,8.5,0.45,1119.97,1
CUST-15449,21,Female,Boston,29639.55,7,49.49,68.8,1.0,0.62,350.66,0
CUST-15450,32,Female,San Francisco,105116.13,9,285.45,73.7,0.8,0.47,2579.91,1
CUST-15451,39,Female,San Francisco,71487.8,10,163.51,68.8,7.3,0.48,1619.86,1
CUST-15452,58,Female,Chicago,56979.51,14,145.44,91.2,14.0,,1948.08,1
CUST-15453,24,Female,Seattle,90894.02,11,153.5,63.6,2.0,0.35,1780.31,0
CUST-15454,49,Female,San Francisco,181593.31,12,345.62,89.2,5.6,0.23,4503.46,1
CUST-15455,54,Female,Los Angeles,72517.47,13,222.5,73.9,14.3,0.51,2736.93,1
CUST-15456,30,Male,Phoenix,24742.33,9,77.65,56.7,1.0,0.69,681.98,0
CUST-15457,34,Male,Chicago,51805.1,7,39.82,66.4,3.7,0.74,410.01,0
CUST-15458,25,Female,New York,111990.76,5,152.84,67.5,0.9,0.15,1045.48,0
CUST-15459,35,Other,Miami,80115.8,7,108.9,78.0,3.3,,890.09,1
CUST-15460,37,Male,New York,102029.45,9,243.03,89.0,7.1,0.5,2235.55,1
CUST-15461,45,Female,Houston,39882.43,8,111.26,61.1,8.7,0.56,943.64,1
CUST-15462,51,Female,Los Angeles,31440.41,14,66.92,72.5,10.4,0.62,915.27,1
CUST-15463,29,Male,Los Angeles,83659.96,9,77.02,74.1,1.9,0.32,858.53,0
CUST-15464,18,Male,Chicago,30997.81,3,70.32,66.8,0.5,0.61,293.21,0
CUST-15465,37,Female,Austin,84272.91,12,131.41,65.7,3.1,0.35,1694.87,1
CUST-15466,41,Male,Chicago,80453.52,8,171.84,41.7,0.8,0.33,1528.42,0
CUST-15467,40,Female,New York,57887.58,9,126.66,41.8,5.8,0.26,1230.06,1
CUST-15468,34,Female,Phoenix,46092.61,9,119.13,50.5,2.6,0.57,1096.4,0
CUST-15469,39,Female,Los Angeles,68809.76,8,150.05,68.6,1.7,0.48,1229.87,1
CUST-15470,56,Male,New York,53782.17,11,81.78,92.6,14.1,0.52,968.01,1
CUST-15471,42,Female,New York,36653.51,7,69.18,67.1,6.3,,528.04,0
CUST-15472,33,Male,New York,71717.85,11,111.76,75.9,5.7,0.47,1301.15,1
CUST-15473,31,Male,Chicago,58765.28,11,142.62,58.8,3.2,0.48,1578.5,0
CUST-15474,35,Female,Chicago,112343.21,4,181.01,74.5,0.9,0.41,1005.11,0
CUST-15475,57,Male,New York,49469.35,9,111.18,38.7,0.9,0.42,1026.43,0
CUST-15476,35,Male,Miami,87812.12,12,224.53,79.8,6.2,0.51,2597.41,1
CUST-15477,37,Male,New York,41215.51,9,70.3,49.1,0.8,0.5,624.86,0
CUST-15478,32,Female,Boston,33190.55,7,65.18,48.2,3.6,0.52,500.44,0
CUST-15479,51,Male,Phoenix,41948.93,7,77.82,82.3,4.3,0.62,522.59,1
CUST-15480,61,Female,New York,45690.7,9,96.61,62.7,10.5,0.55,924.75,1
CUST-15481,43,Female,Austin,30212.24,10,46.06,65.1,3.2,0.69,476.84,0
CUST-15482,38,Female,Los Angeles,164707.61,8,293.67,66.8,0.8,0.13,2746.62,1
CUST-15483,38,Female,Chicago,45386.33,9,115.23,89.6,6.0,0.72,1036.36,1
CUST-15484,18,Male,Los Angeles,197879.54,6,297.45,55.6,0.5,0.07,2364.43,0
CUST-15485,46,Male,San Francisco,46124.77,7,113.13,77.6,6.4,0.5,820.48,1
CUST-15486,39,Male,Houston,21904.19,7,37.94,67.8,6.6,0.51,320.16,1
CUST-15487,43,Male,New York,139490.18,5,341.9,68.3,7.2,0.27,2032.84,1
CUST-15488,29,Female,New York,50857.16,10,68.81,59.9,1.9,0.51,803.79,0
CUST-15489,33,Male,San Francisco,81300.31,2,182.57,65.5,4.6,0.44,554.17,0
CUST-15490,33,Male,Los Angeles,31632.65,11,102.7,82.5,5.6,0.65,1065.83,1
CUST-15491,50,Female,New York,71757.53,11,161.73,93.1,8.0,0.52,1803.73,1
CUST-15492,33,Female,Houston,25923.2,10,47.85,93.8,4.4,0.78,535.27,0
CUST-15493,62,Female,Miami,49600.34,8,120.01,100.0,13.1,0.73,963.55,1
CUST-15494,43,Female,Los Angeles,49158.04,11,122.6,70.0,8.5,0.65,1276.54,1
CUST-15495,22,Female,Los Angeles,69905.23,5,123.67,100.0,0.9,0.6,704.8,0
CUST-15496,36,Female,Seattle,92594.89,9,232.87,80.1,7.1,0.52,2075.98,1
CUST-15497,30,Male,New York,82507.51,8,196.66,71.0,0.6,0.47,1605.12,0
CUST-15498,18,Other,Phoenix,61093.62,3,154.77,82.6,0.5,0.5,599.96,0
CUST-15499,57,Female,Austin,56432.12,19,117.97,60.9,4.1,0.61,2041.57,1
CUST-15500,46,Male,Seattle,54474.29,10,77.98,72.6,5.2,0.65,824.92,0
CUST-15501,44,Male,New York,92518.5,11,266.04,84.7,9.2,0.56,2815.07,1
CUST-15502,39,Female,Los Angeles,58926.02,6,137.19,58.9,2.4,0.55,908.72,0
CUST-15503,21,Female,New York,70505.76,4,122.23,69.4,0.7,0.51,646.4,0
CUST-15504,32,Male,Boston,79315.91,11,181.9,62.3,3.8,0.42,2058.21,1
CUST-15505,48,Male,Austin,35550.25,9,82.99,76.3,8.6,0.66,721.38,1
CUST-15506,25,Female,Los Angeles,127333.83,7,224.85,83.9,0.5,0.34,1805.11,1
CUST-15507,18,Female,San Francisco,66956.2,11,147.26,86.1,0.5,0.45,1646.73,0
CUST-15508,35,Male,Seattle,72058.56,9,124.78,45.8,3.6,0.48,1185.53,1
CUST-15509,36,Male,Los Angeles,60931.3,7,140.79,70.7,2.3,0.59,1032.63,1
CUST-15510,39,Female,New York,101364.29,10,277.8,72.7,4.8,0.29,2846.24,1
CUST-15511,46,Male,New York,86655.47,4,123.62,,2.2,0.39,734.83,0
CUST-15512,45,Female,Chicago,55482.79,8,120.35,58.8,3.8,0.47,1032.67,1
CUST-15513,41,Male,Boston,134147.96,8,358.74,71.8,6.7,0.37,3014.4,1
CUST-15514,52,Male,Boston,18000.0,6,55.59,90.6,11.9,0.74,325.12,1
CUST-15515,19,Male,New York,136140.37,3,246.54,61.6,0.5,0.25,1042.17,0
CUST-15516,44,Male,Los Angeles,98702.9,7,237.62,67.6,1.2,0.35,1884.88,0
CUST-15517,45,Male,Chicago,22717.3,10,82.22,84.0,7.5,0.72,769.66,1
CUST-15518,23,Male,Miami,81907.7,5,123.16,73.4,1.8,0.47,856.9,0
CUST-15519,19,Female,Phoenix,82774.32,9,96.0,67.0,0.5,0.48,1052.37,0
CUST-15520,29,Male,Houston,68158.32,11,137.95,68.2,2.4,0.42,1609.72,1
CUST-15521,30,Female,Phoenix,22361.49,6,56.59,75.4,4.8,0.55,322.9,1
CUST-15522,47,Male,New York,102891.57,14,224.66,90.3,7.6,0.46,3110.92,1
CUST-15523,30,Female,Chicago,94125.91,12,260.07,72.4,4.0,0.44,3091.33,1
CUST-15524,27,Male,Austin,44766.12,10,108.29,72.4,2.5,0.59,1091.65,0
CUST-15525,30,Male,New York,91187.36,10,157.51,59.0,1.4,0.31,1746.93,1
CUST-15526,51,Female,Houston,43135.55,7,72.6,52.5,4.1,0.38,591.7,0
CUST-15527,38,Female,Los Angeles,96998.47,11,221.7,66.2,5.5,0.42,2500.47,1
CUST-15528,35,Female,Houston,44000.37,4,103.47,86.7,3.4,0.84,472.13,0
CUST-15529,36,Female,Houston,38509.03,11,64.65,70.3,3.2,,697.26,0
CUST-15530,53,Female,Houston,50466.17,5,50.38,48.6,0.8,0.52,412.36,0
CUST-15531,29,Male,Seattle,34624.52,7,92.29,79.3,3.9,0.61,694.86,0
CUST-15532,53,Female,Chicago,53077.01,9,111.53,69.2,12.4,0.69,957.45,1
CUST-15533,40,Female,Houston,61682.35,7,140.77,54.1,4.3,,1037.16,1
CUST-15534,36,Other,New York,112993.35,8,154.66,73.4,5.2,0.47,1398.94,1
CUST-15535,68,Female,Miami,58289.96,11,145.79,71.3,3.1,0.71,1433.75,1
CUST-15536,25,Male,Los Angeles,30438.43,4,33.25,83.6,1.7,0.64,247.83,0
CUST-15537,33,Male,Miami,101198.81,4,209.54,63.2,2.9,0.45,1160.29,0
CUST-15538,23,Female,Los Angeles,127751.37,8,315.47,65.7,1.5,0.21,2803.78,1
CUST-15539,49,Female,New York,77372.62,8,156.59,79.2,6.1,0.56,1299.04,0
CUST-15540,58,Female,New York,50218.25,6,125.32,71.3,7.7,0.48,789.5,1
CUST-15541,58,Female,Austin,45683.9,7,47.51,67.8,4.8,0.68,377.81,1
CUST-15542,52,Male,Los Angeles,56274.72,4,82.54,54.9,1.1,0.48,505.25,0
CUST-15543,35,Male,New York,84072.84,6,198.34,70.0,6.3,0.38,1290.41,1
CUST-15544,33,Male,New York,62809.52,6,78.91,78.7,0.6,0.52,622.34,0
CUST-15545,18,Female,Los Angeles,40561.24,3,45.45,71.1,0.5,0.62,236.73,0
CUST-15546,62,Female,New York,121979.65,9,312.45,56.7,7.0,0.18,3070.81,1
CUST-15547,43,Male,Houston,58533.21,7,134.55,74.2,3.5,0.54,1018.16,1
CUST-15548,32,Female,Los Angeles,36811.88,6,90.91,59.9,3.3,0.57,578.89,0
CUST-15549,53,Male,Houston,59537.52,7,150.73,68.5,6.7,0.6,1039.77,1
CUST-15550,26,Male,New York,79303.7,5,173.87,78.0,1.2,0.69,1010.22,1
CUST-15551,42,Female,Chicago,39726.1,2,68.3,52.0,1.3,0.45,278.89,0
CUST-15552,35,Male,Phoenix,88624.57,5,208.72,56.0,1.4,0.42,1187.14,0
CUST-15553,45,Female,New York,78241.01,9,195.08,94.7,5.5,0.56,1738.38,1
CUST-15554,37,Female,Chicago,51045.84,8,86.14,71.3,6.5,0.62,746.56,1
CUST-15555,20,Female,Los Angeles,59755.77,7,68.47,58.6,0.5,0.52,642.95,0
CUST-15556,38,Male,Los Angeles,77786.28,12,206.51,83.1,5.6,0.7,2347.73,1
CUST-15557,50,Male,Phoenix,47030.32,9,118.85,77.4,10.2,0.59,1037.52,1
CUST-15558,37,Female,Phoenix,46834.14,8,109.3,96.0,2.5,0.8,751.46,1
CUST-15559,47,Female,Phoenix,83085.21,9,96.67,69.9,7.9,0.56,990.9,1
CUST-15560,25,Female,New York,35986.62,2,102.03,69.3,2.1,0.53,294.23,0
CUST-15561,37,Male,Los Angeles,33322.41,7,50.65,82.2,5.5,0.72,452.97,1
CUST-15562,30,Male,Los Angeles,91880.46,3,144.85,63.7,4.3,0.27,699.63,0
CUST-15563,46,Female,Houston,172237.84,8,230.97,70.7,4.8,0.17,2256.23,1
CUST-15564,38,Female,Chicago,88171.4,10,157.07,68.4,2.3,0.46,1700.72,1
CUST-15565,46,Male,Los Angeles,158239.71,7,376.63,59.8,6.3,0.11,3018.19,0
CUST-15566,51,Male,Miami,41420.07,6,69.2,54.9,1.3,0.47,490.85,0
CUST-15567,46,Female,New York,53186.72,7,61.31,62.5,4.1,0.53,547.15,0
CUST-15568,41,Male,Austin,74875.11,7,147.57,76.0,8.2,0.43,1156.03,1
CUST-15569,26,Male,New York,117821.86,4,311.34,64.3,1.9,0.37,1541.92,0
CUST-15570,37,Male,Miami,26713.68,10,58.84,62.6,3.6,0.5,597.13,1
CUST-15571,31,Male,Chicago,51132.78,8,118.02,85.5,1.7,0.63,964.31,0
CUST-15572,33,Female,Seattle,66811.8,11,163.12,80.6,1.9,,1703.39,1
CUST-15573,33,Male,New York,52086.94,1,61.27,75.0,1.8,0.6,176.5,0
CUST-15574,26,Male,Chicago,42945.16,11,71.61,79.9,2.7,0.69,761.3,1
CUST-15575,18,Male,Los Angeles,94968.13,8,186.69,65.3,0.5,0.4,1587.2,0
CUST-15576,29,Male,Austin,75369.08,5,206.3,66.9,2.6,0.54,1098.08,0
CUST-15577,40,Female,Austin,88834.99,10,272.01,74.7,1.2,0.52,2637.68,1
CUST-15578,21,Male,New York,86555.57,8,208.37,63.0,1.0,0.41,1688.93,0
CUST-15579,38,Female,Phoenix,31508.45,8,58.37,89.6,7.1,0.7,467.42,1
CUST-15580,60,Male,Houston,63592.97,11,180.28,94.2,14.0,0.59,1887.77,1
CUST-15581,50,Male,New York,45435.91,5,91.16,54.2,8.2,0.47,554.63,1
CUST-15582,57,Male,New York,62581.68,14,102.82,71.2,7.8,0.53,1473.19,1
CUST-15583,42,Male,Austin,35496.37,10,93.88,46.4,6.1,0.51,971.21,1
CUST-15584,52,Female,Chicago,41912.79,14,120.87,51.6,0.7,0.61,1522.44,1
CUST-15585,29,Male,New York,76522.8,8,170.98,54.0,3.1,0.44,1481.74,1
CUST-15586,30,Female,Los Angeles,49563.83,10,113.94,55.7,3.6,0.48,1133.17,0
CUST-15587,18,Male,Los Angeles,40061.89,4,51.13,84.2,0.5,0.82,356.14,0
CUST-15588,52,Male,Houston,90908.2,10,152.1,62.2,7.9,0.33,1638.72,1
CUST-15589,56,Male,Los Angeles,58686.56,13,72.47,64.7,10.7,0.48,1082.07,1
CUST-15590,31,Female,Chicago,43687.89,8,74.96,60.8,3.5,0.7,606.42,1
CUST-15591,34,Male,New York,42570.0,5,130.09,58.6,1.2,0.55,731.8,0
CUST-15592,28,Male,Los Angeles,24434.82,7,75.33,81.4,3.6,0.63,503.0,1
CUST-15593,42,Male,New York,65452.57,7,145.51,56.4,6.2,0.41,1129.16,1
CUST-15594,51,Male,Seattle,33997.23,8,81.78,87.9,9.7,0.64,650.64,1
CUST-15595,18,Female,New York,104414.39,5,129.55,48.1,0.5,0.27,956.1,0
CUST-15596,42,Female,San Francisco,76973.6,15,99.62,76.7,8.9,0.48,1505.76,1
CUST-15597,34,Female,Los Angeles,135800.52,4,343.82,68.4,3.5,0.29,1613.67,1
CUST-15598,39,Female,Chicago,63597.36,6,174.1,75.1,5.9,0.63,1034.37,0
CUST-15599,43,Female,Los Angeles,43322.74,9,78.25,67.3,9.5,0.42,789.26,1
CUST-15600,35,Male,San Francisco,29627.8,14,44.24,75.5,6.3,0.74,621.69,1
CUST-15601,36,Female,Seattle,101358.14,7,213.62,52.7,4.8,0.36,1732.04,1
CUST-15602,35,Male,Los Angeles,32542.03,8,61.58,64.1,1.5,0.59,551.43,0
CUST-15603,49,Male,Los Angeles,50801.93,6,102.7,100.0,11.8,0.62,633.75,1
CUST-15604,43,Female,San Francisco,175170.73,10,249.32,76.9,9.8,0.25,2883.96,1
CUST-15605,40,Female,New York,99269.76,3,221.62,55.6,1.4,0.4,882.66,0
CUST-15606,22,Female,Phoenix,59253.03,3,134.07,70.3,1.0,0.57,518.57,0
CUST-15607,33,Female,New York,117273.7,2,227.16,62.4,3.5,0.28,783.29,0
CUST-15608,48,Male,Phoenix,76738.93,3,179.75,74.8,1.6,0.4,819.31,1
CUST-15609,38,Male,Houston,113457.08,5,297.45,46.1,1.9,0.17,1761.69,0
CUST-15610,45,Male,New York,54123.02,7,154.35,86.5,6.0,0.5,1088.53,1
CUST-15611,59,Female,Phoenix,40388.38,11,75.02,71.2,14.5,0.62,813.26,1
CUST-15612,50,Female,Chicago,35867.89,4,98.05,53.5,0.8,0.48,430.24,0
CUST-15613,39,Male,Los Angeles,61292.52,9,108.65,67.4,7.7,0.59,1075.87,1
CUST-15614,31,Male,Los Angeles,58316.8,9,95.61,66.6,4.7,0.4,963.71,1
CUST-15615,18,Male,Houston,21401.81,8,38.72,69.0,0.5,0.69,331.59,0
CUST-15616,35,Female,New York,52741.31,12,124.22,82.1,2.9,0.65,1469.1,1
CUST-15617,34,Female,Austin,122377.82,5,135.18,90.8,3.4,0.39,991.81,1
CUST-15618,42,Male,San Francisco,85697.29,5,109.61,74.1,4.2,0.62,694.04,0
CUST-15619,36,Female,New York,104590.07,12,208.63,73.3,6.8,0.36,2620.62,1
CUST-15620,34,Female,Miami,48457.11,6,128.9,72.9,3.6,,826.25,0
CUST-15621,18,Male,Los Angeles,24251.05,11,55.49,81.9,0.5,0.62,585.19,0
CUST-15622,26,Female,Phoenix,45721.39,6,124.46,81.4,1.2,0.54,765.43,0
CUST-15623,43,Male,Los Angeles,104884.0,10,143.39,77.5,4.9,0.41,1663.94,1
CUST-15624,58,Male,San Francisco,41924.7,8,48.24,89.2,14.3,0.54,439.69,1
CUST-15625,36,Male,San Francisco,110193.34,5,181.41,48.6,4.3,0.3,1156.67,0
CUST-15626,41,Female,Houston,21977.86,4,39.7,89.8,6.6,0.67,194.62,1
CUST-15627,49,Female,Los Angeles,62934.99,8,157.99,61.5,1.6,0.58,1269.68,0
CUST-15628,28,Male,Los Angeles,81799.07,2,108.94,43.8,3.6,0.34,423.11,0
CUST-15629,42,Female,Chicago,48665.9,7,87.96,60.1,5.4,0.52,652.09,1
CUST-15630,29,Male,New York,250000.0,8,450.0,83.6,4.1,0.0,4411.37,1
CUST-15631,48,Female,Los Angeles,48686.97,8,116.11,66.0,5.6,0.49,949.94,0
CUST-15632,39,Female,San Francisco,56798.44,10,92.67,71.4,5.9,0.5,944.6,1
CUST-15633,41,Male,Seattle,75010.96,5,175.16,83.7,4.6,0.45,960.17,1
CUST-15634,28,Male,Los Angeles,42713.72,7,87.47,50.9,1.0,0.39,688.72,0
CUST-15635,46,Female,Los Angeles,30305.76,5,46.26,60.9,3.4,0.51,247.23,0
CUST-15636,63,Male,Seattle,39116.85,6,40.03,28.0,1.5,0.3,309.84,0
CUST-15637,25,Female,Boston,94969.87,6,231.48,69.3,1.5,0.31,1554.89,0
CUST-15638,33,Female,Chicago,48840.75,9,106.8,56.6,4.1,0.53,1051.91,0
CUST-15639,40,Female,New York,171290.3,7,450.0,60.5,2.5,0.11,3561.65,1
CUST-15640,47,Male,San Francisco,60830.96,9,100.4,57.5,5.9,0.36,1066.76,1
CUST-15641,31,Male,Miami,73420.75,9,100.61,93.6,2.7,0.68,965.58,1
CUST-15642,18,Male,New York,94421.64,3,197.47,67.2,0.5,0.35,750.98,0
CUST-15643,54,Female,Phoenix,38815.08,7,44.54,71.5,3.1,0.59,458.32,0
CUST-15644,47,Male,Phoenix,31421.1,7,69.88,77.5,6.4,0.76,477.64,0
CUST-15645,18,Male,Chicago,23930.0,9,44.47,85.2,0.5,0.67,363.53,0
CUST-15646,30,Female,San Francisco,100010.72,6,171.29,63.4,1.7,0.28,1211.76,0
CUST-15647,56,Female,Chicago,103561.41,8,200.3,68.4,9.0,0.2,1824.15,1
CUST-15648,55,Male,San Francisco,34252.23,9,79.09,64.6,2.6,0.56,719.75,0
CUST-15649,49,Other,Houston,42765.38,14,99.58,85.7,11.2,0.62,1295.21,1
CUST-15650,35,Female,Los Angeles,44636.3,10,61.56,73.6,6.4,0.68,656.03,0
CUST-15651,38,Male,Phoenix,64236.32,6,174.91,,5.5,0.63,1024.55,1
CUST-15652,36,Male,San Francisco,64353.45,4,181.87,65.1,2.5,0.6,825.94,0
CUST-15653,51,Female,Austin,115473.98,10,154.75,74.6,8.5,0.41,1680.83,1
CUST-15654,27,Female,Chicago,46938.5,10,103.81,82.5,2.4,0.54,1066.06,1
CUST-15655,28,Male,New York,39415.44,10,67.7,71.2,1.9,0.6,676.42,0
CUST-15656,50,Male,Austin,47141.43,5,65.08,52.5,4.0,0.37,458.94,0
CUST-15657,37,Male,Phoenix,40754.93,5,123.56,70.9,1.7,0.62,675.23,0
CUST-15658,54,Female,Boston,84573.1,4,222.4,43.4,3.5,0.42,1103.73,0
CUST-15659,29,Male,New York,60678.52,8,133.12,69.6,3.0,0.63,1092.67,0
CUST-15660,37,Male,Los Angeles,77637.84,8,109.6,96.8,6.8,0.63,922.75,1
CUST-15661,26,Female,New York,49259.74,10,72.87,87.2,1.5,0.6,781.87,1
CUST-15662,38,Female,Seattle,58442.88,6,143.94,50.9,1.4,0.48,925.81,0
CUST-15663,20,Female,Seattle,45735.33,7,85.68,62.9,0.5,0.6,655.28,0
CUST-15664,32,Male,Houston,33704.48,3,100.09,56.9,2.6,0.71,343.39,0
CUST-15665,20,Male,New York,138347.15,6,246.06,81.3,0.6,0.2,1788.42,1
CUST-15666,46,Male,New York,51151.13,7,69.21,64.6,4.0,0.44,621.6,1
CUST-15667,46,Female,Phoenix,40979.9,5,90.27,72.6,3.1,0.5,552.82,0
CUST-15668,18,Female,Houston,86769.37,1,215.29,69.3,0.5,0.28,452.63,0
CUST-15669,54,Male,San Francisco,110356.68,5,196.92,74.2,9.4,0.37,1243.73,1
CUST-15670,67,Male,Los Angeles,141543.95,15,214.92,56.0,13.7,0.15,3539.93,1
CUST-15671,38,Female,Chicago,72416.62,7,120.5,76.0,5.7,0.55,931.04,1
CUST-15672,30,Female,New York,54171.21,12,92.34,70.6,1.2,0.56,1081.65,1
CUST-15673,71,Male,Phoenix,136381.56,12,381.43,65.5,11.4,0.19,4800.0,1
CUST-15674,22,Female,Chicago,76102.05,4,122.91,66.4,0.7,0.29,746.88,0
CUST-15675,38,Female,Boston,60172.69,8,179.37,70.9,4.7,0.49,1484.23,1
CUST-15676,40,Female,Phoenix,50180.02,8,88.13,60.7,1.1,0.53,751.42,0
CUST-15677,54,Female,Chicago,62219.95,3,127.64,,1.2,0.54,479.79,0
CUST-15678,42,Female,Los Angeles,55345.8,11,54.04,60.6,4.7,0.55,673.63,1
CUST-15679,32,Female,Boston,32675.92,12,68.35,55.6,1.0,0.61,780.61,0
CUST-15680,26,Female,New York,164961.12,7,363.17,72.6,1.3,0.29,2884.99,0
CUST-15681,33,Male,Los Angeles,61626.36,9,190.44,61.3,2.4,0.5,1674.44,1
CUST-15682,25,Male,Boston,71258.53,8,113.71,73.9,2.3,0.4,1003.44,1
CUST-15683,38,Female,Phoenix,137821.07,12,195.4,63.2,3.0,0.28,2643.91,1
CUST-15684,31,Female,Houston,36572.95,3,79.8,52.1,2.8,0.61,342.18,0
CUST-15685,20,Female,Los Angeles,86465.83,7,77.88,70.7,0.7,0.43,755.83,0
CUST-15686,53,Male,Seattle,45569.51,5,66.95,70.2,3.3,0.55,415.62,0
CUST-15687,32,Female,Los Angeles,73150.37,4,177.38,83.5,4.6,0.53,855.4,0
CUST-15688,22,Male,Los Angeles,68907.12,5,147.52,64.8,1.4,0.48,896.65,0
CUST-15689,35,Female,New York,108597.66,4,136.43,80.4,6.7,0.48,762.86,1
CUST-15690,38,Male,New York,133811.71,9,224.38,62.5,3.8,0.24,2260.75,1
CUST-15691,18,Male,Austin,44602.7,7,111.85,86.5,0.5,0.77,717.51,0
CUST-15692,41,Male,Phoenix,99010.08,6,228.26,72.7,6.6,0.5,1481.7,1
CUST-15693,25,Female,Phoenix,102578.12,5,244.35,48.7,0.6,0.45,1384.98,0
CUST-15694,58,Male,Austin,52591.9,4,110.1,63.2,1.1,0.59,606.78,0
CUST-15695,44,Male,Los Angeles,62098.1,7,128.7,62.2,3.8,0.36,964.58,0
CUST-15696,33,Male,New York,57121.14,7,75.76,96.1,4.5,0.63,621.5,1
CUST-15697,29,Male,Phoenix,41853.01,5,126.3,67.8,1.0,0.64,659.8,0
CUST-15698,36,Female,Houston,28196.94,6,79.64,69.5,4.8,0.68,488.95,0
CUST-15699,45,Male,Chicago,83914.86,7,82.23,58.4,3.3,0.41,766.52,0
CUST-15700,37,Male,New York,26237.83,3,86.27,59.3,5.1,0.54,298.99,0
CUST-15701,35,Female,Chicago,40144.58,7,75.13,81.0,3.4,0.73,630.16,1
CUST-15702,38,Female,Los Angeles,60881.27,4,195.01,43.5,1.4,0.36,861.7,0
CUST-15703,30,Female,Los Angeles,119331.5,10,265.16,,1.6,0.45,2663.92,0
CUST-15704,33,Female,Los Angeles,47436.14,8,113.94,56.3,1.7,0.44,937.43,0
CUST-15705,18,Female,Los Angeles,77163.96,10,130.27,60.5,0.5,0.48,1398.53,0
CUST-15706,49,Male,Los Angeles,59830.44,3,153.49,79.7,6.1,0.55,634.68,0
CUST-15707,41,Other,Los Angeles,99939.61,8,218.0,70.7,8.8,0.33,1936.77,1
CUST-15708,28,Female,Austin,71905.14,5,116.82,67.6,2.8,0.52,728.16,1
CUST-15709,60,Female,Boston,98462.03,10,164.38,89.9,12.6,0.44,1746.46,1
CUST-15710,39,Female,Houston,39080.9,11,101.21,95.3,8.3,0.65,1065.01,1
CUST-15711,25,Female,Austin,35893.01,5,104.86,62.9,1.7,0.6,518.23,0
CUST-15712,48,Male,Austin,71601.72,8,134.54,61.8,3.2,0.37,1151.84,1
CUST-15713,42,Male,Los Angeles,48820.13,7,68.32,69.3,8.9,0.41,594.31,1
CUST-15714,42,Female,Chicago,57754.24,13,135.26,60.2,6.9,0.6,1641.84,1
CUST-15715,32,Female,Austin,69838.98,11,58.58,75.7,5.4,0.49,753.97,1
CUST-15716,43,Male,Phoenix,90725.46,7,238.37,84.1,6.7,0.46,1821.56,1
CUST-15717,34,Female,Los Angeles,92322.88,10,129.54,65.7,5.1,0.35,1534.18,1
CUST-15718,44,Female,San Francisco,53958.33,8,74.58,96.0,9.3,0.61,671.11,1
CUST-15719,18,Male,Los Angeles,35145.46,3,74.23,63.2,0.5,0.61,266.2,0
CUST-15720,32,Female,Los Angeles,146305.55,11,152.84,62.3,3.4,,2085.0,1
CUST-15721,58,Female,Los Angeles,28238.23,10,52.84,86.4,7.3,0.71,511.96,1
CUST-15722,28,Male,Los Angeles,49687.59,8,96.98,76.8,3.4,0.62,848.62,1
CUST-15723,30,Female,New York,100984.97,14,231.66,85.5,3.8,0.49,3151.29,1
CUST-15724,32,Male,Seattle,153664.08,9,394.0,81.1,2.4,0.25,3831.06,1
CUST-15725,23,Male,Los Angeles,56666.09,5,119.99,80.5,1.2,0.58,665.45,0
CUST-15726,18,Male,New York,74144.86,3,104.73,68.3,0.5,0.48,493.44,0
CUST-15727,35,Female,New York,47220.85,6,92.84,78.9,0.7,0.57,615.14,0
CUST-15728,39,Male,Houston,54831.21,6,64.23,80.3,2.5,0.48,494.82,1
CUST-15729,37,Male,Austin,33531.25,7,89.01,51.3,2.3,0.55,577.87,0
CUST-15730,36,Female,New York,50259.86,10,109.09,86.1,6.4,0.49,1109.93,1
CUST-15731,38,Male,New York,107156.95,7,141.33,76.0,3.0,0.41,1216.07,0
CUST-15732,50,Female,Chicago,45798.28,6,70.14,52.5,7.2,0.56,484.71,1
CUST-15733,35,Female,Houston,81416.33,7,190.34,76.9,5.7,0.52,1358.18,1
CUST-15734,31,Other,Los Angeles,57699.76,4,65.77,66.8,1.7,0.55,424.32,0
CUST-15735,34,Female,Los Angeles,31424.46,5,73.94,53.6,1.2,0.55,362.5,0
CUST-15736,44,Male,Chicago,102024.96,17,180.98,88.3,9.9,0.52,3033.27,1
CUST-15737,54,Male,Los Angeles,32276.64,12,71.77,76.7,10.3,0.64,772.65,1
CUST-15738,30,Female,Boston,48118.78,5,146.66,66.2,1.3,0.46,754.38,0
CUST-15739,39,Female,New York,66188.04,9,172.53,86.8,7.0,0.6,1553.47,1
CUST-15740,42,Male,Los Angeles,103019.78,7,110.66,67.0,7.7,0.22,1042.74,1
CUST-15741,26,Female,Miami,39555.67,6,82.91,78.4,2.8,0.57,552.1,1
CUST-15742,38,Male,Seattle,42607.47,3,110.89,76.7,2.6,0.66,382.86,0
CUST-15743,20,Female,New York,79335.51,8,236.49,78.4,0.6,0.55,1919.02,0
CUST-15744,18,Female,Austin,53547.66,6,76.36,70.0,0.5,0.51,609.77,0
CUST-15745,42,Other,San Francisco,60040.64,8,164.77,63.2,4.1,0.4,1413.98,1
CUST-15746,33,Female,Los Angeles,69425.16,6,126.02,79.0,0.9,0.59,853.94,0
CUST-15747,40,Female,Chicago,31163.16,11,62.17,71.0,1.6,0.63,712.73,0
CUST-15748,37,Male,Los Angeles,26339.94,7,52.56,66.9,4.7,0.53,369.3,1
CUST-15749,26,Female,New York,213089.95,6,450.0,70.2,1.5,0.11,3289.26,1
CUST-15750,37,Female,Los Angeles,65634.38,10,107.71,77.3,0.5,,1122.87,0
CUST-15751,23,Female,Phoenix,53195.54,9,132.95,69.1,1.7,0.56,1192.23,0
CUST-15752,54,Female,Miami,34811.81,10,54.97,56.0,6.3,0.54,600.59,1
CUST-15753,21,Male,Chicago,89111.14,8,71.06,72.1,0.7,0.45,786.91,0
CUST-15754,35,Female,Los Angeles,47715.87,10,103.67,67.3,5.0,0.54,1061.13,0
CUST-15755,25,Female,Chicago,18000.0,7,28.52,57.8,1.5,0.7,176.01,0
CUST-15756,44,Male,Phoenix,36721.69,6,103.4,51.1,7.4,0.59,626.89,0
CUST-15757,34,Male,San Francisco,65891.56,5,127.04,64.5,0.6,0.56,744.73,0
CUST-15758,31,Female,Los Angeles,57223.51,5,135.55,69.1,0.5,0.65,715.46,0
CUST-15759,48,Male,Phoenix,44140.53,9,84.54,58.4,6.9,0.67,753.43,1
CUST-15760,38,Male,Chicago,41205.74,11,54.46,84.5,7.9,0.75,554.81,1
CUST-15761,44,Male,San Francisco,52350.24,10,134.41,79.5,3.2,0.57,1286.56,1
CUST-15762,26,Female,New York,63014.19,4,154.92,74.1,2.3,0.66,656.21,0
CUST-15763,21,Female,Los Angeles,27365.1,6,64.29,68.8,0.6,0.6,474.46,0
CUST-15764,39,Male,Chicago,21375.31,5,64.21,72.0,3.0,0.63,342.78,0
CUST-15765,34,Female,Seattle,71123.37,12,176.47,49.2,1.0,0.44,2131.35,1
CUST-15766,45,Female,Houston,54506.44,8,151.5,96.1,9.6,0.65,1208.48,1
CUST-15767,37,Male,Austin,92504.31,11,139.3,65.7,2.7,0.47,1608.54,0
CUST-15768,40,Male,New York,64364.78,10,123.5,63.9,2.4,0.64,1188.25,1
CUST-15769,18,Female,Chicago,31318.89,4,73.82,60.9,0.5,0.67,306.13,0
CUST-15770,60,Male,Chicago,21568.02,3,62.78,47.1,3.4,0.66,209.99,0
CUST-15771,36,Female,Phoenix,31242.71,7,61.6,56.1,2.1,0.47,489.42,0
CUST-15772,46,Male,Miami,63574.43,4,143.12,50.9,1.6,0.42,709.08,0
CUST-15773,27,Male,Seattle,139227.98,10,182.81,80.8,3.5,0.28,2113.59,1
CUST-15774,41,Female,San Francisco,77926.0,9,163.94,75.1,2.7,0.49,1508.91,1
CUST-15775,22,Male,Phoenix,26578.14,3,54.89,66.8,1.6,0.73,227.01,0
CUST-15776,43,Female,Boston,41871.52,5,109.31,72.0,2.2,0.56,609.21,0
CUST-15777,33,Male,Chicago,37213.88,4,73.02,76.6,0.6,0.66,303.3,0
CUST-15778,38,Male,Seattle,55279.05,7,73.32,95.1,7.2,0.79,629.13,1
CUST-15779,46,Male,Boston,113865.05,11,227.17,59.1,6.7,0.36,2629.39,1
CUST-15780,23,Male,Houston,93728.86,7,254.96,72.9,1.0,0.46,1842.03,1
CUST-15781,29,Male,San Francisco,69587.78,1,127.5,56.8,2.5,0.43,315.5,0
CUST-15782,43,Male,Chicago,62337.92,6,177.68,58.6,3.0,0.51,1047.53,0
CUST-15783,63,Female,New York,49085.83,4,73.26,68.4,9.7,0.56,401.05,1
CUST-15784,36,Female,Phoenix,20737.22,8,48.23,81.4,4.6,0.67,360.87,0
CUST-15785,45,Male,New York,178844.82,9,306.72,67.2,1.3,0.03,3305.32,1
CUST-15786,36,Female,Chicago,18000.0,7,21.25,94.9,6.6,0.64,136.92,1
CUST-15787,61,Male,Seattle,27044.08,6,32.68,59.9,7.2,0.63,234.03,1
CUST-15788,18,Male,New York,179567.69,4,406.47,55.7,0.5,0.08,2098.66,0
CUST-15789,39,Female,New York,73748.23,5,141.27,59.2,2.9,0.44,752.16,0
CUST-15790,18,Male,Phoenix,27769.18,7,25.56,50.8,0.5,0.68,288.02,0
CUST-15791,18,Female,Los Angeles,87650.6,4,174.72,82.6,0.5,0.66,853.35,0
CUST-15792,41,Male,Chicago,83727.0,4,208.51,65.2,5.4,0.46,988.24,1
CUST-15793,39,Female,Chicago,29215.29,9,87.46,61.0,8.0,0.6,691.95,1
CUST-15794,34,Female,New York,56032.21,12,58.75,65.4,4.3,0.6,747.12,1
CUST-15795,36,Male,New York,113349.08,9,247.73,73.7,5.0,0.44,2329.44,1
CUST-15796,75,Male,Boston,43211.79,10,104.24,68.2,4.1,0.63,1021.08,0
CUST-15797,34,Female,Los Angeles,71742.87,9,144.48,57.0,4.4,0.36,1412.41,1
CUST-15798,44,Female,Chicago,115982.69,10,189.98,66.2,4.4,0.33,2098.01,1
CUST-15799,30,Male,Austin,18016.94,4,32.75,69.1,4.4,0.67,127.99,0
CUST-15800,41,Male,Miami,43394.26,10,104.48,48.2,1.6,0.59,1070.78,1
CUST-15801,35,Male,New York,83359.89,9,235.34,75.2,2.3,0.5,2129.83,0
CUST-15802,33,Female,Houston,21008.49,4,46.55,55.9,0.9,0.65,204.12,0
CUST-15803,59,Female,San Francisco,58201.51,6,151.92,58.9,6.0,0.5,954.04,1
CUST-15804,52,Male,San Francisco,127863.88,2,191.93,67.6,2.4,0.41,687.8,0
CUST-15805,39,Male,Miami,36190.4,7,84.33,85.7,7.2,0.79,566.1,1
CUST-15806,18,Female,Chicago,27082.06,4,31.92,78.8,0.5,0.67,204.43,0
CUST-15807,33,Female,New York,128736.18,9,187.53,79.1,4.2,,1928.15,1
CUST-15808,70,Female,Chicago,71043.03,7,163.77,56.6,2.0,0.41,1239.43,0
CUST-15809,35,Male,Phoenix,47108.62,12,71.25,58.1,2.7,0.6,919.81,0
CUST-15810,51,Female,Phoenix,46418.05,10,107.56,62.8,12.7,0.61,1100.81,1
CUST-15811,55,Female,New York,122301.65,7,162.34,57.6,2.4,0.27,1394.78,1
CUST-15812,40,Male,New York,84742.18,9,130.15,73.5,5.1,0.45,1285.49,1
CUST-15813,27,Other,Austin,82299.17,9,211.41,39.7,1.6,0.35,1989.81,0
CUST-15814,18,Female,New York,51731.46,11,122.32,55.8,0.5,0.58,1336.87,0
CUST-15815,46,Female,Los Angeles,23886.88,9,39.82,62.2,3.6,0.65,355.08,0
CUST-15816,28,Female,Miami,70239.32,5,134.26,58.6,0.7,0.56,820.11,0
CUST-15817,40,Male,Chicago,98642.17,9,194.12,75.9,6.3,0.39,1844.99,1
CUST-15818,23,Male,New York,65370.32,7,110.51,77.4,1.0,0.64,833.41,1
CUST-15819,34,Male,Chicago,88669.25,3,244.02,63.5,4.4,0.26,946.79,1
CUST-15820,38,Female,Houston,43525.42,8,65.23,66.9,1.3,0.59,494.75,0
CUST-15821,41,Male,Chicago,54363.08,8,110.22,69.5,5.1,0.57,919.34,1
CUST-15822,24,Female,Boston,156144.31,12,264.46,63.9,1.2,,3568.08,1
CUST-15823,52,Male,Los Angeles,53852.38,7,83.59,86.1,7.5,0.71,640.03,1
CUST-15824,30,Female,San Francisco,63652.1,5,139.34,79.1,4.2,0.53,829.32,1
CUST-15825,18,Female,New York,28713.27,6,69.43,64.0,0.5,0.64,416.89,0
CUST-15826,36,Female,Chicago,80324.24,7,87.99,80.9,5.5,0.42,791.71,1
CUST-15827,38,Female,San Francisco,53186.06,7,156.5,84.2,6.3,0.62,1043.11,1
CUST-15828,39,Other,Los Angeles,67062.11,13,107.53,74.8,4.7,0.46,1406.12,1
CUST-15829,54,Male,Phoenix,41652.64,9,92.04,75.1,1.9,0.69,813.22,1
CUST-15830,35,Male,New York,58524.94,11,118.49,71.0,4.7,0.54,1327.54,1
CUST-15831,36,Male,New York,68957.1,6,123.61,62.3,1.5,0.43,971.05,0
CUST-15832,24,Female,Houston,50426.92,8,73.36,46.9,1.0,0.54,693.53,0
CUST-15833,47,Male,San Francisco,136558.96,13,278.39,76.4,8.4,0.31,3770.47,1
CUST-15834,40,Female,New York,156406.01,6,261.42,60.7,6.0,0.2,1961.69,1
CUST-15835,32,Male,Boston,90010.27,8,217.39,48.4,2.1,0.39,1883.28,0
CUST-15836,18,Female,Los Angeles,117658.3,6,275.67,74.6,0.5,0.36,1929.01,0
CUST-15837,55,Female,New York,112103.56,16,295.75,81.9,13.9,0.36,4673.7,1
CUST-15838,23,Female,Los Angeles,79783.26,9,149.29,60.8,1.3,0.45,1416.02,1
CUST-15839,30,Female,New York,151399.31,11,259.47,,3.4,0.17,3188.93,1
CUST-15840,42,Male,New York,38019.99,8,40.44,48.0,3.0,0.64,415.59,1
CUST-15841,23,Male,Miami,36551.43,9,108.24,93.1,2.0,0.75,924.57,1
CUST-15842,20,Female,Houston,34141.06,7,65.67,98.8,0.6,0.63,433.55,1
CUST-15843,18,Male,Chicago,48927.56,3,59.99,65.7,0.5,0.45,279.53,0
CUST-15844,46,Female,Austin,83973.82,11,175.85,77.5,10.4,0.68,1817.96,1
CUST-15845,31,Female,Chicago,32572.98,12,81.2,79.2,3.9,0.68,848.75,1
CUST-15846,73,Female,New York,94042.7,13,215.58,76.5,12.3,0.45,2764.0,1
CUST-15847,26,Male,Los Angeles,46454.63,6,84.69,61.6,1.7,0.63,580.97,0
CUST-15848,26,Female,Los Angeles,52377.37,5,79.39,65.4,3.0,0.54,489.85,0
CUST-15849,31,Male,Houston,56892.26,8,130.04,73.6,4.0,0.55,1060.3,1
CUST-15850,40,Male,Los Angeles,144406.28,5,185.87,68.9,3.2,0.15,1264.46,0
CUST-15851,32,Male,Houston,36045.35,6,98.28,64.8,0.7,0.69,560.01,0
CUST-15852,45,Male,San Francisco,72869.51,8,147.38,63.7,6.1,0.57,1214.29,1
CUST-15853,26,Male,Miami,30019.25,11,33.27,63.4,2.8,0.55,398.97,1
CUST-15854,21,Male,San Francisco,52865.08,8,124.06,53.4,1.1,0.44,1078.66,0
CUST-15855,18,Female,Los Angeles,36173.83,8,92.53,100.0,0.5,0.72,701.7,0
CUST-15856,18,Male,New York,82660.5,14,199.54,84.6,0.5,0.55,2690.71,1
CUST-15857,31,Female,Houston,63663.14,12,136.45,82.0,2.5,,1623.71,1
CUST-15858,34,Male,New York,103118.0,9,137.86,73.2,4.1,0.38,1443.92,1
CUST-15859,30,Male,New York,50175.38,9,62.41,64.2,3.4,0.59,571.02,0
CUST-15860,52,Female,Houston,66348.62,5,115.75,56.2,4.9,0.48,702.16,1
CUST-15861,52,Female,Los Angeles,65927.57,8,110.88,98.3,9.6,0.71,961.06,1
CUST-15862,33,Male,San Francisco,73688.05,6,83.31,69.8,3.7,0.47,599.84,0
CUST-15863,18,Male,Los Angeles,33491.62,6,54.2,80.6,0.5,0.64,409.67,0
CUST-15864,31,Male,Austin,64340.01,7,127.23,68.4,3.6,0.43,1071.22,0
CUST-15865,30,Male,San Francisco,83195.67,9,161.33,72.9,3.1,0.46,1476.25,1
CUST-15866,30,Female,New York,76954.44,8,88.94,65.7,1.2,0.3,839.34,0
CUST-15867,29,Female,Houston,62864.2,10,96.87,81.5,3.9,0.5,1056.76,1
CUST-15868,30,Male,Houston,72838.83,14,105.95,50.1,1.5,0.4,1560.21,0
CUST-15869,33,Female,San Francisco,43803.13,5,81.03,73.1,4.6,0.47,443.84,0
CUST-15870,30,Male,Houston,46182.61,7,97.67,64.2,1.3,0.52,777.31,0
CUST-15871,40,Female,Houston,66608.7,6,84.21,82.5,6.0,0.67,595.11,1
CUST-15872,42,Female,Chicago,49741.39,8,107.62,86.7,8.7,0.7,805.86,1
CUST-15873,27,Female,Los Angeles,100656.97,8,282.86,72.3,0.5,0.43,2309.41,1
CUST-15874,53,Female,Boston,68010.05,11,118.35,96.7,13.7,0.64,1345.64,1
CUST-15875,26,Female,Los Angeles,23442.38,5,56.24,73.3,0.6,0.71,278.4,0
CUST-15876,18,Male,New York,111281.58,7,166.76,63.1,0.5,0.45,1382.56,0
CUST-15877,42,Female,New York,68978.7,9,142.88,94.1,8.3,0.58,1256.82,1
CUST-15878,28,Male,Seattle,27953.23,7,59.4,87.3,3.0,0.8,466.38,0
CUST-15879,41,Male,Phoenix,42980.19,7,60.47,62.9,1.4,0.62,440.3,0
CUST-15880,18,Female,Miami,27296.79,8,72.8,67.3,0.5,0.63,561.14,0
CUST-15881,54,Male,Miami,75002.17,9,238.14,86.9,9.8,0.53,2141.86,1
CUST-15882,46,Female,Miami,50553.44,6,82.58,48.3,1.7,0.49,535.96,0
CUST-15883,19,Female,Houston,32429.83,9,73.28,61.7,0.5,0.63,641.45,0
CUST-15884,20,Female,New York,109702.63,3,212.67,59.8,0.6,0.32,894.67,1
CUST-15885,58,Female,New York,91983.77,6,139.58,50.1,4.5,0.36,1066.22,0
CUST-15886,29,Male,Houston,45744.39,4,126.19,77.7,3.7,0.59,544.64,1
CUST-15887,27,Other,Chicago,30515.54,7,84.31,84.9,2.8,0.76,596.83,0
CUST-15888,18,Male,Houston,33774.79,8,83.55,58.8,0.5,0.57,651.13,0
CUST-15889,33,Female,Houston,33522.69,8,37.8,68.7,5.4,0.73,341.96,0
CUST-15890,35,Female,Phoenix,70819.39,2,127.34,76.6,5.9,,500.59,1
CUST-15891,46,Female,New York,31560.32,4,100.44,64.7,2.9,0.59,430.39,0
CUST-15892,21,Female,New York,71431.0,7,136.01,77.0,1.1,0.48,1106.63,0
CUST-15893,19,Female,San Francisco,66925.15,4,144.87,68.7,0.5,0.56,717.03,0
CUST-15894,43,Male,New York,122746.2,6,317.61,59.3,4.6,0.31,2159.12,1
CUST-15895,50,Male,Phoenix,54776.02,9,165.47,100.0,12.5,0.62,1427.75,1
CUST-15896,19,Male,Houston,67259.39,7,111.87,63.8,0.5,0.63,815.86,0
CUST-15897,50,Female,Austin,45827.07,12,80.69,61.8,4.5,0.6,867.62,1
CUST-15898,38,Female,Seattle,36594.18,4,44.65,75.7,5.4,0.65,218.41,0
CUST-15899,51,Female,Chicago,48341.81,6,105.24,71.2,7.3,0.48,721.33,1
CUST-15900,37,Female,Phoenix,71913.6,6,196.48,66.8,1.3,0.53,1213.64,0
CUST-15901,18,Female,New York,107747.94,5,218.95,66.8,0.5,0.24,1289.7,1
CUST-15902,36,Male,Chicago,45866.78,9,57.92,76.8,6.0,,543.47,1
CUST-15903,50,Male,San Francisco,49320.76,8,81.38,99.8,10.1,0.7,762.01,1
CUST-15904,27,Male,Phoenix,28747.32,6,77.84,54.5,2.2,0.59,496.2,0
CUST-15905,33,Female,Houston,48069.03,7,121.85,60.2,1.7,0.49,933.99,0
CUST-15906,35,Male,New York,78306.05,9,117.81,78.5,6.1,,1115.27,1
CUST-15907,18,Female,Miami,107506.06,11,293.47,69.8,0.5,0.31,3340.08,1
CUST-15908,58,Female,Los Angeles,66265.68,8,103.92,49.7,0.8,0.36,989.33,0
CUST-15909,27,Male,Miami,69953.76,5,108.47,80.6,3.5,0.43,759.89,1
CUST-15910,44,Male,Phoenix,33004.71,7,60.73,71.6,9.0,0.62,472.59,1
CUST-15911,36,Male,Chicago,58083.72,4,94.36,76.0,4.7,0.58,530.62,0
CUST-15912,53,Male,New York,78444.28,6,179.59,52.4,0.7,0.44,1196.27,0
CUST-15913,42,Female,Los Angeles,58075.36,9,83.95,67.0,2.6,0.54,810.89,0
CUST-15914,35,Male,Seattle,66985.68,12,124.39,87.5,3.3,0.51,1550.25,1
CUST-15915,27,Female,Miami,54820.31,5,59.91,70.1,2.4,0.67,445.0,0
CUST-15916,47,Female,Houston,65462.0,10,90.98,79.8,8.4,0.45,1019.46,1
CUST-15917,18,Male,Chicago,102063.37,4,231.75,77.7,0.5,0.27,1177.02,0
CUST-15918,45,Female,Phoenix,18000.0,9,67.41,65.8,6.2,0.51,567.54,1
CUST-15919,24,Female,Chicago,99275.98,7,264.92,89.4,1.7,0.4,1965.07,1
CUST-15920,53,Female,Phoenix,20727.89,9,41.92,97.2,11.5,0.85,357.44,1
CUST-15921,39,Male,Los Angeles,72703.39,9,129.31,67.4,6.2,0.5,1233.71,1
CUST-15922,45,Male,Seattle,219906.57,10,450.0,85.5,10.3,0.0,4800.0,1
CUST-15923,38,Male,San Francisco,74250.67,8,142.96,63.2,7.1,0.5,1198.68,1
CUST-15924,18,Male,Los Angeles,68170.79,10,117.31,89.3,0.5,0.59,1172.37,1
CUST-15925,27,Female,Seattle,57989.29,5,108.61,72.8,3.4,0.7,671.44,0
CUST-15926,46,Female,Houston,71850.14,4,116.73,68.2,2.7,0.6,619.43,0
CUST-15927,39,Female,New York,87658.94,11,226.31,91.9,8.3,0.59,2364.73,1
CUST-15928,52,Male,New York,52160.51,9,139.08,77.1,9.7,0.4,1324.58,1
CUST-15929,42,Male,San Francisco,71631.89,10,101.97,82.3,6.2,0.47,1187.3,1
CUST-15930,26,Female,Seattle,38712.79,4,90.61,63.7,1.4,0.5,435.01,0
CUST-15931,28,Male,Miami,48495.97,13,70.38,71.2,1.0,0.67,1030.07,1
CUST-15932,39,Male,Phoenix,39535.46,7,98.94,64.3,1.5,0.53,675.94,0
CUST-15933,18,Female,New York,78305.65,10,180.9,60.6,0.5,0.57,1828.55,1
CUST-15934,58,Male,New York,51284.7,7,88.34,71.8,6.8,0.49,617.09,1
CUST-15935,43,Female,Los Angeles,55968.6,9,130.95,84.5,5.8,0.65,1136.06,1
CUST-15936,52,Male,Seattle,68018.16,10,217.79,89.8,12.7,0.47,2078.85,1
CUST-15937,19,Female,Austin,61977.02,6,122.55,22.4,0.5,0.49,778.24,0
CUST-15938,52,Female,Los Angeles,71460.76,12,202.73,77.8,10.5,0.59,2270.05,1
CUST-15939,64,Male,Miami,47175.17,8,62.1,53.6,7.3,0.48,576.42,1
CUST-15940,22,Female,Houston,34730.03,2,82.77,83.5,0.7,0.68,182.28,0
CUST-15941,47,Female,New York,76201.87,11,102.51,97.0,10.0,0.57,1187.77,1
CUST-15942,38,Female,Houston,47064.67,5,74.75,83.9,5.6,0.66,474.48,1
CUST-15943,19,Male,Miami,85907.77,6,187.04,74.5,0.5,0.46,1283.78,0
CUST-15944,43,Female,Los Angeles,110761.3,6,312.18,67.9,5.6,0.43,2032.03,1
CUST-15945,48,Male,Boston,32737.66,12,101.52,74.8,10.3,0.6,1138.58,1
CUST-15946,30,Female,Los Angeles,84824.46,6,111.21,63.2,0.8,0.29,829.62,0
CUST-15947,51,Female,New York,110081.54,10,288.67,69.3,5.8,0.37,2971.35,1
CUST-15948,18,Female,New York,37316.43,7,97.94,36.4,0.5,0.49,687.14,0
CUST-15949,20,Female,Seattle,90479.62,6,106.94,91.8,0.8,0.6,769.02,0
CUST-15950,39,Male,Chicago,89033.47,6,171.29,76.5,6.6,0.5,1141.37,1
CUST-15951,38,Male,Miami,32012.55,7,77.79,72.3,2.8,0.73,542.65,0
CUST-15952,29,Female,Houston,45731.19,10,68.37,71.1,2.5,0.6,723.77,1
CUST-15953,47,Female,Houston,56492.7,14,123.11,84.5,8.7,0.54,1657.07,1
CUST-15954,44,Male,Miami,68455.26,6,144.69,52.5,2.0,0.4,1032.93,0
CUST-15955,48,Male,Chicago,34702.62,10,78.33,77.5,7.3,0.5,820.84,1
CUST-15956,36,Female,Miami,91785.54,7,125.77,87.7,5.3,0.45,1085.73,1
CUST-15957,45,Female,New York,26514.06,8,43.03,77.1,9.3,0.69,333.17,1
CUST-15958,32,Male,Phoenix,94514.85,5,200.18,,1.1,0.59,1115.97,0
CUST-15959,62,Male,San Francisco,99868.14,16,233.2,66.9,5.3,0.37,3663.72,1
CUST-15960,28,Female,Boston,47640.37,8,51.52,61.3,2.4,0.56,544.83,0
CUST-15961,63,Female,Los Angeles,95986.69,9,230.29,100.0,10.7,0.33,2138.39,1
CUST-15962,38,Female,Phoenix,28875.25,8,77.8,63.4,6.0,0.62,611.99,1
CUST-15963,21,Male,Chicago,60250.02,7,104.86,84.7,0.7,0.62,805.8,1
CUST-15964,54,Female,Chicago,64089.93,5,123.9,67.4,0.7,0.55,759.26,0
CUST-15965,39,Female,New York,82303.75,11,131.64,66.1,6.0,0.47,1585.52,1
CUST-15966,48,Male,New York,48061.94,10,50.53,72.2,11.0,0.48,593.85,1
CUST-15967,52,Female,Seattle,52844.29,6,67.06,75.5,10.9,0.54,519.06,1
CUST-15968,42,Female,San Francisco,80809.08,11,117.72,73.9,6.2,0.49,1383.19,1
CUST-15969,30,Male,Chicago,39553.85,7,110.95,80.1,4.7,0.62,794.17,1
CUST-15970,49,Female,Miami,58949.3,8,140.58,64.7,5.7,0.48,1145.7,0
CUST-15971,38,Female,New York,53800.69,7,111.08,49.9,4.4,0.34,932.9,1
CUST-15972,46,Female,Phoenix,80389.55,2,208.07,,0.6,0.43,618.95,0
CUST-15973,18,Female,Seattle,147928.75,9,384.45,59.4,0.5,0.08,3821.37,1
CUST-15974,43,Male,Seattle,58361.49,14,121.17,56.7,6.0,0.53,1598.56,1
CUST-15975,30,Male,Chicago,90122.0,11,192.3,65.5,2.2,0.32,2227.1,1
CUST-15976,57,Female,San Francisco,68208.19,7,140.07,45.4,1.1,0.36,1143.6,0
CUST-15977,45,Female,Chicago,35616.87,8,47.16,72.6,4.2,0.65,408.95,0
CUST-15978,40,Male,Seattle,54736.43,7,79.48,65.1,0.5,0.46,674.27,0
CUST-15979,43,Female,Houston,53717.36,13,97.96,75.6,3.6,0.56,1267.2,1
CUST-15980,26,Male,Miami,21062.04,6,32.64,87.9,3.1,0.74,238.85,1
CUST-15981,57,Female,New York,100000.75,10,134.61,60.3,2.7,0.17,1540.13,1
CUST-15982,61,Male,Phoenix,50901.61,9,100.37,73.3,8.4,0.75,886.38,1
CUST-15983,42,Male,Houston,84878.72,3,162.93,59.7,2.2,,696.09,0
CUST-15984,57,Female,Phoenix,66085.74,9,130.66,74.9,11.9,0.47,1228.88,1
CUST-15985,31,Female,San Francisco,80534.94,7,207.32,60.0,3.1,0.33,1540.35,1
CUST-15986,28,Female,Boston,54415.49,7,138.31,74.8,1.2,0.46,1012.61,1
CUST-15987,38,Female,Miami,110209.41,10,217.25,48.5,7.0,0.2,2427.76,1
CUST-15988,43,Female,Los Angeles,184369.7,7,433.04,68.4,7.9,,3517.18,1
CUST-15989,33,Female,Miami,43439.83,11,42.46,84.4,5.7,0.73,510.6,0
CUST-15990,44,Female,New York,123161.44,8,239.46,39.4,0.5,0.14,2223.48,1
CUST-15991,41,Female,Phoenix,34243.93,7,68.15,76.2,4.5,0.65,502.63,1
CUST-15992,26,Male,Seattle,50478.39,9,124.6,56.1,3.2,0.46,1170.42,0
CUST-15993,44,Female,New York,60293.65,11,101.21,77.0,8.5,0.35,1169.3,1
CUST-15994,48,Male,Seattle,95366.71,8,133.12,74.7,10.1,0.51,1201.23,1
CUST-15995,40,Female,Miami,30069.0,8,69.02,84.7,5.7,0.7,510.6,1
CUST-15996,51,Male,Houston,111713.05,16,284.68,89.6,9.6,0.46,4317.15,1
CUST-15997,23,Female,Los Angeles,99578.15,10,122.38,64.8,1.7,0.41,1411.58,0
CUST-15998,43,Female,Chicago,79185.44,5,145.79,46.3,1.4,0.49,906.27,0
CUST-15999,23,Other,Austin,51451.91,4,73.32,66.4,1.5,0.72,384.28,0
CUST-16000,24,Female,Los Angeles,94325.4,12,156.97,62.2,2.0,0.49,1917.75,1
CUST-16001,30,Female,Houston,18000.0,8,41.54,60.4,0.7,0.65,322.56,0
CUST-16002,26,Male,New York,91176.76,1,169.63,56.3,1.3,0.4,364.11,0
CUST-16003,31,Other,Los Angeles,67495.96,7,123.68,74.0,2.0,0.57,939.88,1
CUST-16004,35,Male,Miami,20042.27,8,48.8,69.7,5.9,0.55,348.79,1
CUST-16005,48,Female,Los Angeles,76335.12,13,215.21,78.8,9.5,0.45,2662.28,1
CUST-16006,34,Male,Austin,80077.97,8,178.96,56.8,4.4,0.33,1551.44,1
CUST-16007,18,Female,Houston,20370.44,5,41.17,81.2,0.5,0.72,265.71,0
CUST-16008,51,Female,Houston,28433.43,6,40.98,77.1,6.3,0.71,276.25,1
CUST-16009,27,Female,New York,205314.69,3,295.05,61.5,3.2,0.16,1529.94,0
CUST-16010,37,Female,Austin,54292.07,5,130.83,88.6,2.2,0.46,765.42,0
CUST-16011,43,Female,New York,119123.69,11,251.41,71.8,7.2,0.35,2874.98,1
CUST-16012,40,Male,Houston,90409.77,8,281.48,50.6,2.5,,2426.69,0
CUST-16013,51,Female,Chicago,69269.4,5,186.48,54.9,1.0,0.46,968.19,0
CUST-16014,43,Female,Chicago,94599.82,6,206.3,77.0,3.2,0.49,1395.95,0
CUST-16015,27,Male,Phoenix,18000.0,3,51.29,71.8,2.0,0.7,220.58,0
CUST-16016,64,Male,San Francisco,67589.47,16,156.85,76.1,12.7,0.61,2310.72,1
CUST-16017,40,Male,New York,18000.0,11,54.73,86.8,4.7,0.78,587.73,1
CUST-16018,36,Female,Houston,21496.81,3,10.0,74.0,1.7,0.63,62.75,0
CUST-16019,49,Male,Miami,39171.29,13,76.98,98.4,12.3,,957.63,1
CUST-16020,40,Male,Chicago,40786.15,4,124.25,57.5,2.7,0.51,567.88,0
CUST-16021,42,Male,New York,74668.21,11,73.15,87.0,9.5,0.6,894.0,1
CUST-16022,67,Female,Los Angeles,61662.84,12,126.13,93.1,14.1,0.73,1402.73,1
CUST-16023,34,Female,Los Angeles,66611.54,7,125.53,50.6,3.7,0.57,931.53,0
CUST-16024,34,Female,New York,79814.42,3,129.51,52.1,1.0,0.54,563.5,0
CUST-16025,39,Female,Chicago,67188.11,8,122.45,68.2,6.0,0.52,1090.69,1
CUST-16026,50,Male,Houston,31862.48,10,87.58,83.8,10.9,0.67,883.61,1
CUST-16027,19,Male,New York,50904.59,3,80.15,73.2,0.5,0.73,269.26,0
CUST-16028,18,Female,Phoenix,47867.9,8,57.64,79.0,0.5,0.66,553.83,0
CUST-16029,30,Male,Austin,58961.43,4,104.63,51.8,4.0,0.59,507.01,0
CUST-16030,18,Male,Austin,34694.85,8,47.54,85.5,0.5,0.7,456.3,0
CUST-16031,32,Female,Miami,88387.55,8,221.47,68.8,1.5,0.48,1854.59,1
CUST-16032,44,Male,Los Angeles,89515.07,5,214.48,72.6,9.9,0.28,1236.09,1
CUST-16033,27,Female,New York,47583.73,5,128.96,80.9,3.4,0.64,665.66,0
CUST-16034,20,Male,Seattle,61020.22,7,114.42,41.5,0.6,,881.0,0
CUST-16035,38,Female,New York,199760.5,8,393.56,61.0,1.0,0.04,3744.62,0
CUST-16036,48,Male,Los Angeles,67511.31,8,135.75,81.4,7.8,0.6,1126.93,1
CUST-16037,18,Male,Houston,62727.15,7,165.16,63.4,0.5,0.43,1191.32,1
CUST-16038,47,Male,New York,53940.5,7,90.64,65.0,1.2,0.31,729.91,0
CUST-16039,47,Female,Seattle,57906.65,8,94.96,91.8,10.4,0.71,825.9,1
CUST-16040,49,Female,Miami,109575.57,9,127.14,68.2,12.4,0.26,1431.9,1
CUST-16041,52,Male,San Francisco,80267.45,8,209.38,62.4,5.1,0.59,1615.41,0
CUST-16042,64,Female,Miami,49674.28,8,162.57,92.7,11.3,0.68,1236.65,1
CUST-16043,33,Female,Los Angeles,62541.3,3,117.58,53.0,0.9,0.63,440.06,0
CUST-16044,39,Female,San Francisco,250000.0,10,449.25,56.2,3.4,0.0,4800.0,1
CUST-16045,33,Female,Los Angeles,63555.3,8,120.98,78.8,1.1,0.54,1026.52,1
CUST-16046,38,Male,San Francisco,50082.85,3,94.75,69.5,0.9,0.54,412.06,0
CUST-16047,56,Female,New York,52703.08,14,121.06,84.4,9.0,0.74,1499.36,1
CUST-16048,21,Female,San Francisco,112066.78,11,238.94,87.1,1.1,0.39,2767.16,1
CUST-16049,27,Male,Austin,29175.06,5,85.69,62.4,1.9,0.6,480.81,0
CUST-16050,54,Male,New York,91619.2,10,166.48,70.5,7.8,0.38,1782.59,1
CUST-16051,50,Female,New York,50929.41,9,135.72,55.0,3.8,0.57,1248.77,0
CUST-16052,33,Female,New York,28874.66,9,25.15,62.3,4.6,0.5,349.72,1
CUST-16053,48,Female,Chicago,34848.11,7,78.93,81.7,4.7,0.75,537.78,1
CUST-16054,42,Other,Los Angeles,63166.47,10,100.5,58.9,1.1,0.46,1071.15,0
CUST-16055,56,Female,Miami,103392.78,9,259.59,67.5,2.9,0.43,2423.33,0
CUST-16056,38,Male,Chicago,89810.29,7,136.5,70.8,1.5,0.36,1075.43,0
CUST-16057,50,Male,Houston,44438.5,10,64.91,59.9,5.9,0.49,683.71,1
CUST-16058,69,Male,San Francisco,123323.44,6,179.48,52.6,1.4,0.22,1362.14,0
CUST-16059,45,Male,Chicago,47591.06,11,77.93,58.6,8.8,0.58,884.43,1
CUST-16060,38,Male,Los Angeles,29926.69,8,49.82,80.0,7.3,0.56,392.71,1
CUST-16061,46,Female,San Francisco,76650.86,8,179.46,62.3,3.2,0.38,1496.34,1
CUST-16062,33,Female,Miami,24239.52,4,52.33,49.4,3.2,0.77,302.89,0
CUST-16063,66,Female,New York,108641.5,10,154.26,68.3,8.0,0.4,1778.79,1
CUST-16064,40,Female,New York,109430.47,9,221.46,100.0,8.7,0.51,2121.47,1
CUST-16065,34,Female,Los Angeles,40125.89,4,87.26,73.7,0.9,,350.63,0
CUST-16066,27,Female,Los Angeles,67007.56,7,67.24,64.5,2.6,0.32,627.48,0
CUST-16067,51,Female,Los Angeles,66688.42,17,93.69,60.6,4.9,0.44,1611.06,1
CUST-16068,48,Male,San Francisco,117295.76,5,286.69,71.5,6.3,0.37,1715.55,1
CUST-16069,32,Male,Miami,27616.61,6,73.62,73.5,1.6,0.59,478.87,0
CUST-16070,44,Female,New York,98700.8,6,117.27,52.7,2.1,0.32,890.66,0
CUST-16071,19,Male,Houston,26644.08,3,56.51,63.1,0.5,,239.89,0
CUST-16072,40,Female,Chicago,83900.31,4,127.31,59.0,1.1,0.43,676.61,0
CUST-16073,43,Male,Houston,87557.89,8,123.08,46.9,3.1,,1196.39,1
CUST-16074,58,Female,Phoenix,34886.1,11,85.27,82.4,10.5,0.62,879.65,1
CUST-16075,28,Other,Boston,119597.35,6,294.56,74.7,2.8,0.32,1994.13,1
CUST-16076,22,Male,New York,33292.52,8,72.23,62.0,1.1,,621.24,0
CUST-16077,27,Female,New York,126740.42,6,349.95,58.9,0.5,0.33,2317.18,0
CUST-16078,21,Male,Phoenix,100094.26,7,153.73,56.9,0.6,0.44,1237.67,0
CUST-16079,54,Male,Chicago,67622.62,13,160.25,87.2,12.2,0.51,2022.45,1
CUST-16080,56,Male,New York,66326.29,8,96.19,53.4,4.4,0.4,853.54,1
CUST-16081,41,Female,New York,85503.66,7,178.73,,8.4,0.54,1330.32,1
CUST-16082,52,Male,Houston,38056.51,6,34.07,95.8,12.0,0.76,257.32,1
CUST-16083,39,Female,Los Angeles,231439.85,7,450.0,67.5,1.7,0.01,3751.2,1
CUST-16084,36,Male,Austin,44446.63,10,117.96,72.5,6.5,,1154.18,1
CUST-16085,34,Male,Chicago,109918.09,9,303.94,68.5,4.2,0.34,2804.84,1
CUST-16086,34,Female,Los Angeles,43008.29,9,116.34,62.6,4.2,0.51,1000.89,1
CUST-16087,19,Male,Phoenix,108341.51,3,157.83,71.7,0.5,0.37,799.24,0
CUST-16088,41,Male,Los Angeles,170403.81,7,333.23,61.7,4.0,0.06,2776.07,1
CUST-16089,37,Male,Houston,62423.81,12,140.1,90.7,5.7,0.61,1659.16,1
CUST-16090,46,Female,Houston,59399.16,10,91.37,59.5,7.6,0.5,952.82,1
CUST-16091,39,Female,Chicago,35259.87,6,71.52,70.5,6.6,0.66,405.9,1
CUST-16092,36,Male,Miami,30057.66,9,50.52,65.4,4.9,0.65,467.72,0
CUST-16093,27,Male,Los Angeles,72310.11,8,166.38,68.5,0.7,0.57,1369.5,0
CUST-16094,38,Male,Boston,134782.52,11,182.67,57.7,2.7,0.19,2341.16,1
CUST-16095,46,Male,Miami,39128.46,13,55.97,90.6,10.6,0.74,685.38,1
CUST-16096,24,Female,Los Angeles,187911.53,8,301.0,70.3,0.9,0.06,2907.26,1
CUST-16097,39,Female,New York,53907.86,8,111.07,74.4,4.2,0.42,973.93,1
CUST-16098,40,Female,Los Angeles,69874.63,9,177.33,47.4,3.5,0.31,1694.11,1
CUST-16099,29,Male,Los Angeles,69966.38,1,178.37,57.3,0.8,0.47,410.6,0
CUST-16100,30,Female,Houston,48919.9,8,134.92,76.0,1.3,0.62,1023.7,0
CUST-16101,40,Female,New York,26322.8,8,31.58,53.3,2.9,0.59,248.07,0
CUST-16102,24,Female,Boston,47704.69,9,98.28,58.2,1.4,0.49,898.51,0
CUST-16103,42,Female,New York,80815.51,12,172.05,86.9,8.5,0.58,2043.81,1
CUST-16104,27,Female,Los Angeles,59383.36,6,156.09,56.4,2.1,0.7,917.26,0
CUST-16105,50,Female,New York,100529.44,13,183.26,57.5,8.5,0.25,2505.02,1
CUST-16106,66,Male,Los Angeles,90960.43,6,213.83,57.0,6.7,0.49,1387.57,1
CUST-16107,27,Female,Seattle,60060.3,10,124.35,95.8,3.2,0.71,1218.79,0
CUST-16108,44,Male,Phoenix,30134.45,8,64.91,59.9,7.1,0.65,558.93,0
CUST-16109,29,Female,Los Angeles,135120.3,7,193.09,49.3,0.9,0.24,1654.56,0
CUST-16110,50,Female,Seattle,34386.26,8,48.28,90.2,6.4,,485.98,1
CUST-16111,22,Female,Miami,38217.66,6,59.0,74.1,1.4,0.52,390.11,1
CUST-16112,43,Male,San Francisco,49587.41,10,104.44,80.7,7.5,0.6,1044.71,1
CUST-16113,27,Male,Seattle,98358.31,6,169.02,52.1,3.3,0.2,1238.81,0
CUST-16114,35,Male,Phoenix,94197.65,10,124.78,47.3,1.9,0.39,1429.69,0
CUST-16115,25,Female,Houston,47186.35,4,141.93,73.7,2.7,0.49,706.99,0
CUST-16116,47,Female,Chicago,63810.85,5,96.66,48.9,3.7,0.54,578.01,0
CUST-16117,27,Female,Los Angeles,77199.47,7,101.83,75.8,0.7,0.42,860.91,0
CUST-16118,44,Male,Houston,126843.43,11,183.79,,5.4,0.25,2292.47,1
CUST-16119,33,Female,Seattle,27899.3,5,70.6,73.1,1.1,0.76,352.94,0
CUST-16120,36,Other,Phoenix,70738.87,10,174.82,68.8,5.1,,1732.72,1
CUST-16121,39,Male,Boston,78478.81,8,157.27,71.6,7.6,0.49,1369.2,1
CUST-16122,28,Female,Los Angeles,51758.41,8,50.65,55.2,3.7,0.47,519.75,0
CUST-16123,40,Female,San Francisco,89284.72,9,125.35,99.9,5.5,0.63,1161.79,1
CUST-16124,56,Female,Phoenix,70618.96,6,103.58,63.4,8.3,0.47,739.05,1
CUST-16125,28,Female,San Francisco,101524.31,7,169.74,84.0,4.0,0.56,1286.87,1
CUST-16126,52,Male,Phoenix,143471.23,9,344.25,60.2,8.1,0.15,3360.9,1
CUST-16127,55,Female,Los Angeles,66403.35,10,125.56,100.0,13.8,0.51,1338.02,1
CUST-16128,28,Female,New York,74128.64,15,201.67,83.2,3.7,0.69,2717.32,1
CUST-16129,20,Female,Austin,54429.46,6,108.55,67.8,0.6,0.64,666.1,0
CUST-16130,41,Female,New York,96432.06,6,216.98,52.2,0.6,0.24,1555.53,1
CUST-16131,31,Female,Chicago,55980.63,8,92.39,78.4,2.6,0.52,833.84,1
CUST-16132,60,Female,Chicago,57262.13,16,135.27,75.3,13.0,0.65,1925.26,1
CUST-16133,38,Female,Chicago,57394.58,8,66.92,81.2,6.8,0.46,659.29,0
CUST-16134,28,Male,Miami,48117.56,14,80.38,75.1,2.6,0.59,1127.24,1
CUST-16135,24,Male,San Francisco,55945.64,8,161.31,79.4,0.8,0.72,1194.7,0
CUST-16136,51,Male,Boston,80127.53,8,149.41,59.2,1.9,,1282.49,0
CUST-16137,31,Female,Chicago,49328.95,8,116.62,58.0,5.0,0.5,975.91,1
CUST-16138,38,Other,Houston,69950.73,8,96.76,41.4,3.7,0.51,911.76,0
CUST-16139,49,Male,Boston,68713.8,13,229.4,62.3,8.2,0.48,2838.37,1
CUST-16140,32,Male,Austin,49120.06,7,91.22,90.2,5.1,0.58,605.84,1
CUST-16141,37,Female,Austin,130317.02,7,183.92,86.7,6.7,0.29,1540.18,1
CUST-16142,37,Female,San Francisco,72064.44,4,152.14,82.0,4.5,0.49,753.01,1
CUST-16143,46,Female,New York,99859.16,6,236.75,56.0,5.7,0.29,1548.79,0
CUST-16144,45,Male,New York,51539.98,11,78.95,82.4,8.1,0.85,848.14,1
CUST-16145,35,Male,Miami,18693.61,10,19.69,55.8,2.7,0.55,192.1,1
CUST-16146,38,Female,Seattle,51003.22,6,105.81,71.1,5.2,0.39,744.68,1
CUST-16147,33,Male,San Francisco,26049.34,4,71.98,48.8,0.6,0.54,356.77,0
CUST-16148,20,Male,Los Angeles,55344.39,8,83.01,72.3,0.7,0.58,763.71,0
CUST-16149,41,Male,Phoenix,101616.68,9,250.44,72.3,9.2,0.43,2237.11,1
CUST-16150,60,Male,Los Angeles,39621.19,12,83.68,96.1,14.3,0.75,910.62,1
CUST-16151,27,Male,Chicago,19846.21,9,28.76,74.7,1.6,0.65,295.8,1
CUST-16152,28,Female,Chicago,120441.41,4,311.74,66.4,2.4,0.29,1500.24,0
CUST-16153,27,Male,Boston,51258.88,11,86.86,47.3,1.2,0.46,1066.8,1
CUST-16154,46,Male,Los Angeles,61814.47,6,152.53,61.6,3.7,,1022.97,0
CUST-16155,43,Female,Houston,76331.94,8,217.22,70.5,4.8,0.44,1794.27,1
CUST-16156,36,Female,Chicago,73893.23,9,84.41,70.9,5.5,0.58,818.86,1
CUST-16157,26,Female,San Francisco,110384.88,7,261.7,67.5,0.5,0.29,2031.13,0
CUST-16158,39,Female,Houston,80734.49,6,208.07,75.3,3.6,0.6,1254.53,0
CUST-16159,19,Female,Boston,27153.58,5,44.7,59.2,0.5,0.61,280.14,0
CUST-16160,39,Female,New York,36059.68,5,100.32,71.2,2.2,0.45,551.26,0
CUST-16161,48,Female,Los Angeles,111898.42,4,237.08,69.3,1.4,0.33,1232.46,0
CUST-16162,22,Female,Miami,34816.17,7,26.53,74.3,1.1,0.67,278.09,0
CUST-16163,19,Female,Chicago,40638.34,6,129.45,82.9,0.5,0.56,738.66,0
CUST-16164,56,Male,New York,38897.42,8,83.91,67.7,9.8,0.74,679.17,1
CUST-16165,30,Female,Houston,42033.94,7,59.91,49.7,2.0,0.54,480.2,0
CUST-16166,51,Female,Phoenix,40944.86,2,93.17,75.6,3.5,0.67,241.12,0
CUST-16167,36,Female,New York,45769.55,8,116.35,66.3,2.0,0.66,903.44,0
CUST-16168,36,Male,Los Angeles,36798.8,5,90.66,62.8,0.8,0.54,491.96,0
CUST-16169,43,Male,Miami,60357.36,10,114.03,80.5,2.3,0.62,1173.78,1
CUST-16170,27,Female,Houston,34367.69,3,33.13,56.3,3.0,0.54,222.52,0
CUST-16171,39,Male,New York,54011.29,3,140.95,49.7,0.5,0.5,545.62,0
CUST-16172,33,Female,Los Angeles,20881.58,6,34.68,80.1,0.7,0.64,265.21,0
CUST-16173,22,Female,Phoenix,128507.12,7,192.76,61.1,0.6,0.24,1654.1,0
CUST-16174,42,Female,New York,117127.29,6,226.27,58.3,4.3,0.34,1570.28,1
CUST-16175,34,Female,Miami,40187.19,9,80.22,71.2,2.5,0.53,794.81,1
CUST-16176,36,Female,San Francisco,48384.35,1,76.07,74.0,1.7,0.54,255.13,0
CUST-16177,23,Female,Chicago,57195.73,8,80.95,,0.7,0.61,755.34,0
CUST-16178,57,Female,Boston,64476.41,7,92.27,88.3,14.1,0.7,798.16,1
CUST-16179,48,Female,Chicago,30055.68,9,18.56,86.4,11.0,0.76,212.7,1
CUST-16180,49,Other,Los Angeles,18000.0,4,46.37,85.8,9.7,0.74,217.98,1
CUST-16181,34,Female,San Francisco,58304.48,5,162.66,72.0,2.0,0.45,867.64,0
CUST-16182,18,Female,Houston,23553.26,5,75.05,73.2,0.5,0.56,405.98,0
CUST-16183,61,Male,Los Angeles,67876.96,14,147.71,63.9,10.2,0.43,2078.27,1
CUST-16184,37,Male,Los Angeles,68104.78,8,94.43,64.4,2.6,0.4,839.0,1
CUST-16185,29,Male,Chicago,34967.83,12,86.2,56.7,2.6,0.49,976.57,0
CUST-16186,43,Male,Los Angeles,47689.66,7,67.28,86.4,6.7,0.69,520.21,1
CUST-16187,52,Female,San Francisco,183137.6,13,200.35,67.5,7.3,0.01,3194.98,1
CUST-16188,37,Male,Phoenix,71840.51,4,161.02,70.0,3.4,0.55,815.18,0
CUST-16189,53,Female,Chicago,45372.6,10,117.52,65.5,5.2,0.54,1159.94,1
CUST-16190,50,Male,Chicago,178933.56,8,432.38,73.8,10.1,,3776.84,1
CUST-16191,25,Male,Chicago,31267.09,7,51.88,,2.2,0.85,381.26,0
CUST-16192,29,Male,Los Angeles,41498.58,10,116.14,57.2,3.2,0.55,1146.69,0
CUST-16193,49,Female,New York,69206.32,6,115.24,61.3,5.0,0.44,883.27,1
CUST-16194,18,Male,Los Angeles,28977.02,5,53.01,67.3,0.5,0.68,314.59,0
CUST-16195,36,Male,Los Angeles,152499.49,8,253.77,84.0,6.9,0.29,2295.82,1
CUST-16196,20,Female,Houston,56403.29,4,153.71,58.1,0.7,0.46,682.09,0
CUST-16197,32,Male,Miami,34673.54,7,110.57,86.9,2.6,0.82,725.63,1
CUST-16198,34,Male,Chicago,71159.82,7,170.82,56.2,5.2,0.47,1240.26,1
CUST-16199,33,Female,Boston,69936.96,7,53.7,84.9,3.9,0.55,536.85,1
CUST-16200,31,Male,Miami,44195.63,10,56.53,61.2,4.6,0.55,628.22,1
CUST-16201,24,Male,Austin,32566.93,9,114.66,53.4,1.9,0.58,960.77,0
CUST-16202,65,Male,Seattle,33025.58,6,34.52,70.7,11.7,0.6,267.87,1
CUST-16203,60,Male,Phoenix,145515.8,8,239.03,83.9,10.2,0.33,2231.9,1
CUST-16204,24,Female,Phoenix,24791.89,7,56.5,45.6,0.7,0.47,386.29,0
CUST-16205,56,Male,New York,170943.33,16,336.48,64.5,7.5,0.02,4800.0,1
CUST-16206,33,Female,San Francisco,49716.53,6,55.5,,0.8,0.62,458.94,0
CUST-16207,39,Female,Phoenix,72377.86,9,153.95,64.6,4.0,0.51,1431.53,0
CUST-16208,37,Male,Houston,64953.26,6,179.12,70.3,5.6,0.46,1178.96,1
CUST-16209,30,Other,San Francisco,105786.86,6,173.26,74.6,2.3,0.21,1295.7,0
CUST-16210,49,Male,Chicago,82026.47,5,186.32,67.2,0.5,0.43,1145.08,0
CUST-16211,39,Male,Houston,22992.51,4,51.16,64.5,3.4,0.6,220.36,0
CUST-16212,32,Male,Chicago,40563.23,7,80.35,68.3,0.8,0.59,586.85,0
CUST-16213,22,Male,San Francisco,38271.02,7,82.78,77.1,1.4,0.76,597.72,0
CUST-16214,27,Female,Seattle,74443.38,5,137.81,57.0,2.9,,875.47,0
CUST-16215,18,Male,Seattle,34942.93,7,52.51,67.8,0.5,0.47,444.08,0
CUST-16216,38,Female,Miami,19114.13,7,38.31,41.3,0.7,0.59,264.3,0
CUST-16217,23,Female,New York,64949.54,6,147.59,83.9,0.5,0.57,954.22,0
CUST-16218,34,Male,Boston,21542.48,8,53.77,87.2,5.8,0.67,443.6,1
CUST-16219,54,Female,Los Angeles,70907.47,6,116.4,52.7,2.2,0.56,824.21,0
CUST-16220,52,Female,Seattle,36110.13,8,45.05,80.8,9.3,0.71,452.76,1
CUST-16221,37,Male,New York,48041.22,8,99.65,43.6,6.1,0.47,812.66,0
CUST-16222,36,Male,Chicago,18189.18,7,35.62,89.4,3.5,0.85,253.52,1
CUST-16223,60,Male,San Francisco,173082.45,9,301.24,63.7,8.4,0.19,3080.5,1
CUST-16224,44,Female,Phoenix,23463.05,11,54.2,72.0,2.8,,559.92,0
CUST-16225,34,Female,Chicago,47419.53,8,144.27,62.4,5.9,0.49,1110.92,1
CUST-16226,20,Male,San Francisco,30964.69,6,70.66,87.6,0.6,0.61,430.62,0
CUST-16227,42,Female,Houston,33889.92,13,98.16,65.7,2.5,0.57,1169.34,0
CUST-16228,47,Female,Los Angeles,149592.89,7,423.04,44.9,6.3,0.03,3399.53,1
CUST-16229,30,Female,Phoenix,56578.13,10,96.33,70.6,1.3,0.41,984.67,0
CUST-16230,41,Male,Los Angeles,43388.36,7,61.96,75.3,6.5,0.57,558.82,1
CUST-16231,33,Male,San Francisco,74561.94,8,91.49,57.8,3.3,0.54,927.13,1
CUST-16232,35,Male,New York,55261.13,8,148.29,72.2,1.4,0.68,1149.06,0
CUST-16233,18,Female,Houston,49143.33,5,86.97,65.4,0.5,0.53,526.81,0
CUST-16234,35,Female,Chicago,82514.1,5,155.65,73.6,1.4,0.3,1002.74,1
CUST-16235,49,Male,Los Angeles,52797.17,5,73.16,53.0,2.1,0.52,516.82,0
CUST-16236,30,Male,Houston,57451.85,6,153.95,63.8,1.8,0.53,963.1,0
CUST-16237,38,Male,Phoenix,54879.07,5,101.72,76.3,6.7,0.74,579.42,0
CUST-16238,28,Female,Austin,50626.85,7,92.28,70.1,0.7,0.53,701.25,1
CUST-16239,42,Female,Seattle,46872.22,4,98.09,59.9,1.7,0.56,474.57,0
CUST-16240,35,Female,San Francisco,58330.51,5,97.27,76.3,2.4,0.5,605.49,1
CUST-16241,26,Male,Chicago,80691.04,4,131.02,49.3,2.0,0.36,704.36,0
CUST-16242,53,Male,Chicago,84119.91,11,186.14,100.0,10.8,0.56,1991.25,1
CUST-16243,49,Female,New York,41407.09,6,71.6,95.1,11.5,0.55,480.66,1
CUST-16244,30,Other,Los Angeles,54680.76,4,102.6,78.8,2.3,0.67,543.83,0
CUST-16245,43,Female,Seattle,46475.6,7,93.66,63.0,1.5,0.63,700.91,0
CUST-16246,44,Female,Chicago,84860.7,12,226.09,55.1,2.6,0.38,2766.66,1
CUST-16247,45,Female,Chicago,44944.72,5,32.94,75.6,3.5,0.63,209.27,0
CUST-16248,18,Male,Los Angeles,187254.48,7,293.8,76.0,0.5,0.05,2563.07,1
CUST-16249,50,Female,Los Angeles,69474.19,10,122.32,72.0,8.9,,1315.14,1
CUST-16250,31,Female,New York,132072.04,9,156.22,64.5,1.5,0.24,1736.31,1
CUST-16251,33,Other,Phoenix,29358.4,6,64.26,72.3,5.1,0.77,452.44,1
CUST-16252,69,Male,Chicago,57219.57,8,123.3,69.0,13.0,0.52,1024.06,1
CUST-16253,41,Male,Phoenix,66351.79,10,167.47,86.0,8.2,0.46,1697.58,1
CUST-16254,33,Female,Houston,30701.19,4,43.4,62.8,2.0,0.58,193.5,0
CUST-16255,18,Male,Miami,51993.71,5,132.15,73.8,0.5,0.53,724.49,0
CUST-16256,54,Male,San Francisco,128335.31,9,212.52,60.4,1.9,0.24,2257.72,1
CUST-16257,21,Male,Miami,43694.68,4,91.69,47.5,0.8,0.56,449.8,0
CUST-16258,25,Female,Houston,33618.46,5,80.18,82.4,1.5,0.74,399.1,0
CUST-16259,34,Female,Los Angeles,153467.13,8,417.68,100.0,5.6,0.2,3685.68,1
CUST-16260,54,Male,Boston,36186.77,6,65.62,54.5,4.2,0.77,431.11,0
CUST-16261,47,Female,New York,79066.92,7,158.93,74.3,7.5,0.56,1154.18,1
CUST-16262,36,Male,New York,51326.7,16,97.48,92.8,5.8,0.8,1454.97,1
CUST-16263,41,Female,Chicago,35609.69,7,90.99,71.7,2.8,0.52,616.74,0
CUST-16264,30,Female,Phoenix,70648.21,8,105.84,45.2,1.6,0.51,1005.07,0
CUST-16265,39,Female,New York,65995.16,9,154.24,70.6,5.8,0.45,1387.54,1
CUST-16266,38,Male,San Francisco,92912.69,4,176.56,69.8,5.9,0.46,913.6,1
CUST-16267,49,Female,Houston,18000.0,10,28.01,75.1,11.9,0.79,304.94,1
CUST-16268,49,Female,Houston,66188.8,14,158.32,79.4,10.6,0.43,2159.16,1
CUST-16269,43,Female,Chicago,39675.62,13,54.87,86.6,8.3,0.61,719.93,1
CUST-16270,33,Male,Houston,20116.2,9,34.04,61.7,4.3,0.46,305.88,1
CUST-16271,46,Male,New York,187676.38,3,319.06,73.6,1.8,0.11,1449.29,1
CUST-16272,36,Female,New York,98776.14,11,175.22,87.8,5.9,0.57,1911.08,1
CUST-16273,25,Male,Los Angeles,69800.79,9,140.79,67.6,2.7,,1330.8,0
CUST-16274,33,Male,San Francisco,141659.51,12,335.27,57.3,2.6,0.32,4178.08,1
CUST-16275,39,Female,Phoenix,55183.77,7,125.34,82.5,3.0,0.61,918.44,0
CUST-16276,48,Male,Houston,34523.64,9,92.29,48.3,6.5,0.56,876.74,1
CUST-16277,35,Other,Houston,47156.3,11,102.56,89.6,6.5,0.59,1159.06,1
CUST-16278,23,Male,Houston,36663.01,6,58.11,75.7,0.6,0.54,480.42,0
CUST-16279,38,Female,Los Angeles,48512.92,5,67.18,87.9,5.8,0.47,480.63,1
CUST-16280,39,Female,New York,38997.5,6,115.93,45.6,6.9,0.51,793.41,0
CUST-16281,40,Female,Boston,40027.07,9,80.6,77.4,7.0,0.69,679.87,1
CUST-16282,49,Female,Phoenix,76262.17,7,119.09,62.7,7.2,0.49,1000.36,1
CUST-16283,50,Male,San Francisco,89546.2,12,198.5,86.2,11.8,0.43,2360.18,1
CUST-16284,30,Female,Chicago,44235.53,3,62.38,69.2,1.1,0.68,355.49,0
CUST-16285,30,Female,San Francisco,45363.19,8,147.82,89.9,1.6,0.63,1080.05,1
CUST-16286,25,Male,Phoenix,39812.69,11,67.52,54.1,1.2,0.57,827.26,0
CUST-16287,46,Female,New York,31513.76,5,64.36,49.7,0.6,0.57,375.65,0
CUST-16288,55,Male,Boston,69260.97,11,116.14,53.7,5.8,0.49,1380.92,1
CUST-16289,34,Female,Los Angeles,99957.23,5,247.44,71.2,1.4,0.44,1401.23,0
CUST-16290,35,Male,New York,238849.98,7,450.0,94.5,5.1,0.0,3851.27,1
CUST-16291,55,Female,New York,42128.31,7,48.32,69.8,6.4,0.38,402.66,1
CUST-16292,44,Female,San Francisco,119178.0,11,286.76,71.7,7.5,0.39,3241.2,1
CUST-16293,43,Male,San Francisco,53256.04,4,112.55,82.5,3.3,0.51,580.08,0
CUST-16294,23,Female,San Francisco,43141.65,3,93.05,76.3,0.7,0.58,348.97,0
CUST-16295,46,Male,Boston,36970.39,3,55.4,32.4,1.9,0.41,295.52,0
CUST-16296,26,Male,Los Angeles,66844.87,7,120.02,77.3,1.0,0.58,862.89,1
CUST-16297,24,Male,Houston,32315.75,7,50.87,62.5,0.7,0.61,402.64,0
CUST-16298,33,Male,Phoenix,35997.93,4,42.12,51.6,1.7,0.56,308.56,0
CUST-16299,30,Male,Austin,47815.71,7,90.61,87.7,3.0,0.75,679.13,0
CUST-16300,35,Female,Los Angeles,43035.39,6,77.69,54.8,2.1,0.54,471.18,0
CUST-16301,20,Male,Austin,39696.48,1,63.42,56.5,0.6,0.59,114.96,0
CUST-16302,49,Female,New York,21709.92,5,40.78,,1.1,0.52,169.29,0
CUST-16303,51,Male,Miami,53754.54,10,87.83,70.9,11.8,0.44,984.46,1
CUST-16304,18,Female,Phoenix,50436.74,6,31.13,59.6,0.5,0.52,274.42,0
CUST-16305,49,Female,Miami,34545.56,8,79.24,68.5,4.6,0.79,651.79,1
CUST-16306,28,Male,New York,87579.02,6,226.76,,1.8,0.33,1531.07,0
CUST-16307,48,Female,New York,147054.47,9,328.97,76.2,9.4,0.26,3186.84,1
CUST-16308,37,Female,New York,74005.49,11,120.67,63.6,3.9,0.4,1443.74,1
CUST-16309,38,Female,Phoenix,94823.1,10,271.04,69.2,3.4,0.23,2794.73,1
CUST-16310,35,Male,Phoenix,149298.87,3,365.4,83.6,4.9,0.37,1423.35,1
CUST-16311,52,Male,Boston,230402.69,12,434.33,68.8,8.3,0.0,4800.0,1
CUST-16312,23,Female,Chicago,31403.42,10,64.69,67.9,0.6,0.57,622.46,0
CUST-16313,45,Female,New York,40480.4,7,88.82,60.7,3.7,0.46,683.49,1
CUST-16314,51,Male,Los Angeles,49888.56,13,108.69,99.4,12.9,0.85,1245.71,1
CUST-16315,46,Male,New York,77999.85,8,194.09,56.0,5.7,0.51,1543.7,1
CUST-16316,65,Female,Miami,113781.21,8,233.47,90.9,6.7,0.54,1919.33,1
CUST-16317,31,Female,Miami,70426.67,9,148.6,52.1,1.2,,1339.92,0
CUST-16318,49,Female,Austin,32652.17,11,61.87,100.0,10.5,0.74,653.82,1
CUST-16319,36,Male,Chicago,41896.66,8,88.47,56.6,1.4,0.54,722.71,0
CUST-16320,52,Male,New York,71618.2,6,123.58,52.5,1.9,0.35,864.56,0
CUST-16321,37,Male,Los Angeles,29589.71,7,71.48,57.9,3.6,0.53,559.32,0
CUST-16322,33,Male,Phoenix,49093.1,9,104.13,59.9,2.9,0.54,1003.35,0
CUST-16323,53,Male,Austin,32895.54,11,76.05,75.4,13.7,0.6,887.55,1
CUST-16324,32,Female,New York,32040.12,6,50.24,69.9,1.2,0.6,358.57,0
CUST-16325,21,Female,New York,45552.1,3,97.52,55.0,0.8,0.49,370.01,0
CUST-16326,31,Female,San Francisco,93151.53,4,175.27,39.8,1.4,0.22,938.44,0
CUST-16327,45,Male,San Francisco,92830.46,8,239.22,63.3,7.7,0.38,2047.3,1
CUST-16328,54,Male,Los Angeles,65387.66,8,73.47,71.6,5.9,0.62,687.5,1
CUST-16329,39,Male,Miami,84500.57,12,123.11,85.8,5.6,0.56,1517.08,1
CUST-16330,53,Male,New York,113879.51,11,208.94,90.1,5.1,0.32,2429.91,1
CUST-16331,21,Female,Boston,72006.54,5,178.04,74.7,0.9,0.66,995.01,0
CUST-16332,32,Male,Los Angeles,64405.41,11,120.85,87.6,2.9,0.62,1355.0,1
CUST-16333,34,Male,New York,78032.29,9,140.63,82.8,2.7,0.56,1323.4,1
CUST-16334,36,Male,Los Angeles,57869.13,7,147.12,53.9,4.1,0.5,1109.03,1
CUST-16335,39,Male,New York,24659.89,10,50.13,78.3,3.5,0.79,446.44,1
CUST-16336,46,Female,Houston,90803.14,9,137.29,80.5,9.1,0.4,1346.99,1
CUST-16337,32,Male,San Francisco,92524.95,9,142.44,92.2,3.0,0.51,1404.62,0
CUST-16338,39,Female,Houston,28016.33,5,34.18,70.2,7.6,0.59,266.57,1
CUST-16339,37,Female,San Francisco,154876.07,11,390.5,79.1,2.1,0.38,4356.38,1
CUST-16340,26,Male,Chicago,42353.24,8,64.16,86.5,0.8,0.75,509.92,0
CUST-16341,36,Male,New York,69301.38,10,159.56,70.4,3.1,0.46,1568.99,1
CUST-16342,36,Female,Austin,99418.95,5,217.6,80.5,1.7,0.36,1278.96,0
CUST-16343,36,Female,Miami,57456.1,5,110.85,56.8,3.1,0.41,653.8,0
CUST-16344,38,Male,New York,142599.11,8,186.42,68.6,2.1,0.19,1908.24,1
CUST-16345,38,Male,Chicago,47702.52,9,96.31,96.2,7.0,0.61,902.78,1
CUST-16346,32,Male,Phoenix,113575.84,8,161.09,84.2,3.4,0.51,1427.56,0
CUST-16347,53,Male,New York,49573.08,8,102.88,70.7,7.2,0.59,870.48,1
CUST-16348,23,Male,Houston,99460.7,11,269.87,47.9,1.7,0.3,3064.41,0
CUST-16349,29,Male,Houston,18000.0,6,33.01,47.0,1.0,0.46,199.81,0
CUST-16350,71,Male,Los Angeles,35942.15,10,25.4,62.2,12.9,0.49,309.6,1
CUST-16351,25,Male,New York,84887.97,9,223.64,67.8,1.6,0.34,2072.42,0
CUST-16352,21,Male,San Francisco,62084.37,7,176.86,64.1,0.6,0.44,1322.11,0
CUST-16353,46,Female,Los Angeles,60017.27,9,110.68,73.6,9.3,0.6,1081.67,1
CUST-16354,18,Female,Los Angeles,63613.91,6,103.34,67.0,0.5,0.51,706.12,0
CUST-16355,35,Female,San Francisco,41815.44,7,132.05,62.8,4.3,0.67,861.64,0
CUST-16356,63,Male,San Francisco,43412.71,17,91.01,82.1,13.5,0.44,1419.26,1
CUST-16357,19,Female,Los Angeles,69970.08,4,154.94,50.0,0.5,0.34,825.2,0
CUST-16358,18,Male,Seattle,48531.92,9,122.14,75.5,0.5,0.69,1019.03,0
CUST-16359,20,Female,San Francisco,326258.9,6,400.18,,0.6,0.52,2469.05,0
CUST-16360,48,Male,Los Angeles,56601.36,7,123.24,87.2,9.1,0.6,869.73,1
CUST-16361,51,Male,Chicago,81484.31,5,153.99,92.7,3.5,0.69,912.91,1
CUST-16362,31,Female,San Francisco,94645.92,10,222.96,92.3,4.4,0.46,2252.93,1
CUST-16363,46,Female,Los Angeles,46128.28,6,49.57,56.1,4.2,0.49,373.19,0
CUST-16364,54,Female,Chicago,21133.73,8,73.41,62.3,6.9,0.58,571.41,1
CUST-16365,59,Male,Phoenix,88177.77,12,202.39,74.5,13.4,0.37,2364.55,1
CUST-16366,35,Male,Houston,31547.58,10,60.54,100.0,5.6,0.76,586.46,1
CUST-16367,18,Male,Phoenix,39845.33,2,38.39,81.9,0.5,0.67,154.5,0
CUST-16368,28,Female,Houston,47728.57,2,138.33,70.0,1.8,0.48,435.25,0
CUST-16369,32,Female,New York,71296.24,4,193.04,59.9,1.3,0.43,906.46,0
CUST-16370,34,Female,Chicago,92020.76,10,184.13,46.6,5.9,0.29,1928.5,1
CUST-16371,35,Male,Houston,51617.64,6,133.0,72.2,3.6,0.7,817.9,0
CUST-16372,51,Female,Miami,48292.41,8,117.98,87.3,11.8,0.69,967.61,1
CUST-16373,53,Male,Phoenix,81134.82,8,205.25,73.1,10.4,0.52,1624.32,1
CUST-16374,35,Male,Chicago,76812.01,11,101.12,,6.0,0.56,1185.0,1
CUST-16375,51,Female,Austin,41254.89,8,112.45,82.7,8.8,0.67,876.14,1
CUST-16376,42,Female,New York,41213.74,7,83.75,73.2,7.9,0.62,592.39,1
CUST-16377,38,Male,Los Angeles,41270.86,4,61.29,57.7,1.4,0.76,303.59,0
CUST-16378,48,Male,Los Angeles,60788.27,13,157.94,85.5,11.6,0.55,1925.2,1
CUST-16379,38,Male,Los Angeles,33414.16,9,42.7,70.6,1.9,0.74,407.05,0
CUST-16380,62,Male,Phoenix,51022.19,10,110.92,57.1,0.9,0.39,1144.89,0
CUST-16381,20,Male,New York,68562.8,7,123.06,68.8,0.7,0.62,919.29,0
CUST-16382,31,Male,New York,20513.64,11,57.72,80.7,3.8,0.72,611.96,1
CUST-16383,36,Male,Los Angeles,30843.29,7,27.53,59.8,5.3,0.61,254.35,0
CUST-16384,43,Female,San Francisco,18000.0,4,28.07,67.6,3.7,0.67,95.64,0
CUST-16385,53,Female,Seattle,57021.98,9,83.93,100.0,10.7,0.75,787.72,1
CUST-16386,37,Male,Miami,88054.7,15,110.81,52.7,6.5,0.38,1702.41,1
CUST-16387,20,Other,New York,28417.93,4,90.16,71.3,0.7,0.72,375.97,0
CUST-16388,48,Female,Houston,26570.67,9,57.15,62.6,4.9,0.68,498.06,1
CUST-16389,47,Male,New York,67388.9,11,65.91,73.0,7.3,0.59,852.66,0
CUST-16390,18,Male,Los Angeles,36603.0,7,59.99,79.0,0.5,0.63,466.45,0
CUST-16391,37,Female,Miami,30162.97,8,61.73,76.1,6.9,0.6,497.27,1
CUST-16392,18,Female,Chicago,74576.98,6,167.5,78.2,0.5,0.52,1054.31,0
CUST-16393,30,Female,New York,57105.57,9,163.82,57.3,1.0,0.49,1471.35,1
CUST-16394,27,Female,Chicago,27049.61,4,10.0,60.6,0.5,0.68,152.81,0
CUST-16395,47,Male,New York,25751.46,3,36.28,69.1,6.0,0.6,165.56,0
CUST-16396,39,Male,Chicago,171612.46,4,399.53,77.5,3.9,0.24,1932.92,1
CUST-16397,22,Male,Houston,90477.93,6,226.86,46.0,1.1,0.32,1516.29,0
CUST-16398,48,Male,Los Angeles,49709.2,13,140.98,74.3,8.4,0.61,1704.11,1
CUST-16399,20,Male,Boston,67931.19,7,184.64,74.7,0.6,0.53,1332.09,0
CUST-16400,41,Male,Houston,40313.48,5,93.17,82.0,2.3,0.62,528.9,0
CUST-16401,28,Male,Seattle,87410.61,4,190.84,57.1,1.9,0.34,893.9,0
CUST-16402,33,Male,Miami,33577.1,10,94.19,47.6,0.5,0.45,958.56,0
CUST-16403,44,Male,San Francisco,57808.18,10,80.81,76.2,8.7,0.58,879.07,1
CUST-16404,44,Male,Houston,64628.26,9,207.43,68.8,4.3,0.52,1803.43,1
CUST-16405,54,Male,New York,151302.16,11,343.94,76.8,9.2,0.26,4003.98,1
CUST-16406,37,Male,Phoenix,70639.66,6,181.83,60.4,2.8,0.57,1196.69,0
CUST-16407,41,Female,Los Angeles,115464.56,8,238.57,54.2,5.8,0.36,2170.01,1
CUST-16408,32,Female,New York,62560.91,6,157.35,67.6,3.3,0.54,996.5,1
CUST-16409,40,Male,Chicago,41659.51,3,104.59,73.3,2.2,0.52,385.5,0
CUST-16410,43,Male,San Francisco,28775.56,11,71.45,,6.4,0.8,717.64,1
CUST-16411,36,Female,Austin,61784.6,7,114.34,44.5,1.2,0.39,897.54,0
CUST-16412,18,Female,Chicago,68755.61,5,127.69,51.7,0.5,0.51,723.97,0
CUST-16413,41,Female,Houston,44298.41,6,69.63,74.0,6.8,0.5,463.0,1
CUST-16414,42,Male,Seattle,45926.28,11,146.91,75.7,5.5,0.58,1521.81,1
CUST-16415,29,Female,Los Angeles,116013.71,8,211.02,82.3,3.4,0.35,1880.99,1
CUST-16416,22,Female,New York,100308.6,10,250.17,77.7,0.8,0.54,2489.51,0
CUST-16417,55,Female,Los Angeles,120111.37,12,137.84,39.5,1.2,0.36,1857.9,1
CUST-16418,43,Male,Boston,40357.48,10,96.08,79.3,1.0,0.55,940.91,0
CUST-16419,35,Female,New York,51327.79,8,120.82,66.0,2.2,0.74,950.63,1
CUST-16420,24,Female,Los Angeles,113703.63,8,230.6,68.0,1.3,0.22,2136.15,1
CUST-16421,28,Female,Chicago,55554.32,11,167.62,92.3,2.4,0.69,1750.18,1
CUST-16422,53,Male,Seattle,50949.56,10,91.53,100.0,10.7,0.58,904.76,1
CUST-16423,39,Female,Boston,50643.39,7,141.98,67.9,7.1,0.54,998.03,1
CUST-16424,31,Male,Chicago,56570.89,6,95.97,65.4,3.8,0.63,682.26,0
CUST-16425,44,Male,Boston,107344.38,8,148.65,100.0,5.1,0.39,1304.07,1
CUST-16426,28,Female,New York,67497.66,6,172.22,70.8,1.4,0.47,1080.85,0
CUST-16427,56,Male,New York,108593.95,7,182.07,64.5,6.7,0.35,1497.46,1
CUST-16428,54,Female,Boston,82126.04,5,125.11,57.0,4.3,0.46,821.27,0
CUST-16429,32,Female,Houston,33174.51,6,64.15,84.3,3.7,0.8,410.52,0
CUST-16430,30,Male,New York,47124.1,10,113.71,69.1,4.0,0.69,1085.05,1
CUST-16431,18,Female,Houston,41092.19,3,92.75,45.8,0.5,0.36,326.32,0
CUST-16432,20,Female,Miami,26378.06,4,94.67,82.7,0.5,0.58,375.55,0
CUST-16433,21,Male,Miami,39800.6,3,116.63,61.8,1.2,0.61,406.43,0
CUST-16434,39,Female,Seattle,144330.38,8,240.5,62.3,2.8,0.22,2224.81,1
CUST-16435,34,Male,Houston,50666.06,8,58.99,64.3,5.9,0.53,532.41,1
CUST-16436,21,Male,Seattle,46162.23,3,106.36,49.8,1.1,0.31,461.76,0
CUST-16437,34,Male,Houston,134131.91,6,344.29,64.8,2.9,0.22,2394.72,1
CUST-16438,44,Male,Phoenix,30617.62,3,85.16,63.5,1.1,0.67,319.75,0
CUST-16439,44,Male,San Francisco,46888.64,11,88.27,87.8,9.9,0.6,1002.06,1
CUST-16440,18,Other,Chicago,105191.0,9,199.79,64.9,0.5,0.31,1916.37,1
CUST-16441,36,Female,New York,101799.82,9,263.85,76.4,2.2,0.41,2428.68,0
CUST-16442,21,Female,Los Angeles,58380.23,6,132.15,90.9,0.9,0.76,831.05,0
CUST-16443,48,Male,Phoenix,73909.3,9,200.95,72.5,7.8,0.51,1806.7,1
CUST-16444,47,Female,New York,84999.83,8,234.06,55.5,3.0,0.44,1890.33,0
CUST-16445,27,Male,New York,40417.11,10,125.29,74.3,0.8,0.65,1143.79,0
CUST-16446,28,Male,Los Angeles,18787.92,6,36.02,56.4,1.4,0.47,228.85,0
CUST-16447,32,Male,New York,55073.95,7,135.24,91.5,0.7,0.56,954.55,0
CUST-16448,18,Male,San Francisco,130474.7,7,251.99,83.3,0.5,0.46,1906.23,0
CUST-16449,42,Male,Los Angeles,50288.26,5,98.5,,1.9,0.56,630.68,0
CUST-16450,34,Female,New York,92056.08,4,246.79,58.8,1.4,0.39,1159.97,0
CUST-16451,49,Female,San Francisco,83176.07,8,198.04,63.6,3.5,0.41,1672.68,1
CUST-16452,24,Male,Seattle,29038.95,8,80.51,63.8,2.3,0.6,638.53,0
CUST-16453,30,Male,New York,59689.22,4,74.45,78.5,3.0,0.42,452.2,1
CUST-16454,19,Male,Los Angeles,74548.23,3,115.96,60.0,0.5,0.59,504.91,0
CUST-16455,25,Female,Boston,43859.58,11,104.87,89.8,1.8,0.76,1120.02,0
CUST-16456,23,Female,Chicago,47454.24,13,100.34,58.3,0.5,0.63,1232.47,0
CUST-16457,49,Female,Boston,79078.4,12,183.02,62.8,11.1,0.49,2195.89,1
CUST-16458,29,Female,Los Angeles,64606.93,2,78.97,84.5,2.6,0.61,354.16,0
CUST-16459,39,Male,Los Angeles,105157.74,4,189.28,81.6,4.1,0.37,1055.12,0
CUST-16460,33,Other,Los Angeles,75478.07,6,162.03,77.2,5.7,0.49,1037.06,0
CUST-16461,22,Male,New York,45350.64,6,84.67,67.4,1.3,0.47,630.92,0
CUST-16462,35,Male,Boston,51202.73,4,67.06,72.0,2.6,0.64,325.19,0
CUST-16463,45,Female,Austin,60201.85,10,110.38,91.1,10.1,0.72,1066.09,1
CUST-16464,23,Male,Austin,116368.57,10,240.71,83.0,1.8,0.43,2488.29,1
CUST-16465,47,Female,Seattle,53443.52,9,155.36,79.9,11.1,0.61,1344.59,1
CUST-16466,27,Male,Seattle,28477.2,11,70.78,93.1,0.8,0.74,702.04,0
CUST-16467,32,Female,San Francisco,94537.86,9,253.26,68.4,5.4,0.52,2227.43,1
CUST-16468,44,Male,Miami,35274.22,12,80.19,58.5,5.9,0.53,933.09,1
CUST-16469,30,Male,Los Angeles,32764.84,4,40.3,77.2,3.4,0.62,192.76,1
CUST-16470,38,Female,Chicago,57422.51,7,131.13,54.4,2.1,0.47,1036.67,0
CUST-16471,34,Female,Phoenix,79306.34,3,135.44,75.4,1.3,0.43,591.17,0
CUST-16472,39,Female,Seattle,50828.03,2,95.13,80.1,1.1,0.57,223.47,0
CUST-16473,18,Female,San Francisco,97222.67,8,222.12,80.4,0.5,0.48,1911.43,1
CUST-16474,18,Female,Seattle,95234.77,9,143.61,75.4,0.5,0.46,1326.58,1
CUST-16475,45,Female,Chicago,84515.35,7,192.3,44.4,1.3,0.4,1495.05,0
CUST-16476,50,Male,San Francisco,52592.88,11,171.69,96.4,12.2,0.56,1783.29,1
CUST-16477,27,Male,Austin,34022.22,5,74.74,57.7,2.8,0.55,404.33,1
CUST-16478,35,Male,New York,44699.97,6,76.95,,3.8,0.5,497.05,1
CUST-16479,41,Female,Boston,96549.29,7,192.08,57.3,7.0,0.4,1583.41,0
CUST-16480,46,Male,Houston,71854.84,10,117.08,64.8,7.0,0.47,1226.28,1
CUST-16481,18,Female,Phoenix,30214.11,8,85.69,72.9,0.5,0.58,671.58,0
CUST-16482,27,Female,Seattle,196706.01,5,450.0,72.0,2.5,0.07,2817.76,0
CUST-16483,34,Female,Chicago,33210.06,8,91.64,76.4,4.5,0.6,694.82,1
CUST-16484,46,Male,Chicago,93762.68,8,136.79,40.9,3.0,0.23,1309.93,0
CUST-16485,67,Male,Houston,110033.42,9,278.85,68.0,5.1,0.47,2567.46,1
CUST-16486,35,Female,New York,77264.0,9,211.07,90.6,2.9,0.6,1818.06,1
CUST-16487,21,Male,Houston,35025.96,5,105.01,58.1,0.9,0.48,550.97,0
CUST-16488,42,Male,Los Angeles,42865.51,8,88.06,59.1,1.7,0.55,710.19,0
CUST-16489,53,Male,Boston,57026.79,8,146.56,62.8,10.5,0.62,1197.42,1
CUST-16490,39,Male,New York,125560.12,10,377.95,72.8,3.2,0.34,3888.19,1
CUST-16491,27,Male,Chicago,31221.19,11,52.12,95.2,2.6,0.68,568.34,1
CUST-16492,49,Female,Boston,25924.37,8,38.11,80.7,11.6,0.55,332.9,1
CUST-16493,45,Male,Boston,77913.07,4,149.59,87.6,9.5,0.4,723.99,1
CUST-16494,25,Female,San Francisco,101445.66,6,187.88,73.4,2.2,0.43,1281.51,1
CUST-16495,42,Male,Phoenix,130434.21,4,240.93,70.4,2.3,0.25,1282.85,0
CUST-16496,49,Female,Los Angeles,31213.39,13,23.24,67.3,9.2,,421.46,1
CUST-16497,52,Female,Chicago,53177.3,9,74.0,71.2,8.8,0.48,790.51,1
CUST-16498,37,Male,New York,130747.51,8,243.5,63.4,6.0,0.31,2203.03,1
CUST-16499,33,Male,Miami,54673.68,7,163.3,66.2,5.3,0.59,1138.76,1
CUST-16500,52,Male,Los Angeles,56502.62,2,78.43,65.9,4.6,0.57,246.35,1
CUST-16501,23,Female,San Francisco,112580.63,7,271.69,80.2,1.5,0.35,2042.85,0
CUST-16502,43,Female,Los Angeles,46169.17,9,90.26,59.7,3.1,0.56,853.54,1
CUST-16503,21,Female,Chicago,87072.43,7,232.43,70.7,0.7,0.49,1688.86,0
CUST-16504,50,Male,Houston,27499.56,8,12.52,80.1,6.9,0.69,146.57,1
CUST-16505,34,Male,Miami,24076.48,7,56.29,69.2,3.1,0.59,386.57,1
CUST-16506,53,Male,Los Angeles,54337.39,16,80.01,89.1,8.6,0.57,1285.47,1
CUST-16507,43,Male,Chicago,18000.0,14,29.71,78.1,7.7,0.55,430.04,1
CUST-16508,23,Female,New York,76302.0,8,119.69,51.8,1.4,0.44,1079.42,0
CUST-16509,55,Male,New York,30755.49,16,79.64,100.0,14.4,0.77,1112.47,1
CUST-16510,56,Female,Phoenix,56153.81,10,119.87,70.2,11.2,0.49,1235.67,1
CUST-16511,48,Female,New York,80244.56,9,129.83,98.3,11.8,0.53,1253.59,1
CUST-16512,28,Female,New York,70694.52,6,154.0,84.5,3.1,0.6,971.34,1
CUST-16513,34,Male,Boston,80864.15,6,104.32,61.5,3.5,0.46,818.55,0
CUST-16514,39,Female,Houston,56999.94,6,126.1,89.9,3.7,0.58,789.1,1
CUST-16515,29,Other,New York,63171.23,11,123.01,93.7,3.4,0.64,1347.41,1
CUST-16516,58,Female,New York,182701.34,12,450.0,58.3,10.5,0.04,4800.0,1
CUST-16517,39,Female,New York,89032.78,4,151.26,68.2,5.8,0.55,778.17,1
CUST-16518,18,Female,Chicago,83679.07,8,201.78,67.3,0.5,0.32,1659.55,1
CUST-16519,42,Female,San Francisco,129704.25,7,252.95,77.6,8.4,0.46,1896.02,1
CUST-16520,33,Male,Phoenix,68098.75,5,109.66,82.7,1.8,0.6,681.14,0
CUST-16521,37,Female,New York,205155.0,7,302.15,56.2,4.5,0.0,2674.82,1
CUST-16522,33,Female,Phoenix,52978.58,6,80.35,69.2,3.8,0.66,595.62,1
CUST-16523,47,Other,Chicago,56687.53,7,91.77,85.2,3.8,0.66,642.87,1
CUST-16524,51,Female,Chicago,41109.89,11,102.32,85.5,13.0,0.77,1019.2,1
CUST-16525,41,Male,Miami,45277.69,9,102.46,87.9,7.3,0.68,894.51,1
CUST-16526,33,Female,Los Angeles,43223.93,4,61.92,50.2,2.3,0.31,413.71,0
CUST-16527,37,Female,New York,102612.04,7,229.2,89.0,3.0,0.57,1713.92,1
CUST-16528,38,Male,Seattle,42915.37,15,86.87,92.5,5.9,0.66,1179.39,1
CUST-16529,28,Male,Los Angeles,64644.48,6,72.83,65.4,0.5,0.46,621.76,0
CUST-16530,44,Female,Los Angeles,82416.04,4,104.51,65.7,5.1,0.43,634.25,0
CUST-16531,43,Male,San Francisco,81767.42,11,159.85,71.7,3.8,0.58,1716.57,0
CUST-16532,56,Male,San Francisco,48461.01,12,98.3,81.2,12.9,0.66,1175.16,1
CUST-16533,53,Male,Miami,72997.4,12,161.87,91.9,11.2,0.67,1811.2,1
CUST-16534,29,Female,New York,70082.94,3,163.36,62.5,1.8,0.56,521.63,0
CUST-16535,47,Male,Los Angeles,18000.0,11,69.48,67.5,10.1,0.64,672.03,1
CUST-16536,26,Male,New York,44731.3,10,97.98,81.3,3.0,0.56,979.07,1
CUST-16537,46,Female,Houston,103701.6,5,179.04,61.7,6.4,0.5,1146.08,1
CUST-16538,31,Female,Los Angeles,130865.17,11,172.78,66.8,1.2,0.26,2152.69,1
CUST-16539,25,Other,San Francisco,98669.17,6,96.08,88.0,2.3,0.41,762.72,0
CUST-16540,41,Male,New York,108243.55,6,198.71,52.5,3.3,0.3,1436.45,0
CUST-16541,18,Female,New York,49560.91,4,84.49,53.6,0.5,0.44,431.44,0
CUST-16542,18,Male,Chicago,49947.01,12,141.61,67.6,0.5,0.65,1618.74,0
CUST-16543,35,Female,Austin,110524.61,8,302.45,70.4,3.7,0.23,2677.89,1
CUST-16544,38,Female,Boston,80440.99,7,209.68,76.3,3.4,0.54,1434.9,0
CUST-16545,33,Male,Austin,61561.03,11,180.14,93.8,4.3,0.59,1867.36,1
CUST-16546,19,Female,Chicago,51812.46,5,99.52,51.6,0.5,0.62,556.5,0
CUST-16547,28,Male,New York,131576.09,7,315.54,71.1,2.7,0.29,2408.25,1
CUST-16548,42,Female,Los Angeles,109182.71,12,133.58,57.6,7.5,0.42,1781.26,1
CUST-16549,44,Male,San Francisco,104957.22,5,154.61,65.7,0.6,0.44,1062.95,1
CUST-16550,37,Female,New York,75602.31,10,169.76,67.6,5.8,0.48,1733.49,1
CUST-16551,51,Male,Los Angeles,52124.15,12,98.0,65.3,2.2,0.54,1189.01,1
CUST-16552,42,Male,New York,103425.98,9,197.43,81.3,6.9,0.43,1850.1,1
CUST-16553,29,Other,Chicago,32788.57,4,60.65,75.0,2.3,0.56,291.11,0
CUST-16554,34,Female,Los Angeles,39834.04,9,88.89,69.9,3.8,0.48,842.23,0
CUST-16555,21,Female,New York,35403.25,8,71.48,46.3,0.7,0.41,682.27,0
CUST-16556,36,Male,Chicago,105493.55,8,198.18,50.8,2.1,0.19,1881.32,1
CUST-16557,51,Male,Los Angeles,43452.72,5,43.86,63.9,1.4,0.42,347.19,0
CUST-16558,46,Female,Houston,62988.7,10,115.35,93.3,9.8,0.41,1186.62,1
CUST-16559,54,Female,San Francisco,71231.72,12,204.54,55.8,9.0,0.45,2390.92,1
CUST-16560,34,Male,New York,250000.0,7,450.0,52.4,6.3,0.0,3877.65,1
CUST-16561,54,Female,Miami,64193.64,11,101.92,100.0,12.3,0.49,1174.4,1
CUST-16562,35,Male,New York,28826.03,6,35.36,78.6,6.0,0.65,293.96,1
CUST-16563,55,Male,Chicago,102386.28,9,208.17,57.0,9.0,0.39,1972.57,1
CUST-16564,37,Male,Phoenix,40177.56,5,87.12,48.3,1.1,0.51,504.24,0
CUST-16565,46,Female,Austin,53897.87,12,89.07,75.9,10.3,0.5,1071.0,1
CUST-16566,55,Female,Houston,36770.48,1,44.57,46.1,2.2,0.51,178.03,0
CUST-16567,35,Male,New York,80652.97,3,102.61,61.1,3.8,0.43,526.61,0
CUST-16568,40,Female,Houston,56385.27,8,159.4,82.8,7.6,0.63,1262.5,1
CUST-16569,53,Male,Chicago,41194.15,7,91.22,69.8,6.9,0.65,698.47,1
CUST-16570,36,Female,Chicago,44122.18,7,106.49,66.8,1.6,0.43,792.24,0
CUST-16571,22,Female,New York,76937.42,8,217.97,74.5,0.9,0.65,1651.07,0
CUST-16572,63,Female,Houston,18000.0,10,42.18,79.3,14.8,0.84,416.86,1
CUST-16573,32,Male,New York,35573.49,8,62.48,93.5,5.6,0.66,539.78,1
CUST-16574,39,Female,San Francisco,174812.33,9,386.28,81.2,6.1,0.36,3678.36,1
CUST-16575,51,Female,Phoenix,57443.09,10,133.06,89.2,11.8,0.59,1309.23,1
CUST-16576,30,Other,New York,56254.99,5,84.68,58.0,0.7,0.56,513.59,0
CUST-16577,25,Other,Seattle,29001.48,10,49.96,74.4,1.1,0.64,515.65,0
CUST-16578,41,Female,Phoenix,47404.92,4,160.14,73.4,3.7,0.7,649.43,0
CUST-16579,18,Male,Los Angeles,101962.26,6,173.09,74.7,0.5,0.5,1214.68,0
CUST-16580,34,Female,New York,250000.0,8,450.0,77.5,2.7,0.0,4329.44,1
CUST-16581,40,Female,Phoenix,125576.16,6,288.56,68.0,1.3,0.18,2056.29,1
CUST-16582,34,Female,Chicago,36509.26,7,51.0,73.5,3.6,0.58,423.33,0
CUST-16583,19,Male,Boston,50737.56,6,103.32,82.6,0.5,0.4,698.33,0
CUST-16584,57,Male,New York,35043.83,3,94.53,,4.4,0.48,358.39,0
CUST-16585,39,Male,New York,48015.4,11,117.82,93.5,7.3,0.68,1169.28,1
CUST-16586,55,Male,Boston,58448.42,7,70.0,62.9,3.5,0.43,564.16,1
CUST-16587,34,Male,Austin,49599.78,8,79.97,,0.9,0.51,689.33,0
CUST-16588,27,Female,New York,204308.88,3,311.36,84.7,1.3,0.26,1458.97,0
CUST-16589,41,Male,San Francisco,39292.69,10,55.33,79.2,7.7,0.62,550.47,1
CUST-16590,35,Male,Los Angeles,60913.78,11,77.34,76.3,4.2,0.36,905.56,1
CUST-16591,23,Male,San Francisco,27031.07,10,41.8,65.1,1.4,0.79,408.01,0
CUST-16592,55,Male,Seattle,79904.62,13,110.45,62.4,0.5,0.44,1503.59,0
CUST-16593,30,Other,New York,37393.49,8,114.36,79.6,2.5,0.57,862.69,0
CUST-16594,18,Male,Los Angeles,108128.44,9,305.21,62.4,0.5,0.32,2851.23,1
CUST-16595,53,Male,New York,63233.64,9,83.92,54.5,5.0,0.33,915.03,1
CUST-16596,31,Female,New York,36283.29,10,82.05,77.9,3.3,0.75,733.53,0
CUST-16597,30,Female,New York,25559.23,10,70.48,60.8,4.3,0.85,672.61,0
CUST-16598,18,Male,Miami,31551.86,2,71.44,76.5,0.5,0.56,155.61,0
CUST-16599,58,Female,Los Angeles,70224.49,10,137.56,82.1,11.6,0.59,1383.87,1
CUST-16600,22,Female,Houston,63542.45,7,179.26,68.5,0.6,0.45,1342.27,0
CUST-16601,38,Female,Miami,40114.28,10,93.33,51.9,3.0,0.58,947.97,0
CUST-16602,48,Female,Houston,81765.05,6,122.45,64.0,3.0,0.38,921.15,0
CUST-16603,43,Other,Chicago,32238.57,8,57.75,,9.2,0.67,499.85,1
CUST-16604,37,Male,New York,18000.0,11,37.86,41.5,1.8,0.51,419.85,0
CUST-16605,18,Male,Houston,59277.41,6,94.65,60.5,0.5,0.41,682.28,0
CUST-16606,28,Male,New York,139406.93,5,207.09,61.1,1.1,0.32,1348.23,0
CUST-16607,40,Male,Miami,98555.34,6,183.81,69.4,4.4,,1236.87,1
CUST-16608,28,Female,Los Angeles,32528.03,7,66.65,66.2,1.9,0.57,512.23,0
CUST-16609,40,Female,San Francisco,57764.27,6,145.72,48.5,0.8,0.4,941.42,0
CUST-16610,46,Male,Phoenix,70020.93,6,159.94,57.2,9.3,0.53,1031.13,1
CUST-16611,49,Male,Phoenix,35635.1,11,59.0,72.3,9.8,0.54,692.65,1
CUST-16612,23,Male,Los Angeles,65673.74,4,170.9,85.3,0.9,0.8,724.07,0
CUST-16613,64,Female,Los Angeles,43544.64,12,81.16,89.7,9.4,0.78,911.35,1
CUST-16614,47,Female,Seattle,39279.15,9,73.76,75.5,4.5,0.7,657.63,1
CUST-16615,37,Female,New York,46719.54,14,73.77,71.3,6.0,0.51,1042.66,1
CUST-16616,51,Female,New York,117944.23,8,140.19,90.2,9.3,0.26,1353.53,1
CUST-16617,66,Female,Phoenix,49095.9,14,120.09,37.1,1.8,0.25,1718.55,1
CUST-16618,20,Female,Miami,97211.81,7,217.34,73.5,0.8,0.36,1690.08,1
CUST-16619,35,Male,Los Angeles,80819.4,9,215.31,61.4,1.6,0.35,2011.36,1
CUST-16620,18,Female,Phoenix,108865.9,7,140.31,64.4,0.5,0.29,1225.0,0
CUST-16621,40,Female,Houston,77477.34,7,156.14,77.8,6.6,0.51,1181.15,1
CUST-16622,42,Female,New York,106913.46,6,248.9,64.2,2.2,0.36,1644.97,0
CUST-16623,37,Other,Phoenix,45908.04,3,92.03,47.9,1.4,,431.92,0
CUST-16624,30,Female,Miami,231725.79,10,450.0,85.7,1.9,0.0,4800.0,1
CUST-16625,18,Female,Austin,63048.48,9,183.77,69.6,0.5,0.52,1635.39,1
CUST-16626,42,Female,New York,27265.92,5,61.74,83.8,2.1,0.67,355.06,0
CUST-16627,55,Male,San Francisco,86724.27,8,138.33,60.0,5.3,0.38,1239.74,1
CUST-16628,30,Female,Chicago,34809.45,7,10.0,85.7,1.7,0.69,225.67,0
CUST-16629,43,Female,New York,121614.97,8,325.91,70.5,3.9,0.35,2704.8,1
CUST-16630,19,Male,Phoenix,70090.87,5,178.64,82.5,0.5,0.65,966.94,0
CUST-16631,43,Female,New York,66459.48,6,127.33,61.0,4.4,0.55,896.72,0
CUST-16632,33,Female,Chicago,36491.83,7,117.4,61.7,4.7,0.52,880.9,0
CUST-16633,28,Female,Los Angeles,67035.31,7,139.95,93.8,2.7,0.54,1023.75,1
CUST-16634,28,Other,Chicago,41281.65,11,45.39,34.3,1.8,0.29,598.93,0
CUST-16635,33,Male,Houston,76313.77,6,232.85,57.4,2.9,0.3,1491.86,0
CUST-16636,42,Female,Los Angeles,82270.66,12,178.39,91.2,6.9,0.68,1995.71,1
CUST-16637,22,Female,Houston,223393.48,4,450.0,80.8,1.1,0.05,2428.65,0
CUST-16638,33,Male,Los Angeles,49871.48,9,71.99,88.7,5.3,0.63,754.37,1
CUST-16639,37,Male,Phoenix,41895.21,10,102.89,77.5,7.1,0.69,996.17,1
CUST-16640,24,Female,Seattle,62677.37,7,121.59,71.9,1.9,0.52,904.9,0
CUST-16641,59,Female,Los Angeles,58939.64,16,162.64,92.9,14.8,0.83,2264.73,1
CUST-16642,27,Female,Houston,86012.35,4,203.83,64.1,2.3,0.51,944.62,0
CUST-16643,29,Female,Phoenix,42466.32,9,64.15,59.6,0.7,0.51,618.72,0
CUST-16644,26,Male,Houston,137984.63,6,189.71,69.4,1.9,0.22,1552.39,1
CUST-16645,59,Male,Chicago,76109.45,9,160.17,61.1,3.8,0.47,1580.64,1
CUST-16646,44,Male,Phoenix,38245.13,7,70.6,68.0,3.8,0.59,504.69,0
CUST-16647,26,Female,New York,50487.53,5,69.33,94.6,1.8,0.76,470.14,0
CUST-16648,51,Male,Chicago,95724.18,5,118.3,58.8,4.2,0.4,851.92,0
CUST-16649,40,Other,Houston,52206.73,3,144.42,91.1,3.1,0.84,527.72,0
CUST-16650,41,Other,New York,73470.16,6,145.9,64.0,4.0,0.48,964.21,0
CUST-16651,33,Other,Houston,38157.08,9,67.35,74.8,2.1,0.7,659.65,1
CUST-16652,29,Male,Phoenix,47283.5,7,57.08,65.3,1.2,0.39,483.1,0
CUST-16653,42,Female,San Francisco,55104.95,11,137.57,66.5,7.5,0.52,1490.39,1
CUST-16654,31,Male,New York,144489.24,11,377.18,76.5,2.4,0.31,4283.76,1
CUST-16655,59,Male,Austin,85292.37,10,115.16,81.0,12.6,0.44,1259.11,1
CUST-16656,22,Male,Phoenix,44678.83,8,133.86,66.2,1.5,0.73,997.0,1
CUST-16657,56,Female,Chicago,51743.6,12,85.93,58.8,11.4,0.53,976.67,1
CUST-16658,36,Male,Los Angeles,65241.37,10,165.2,63.1,3.2,0.53,1597.5,1
CUST-16659,41,Female,Houston,51325.17,8,66.98,78.6,6.8,0.57,627.22,1
CUST-16660,47,Male,Seattle,41968.54,6,100.13,68.1,2.2,0.55,657.37,0
CUST-16661,30,Male,Houston,19896.91,3,26.46,58.4,3.3,0.66,119.88,0
CUST-16662,48,Male,San Francisco,50900.19,10,94.02,65.2,5.2,,1041.02,1
CUST-16663,18,Female,Los Angeles,58425.24,5,109.23,62.4,0.5,0.39,645.77,0
CUST-16664,29,Female,Chicago,39335.14,9,64.64,55.0,3.4,0.52,707.31,0
CUST-16665,26,Female,Los Angeles,93847.93,6,230.68,64.5,2.0,0.35,1522.86,0
CUST-16666,22,Female,San Francisco,67636.0,5,120.89,55.5,1.2,0.48,715.96,0
CUST-16667,35,Female,Los Angeles,158982.39,5,329.56,56.4,1.8,0.13,2102.93,1
CUST-16668,42,Female,New York,55235.3,7,67.09,64.3,5.9,0.44,478.25,0
CUST-16669,46,Female,Chicago,61031.69,7,165.7,79.4,5.4,0.5,1185.79,1
CUST-16670,40,Female,Seattle,58613.05,5,154.35,61.0,4.1,0.55,827.94,0
CUST-16671,30,Male,San Francisco,94500.58,3,195.55,78.1,2.3,0.42,858.07,0
CUST-16672,42,Female,Los Angeles,106153.08,11,218.18,55.8,3.3,0.28,2547.71,1
CUST-16673,39,Female,Boston,88120.64,7,211.3,75.0,2.9,0.42,1624.41,1
CUST-16674,49,Female,New York,26494.87,11,90.65,65.0,8.8,0.59,889.77,1
CUST-16675,47,Female,New York,93904.67,13,209.13,63.9,6.7,0.42,2684.7,1
CUST-16676,38,Male,New York,44119.87,4,76.14,60.3,0.7,0.25,381.55,0
CUST-16677,27,Female,New York,62643.8,6,162.6,70.6,0.7,0.57,1035.86,0
CUST-16678,30,Male,New York,103235.62,2,273.79,81.7,3.0,0.35,819.26,1
CUST-16679,31,Female,San Francisco,43329.62,14,79.79,65.4,4.5,0.62,1050.88,1
CUST-16680,34,Female,Phoenix,86908.71,5,202.41,72.0,0.8,0.36,1175.97,0
CUST-16681,41,Other,Phoenix,40861.62,5,79.12,49.0,4.9,0.53,491.9,0
CUST-16682,46,Male,San Francisco,224569.59,7,275.2,100.0,9.6,0.12,2546.48,1
CUST-16683,37,Male,San Francisco,78496.64,5,156.29,46.3,0.5,0.51,864.38,0
CUST-16684,38,Male,Los Angeles,146156.51,8,271.59,63.5,2.6,0.26,2480.63,1
CUST-16685,39,Male,Phoenix,88741.16,9,112.46,69.0,7.8,0.42,1138.14,1
CUST-16686,31,Female,Phoenix,35921.34,15,62.38,68.7,0.9,0.52,968.94,1
CUST-16687,26,Female,Boston,33910.37,12,21.83,60.4,2.1,0.52,315.11,0
CUST-16688,18,Female,Los Angeles,65944.95,5,121.87,47.7,0.5,0.43,732.5,0
CUST-16689,29,Female,New York,54654.29,11,129.86,53.1,1.1,0.61,1358.94,0
CUST-16690,43,Male,Phoenix,107419.7,7,223.4,57.4,0.9,0.28,1790.02,1
CUST-16691,29,Male,San Francisco,67039.86,5,107.02,51.0,2.5,0.33,702.73,0
CUST-16692,35,Male,Los Angeles,53613.7,10,89.66,81.2,5.1,0.64,895.37,1
CUST-16693,43,Female,Houston,25610.49,8,64.94,86.6,2.2,0.77,522.09,0
CUST-16694,44,Female,New York,90193.54,8,172.71,99.1,7.3,0.62,1417.18,1
CUST-16695,25,Female,Austin,33130.15,8,47.81,56.3,1.8,0.43,403.66,0
CUST-16696,49,Male,New York,91246.79,5,101.74,44.1,4.8,0.4,742.75,0
CUST-16697,51,Male,New York,97748.24,9,289.74,65.1,8.9,0.4,2658.79,1
CUST-16698,24,Female,New York,50275.19,8,108.56,71.2,0.9,0.64,802.94,0
CUST-16699,28,Male,Chicago,91773.62,14,171.71,60.5,2.1,,2347.68,1
CUST-16700,52,Female,New York,63746.33,7,107.28,81.8,7.7,0.64,854.89,1
CUST-16701,36,Male,San Francisco,36346.4,6,65.75,56.2,3.6,0.52,475.34,0
CUST-16702,18,Male,Boston,140781.63,6,201.04,74.7,0.5,0.33,1593.8,1
CUST-16703,21,Female,Los Angeles,39262.56,1,32.58,63.5,1.0,0.69,94.11,0
CUST-16704,35,Male,Phoenix,62829.17,9,61.53,51.5,4.6,0.38,648.96,1
CUST-16705,24,Female,New York,90490.65,11,183.64,72.1,1.7,0.35,2162.01,1
CUST-16706,33,Female,Chicago,69105.01,10,84.22,90.9,5.4,0.61,911.47,1
CUST-16707,38,Female,Los Angeles,75033.72,11,173.72,68.8,8.0,0.48,1935.75,1
CUST-16708,55,Female,Los Angeles,38356.07,5,84.37,71.8,8.6,0.58,455.54,1
CUST-16709,34,Female,Phoenix,113585.86,9,166.16,56.2,2.6,0.33,1687.08,1
CUST-16710,50,Male,New York,117975.14,11,188.68,89.1,10.1,0.44,2201.42,1
CUST-16711,55,Female,Seattle,85877.05,7,127.11,67.5,2.5,0.38,1093.43,0
CUST-16712,55,Female,San Francisco,38948.06,12,79.84,69.2,7.8,0.62,896.54,1
CUST-16713,41,Male,San Francisco,46503.75,9,47.25,65.3,5.1,0.67,479.19,1
CUST-16714,18,Female,Boston,90314.19,10,205.53,77.0,0.5,0.38,2136.37,1
CUST-16715,43,Female,Boston,23872.43,15,45.34,79.7,9.9,0.72,600.48,1
CUST-16716,50,Female,Houston,60965.21,8,92.57,91.9,10.3,0.55,898.21,1
CUST-16717,37,Female,Houston,26452.83,10,49.95,68.9,3.9,0.73,506.76,1
CUST-16718,58,Male,Los Angeles,40366.12,10,56.56,81.1,8.4,0.52,626.68,1
CUST-16719,48,Female,San Francisco,37456.61,4,75.94,70.6,4.2,,337.36,0
CUST-16720,44,Male,Houston,58206.94,15,87.32,76.0,8.7,0.54,1295.37,1
CUST-16721,51,Male,Boston,113607.21,8,240.81,52.3,10.0,0.26,2109.51,1
CUST-16722,42,Female,Los Angeles,74144.47,9,138.17,78.6,7.5,0.58,1309.33,1
CUST-16723,18,Female,Los Angeles,78329.41,7,171.52,50.0,0.5,0.53,1268.73,0
CUST-16724,32,Male,Los Angeles,67760.95,10,139.74,84.4,2.5,0.62,1346.94,1
CUST-16725,52,Female,Miami,72406.65,7,122.75,62.2,7.5,0.5,915.08,1
CUST-16726,28,Other,New York,92378.3,8,258.49,66.8,0.9,0.44,2053.56,0
CUST-16727,35,Female,Chicago,18000.0,7,68.83,48.8,2.8,0.65,397.39,0
CUST-16728,25,Female,Chicago,89495.49,8,132.13,37.9,0.7,0.29,1242.28,0
CUST-16729,59,Female,New York,109172.07,12,184.59,78.0,14.4,0.2,2478.23,1
CUST-16730,58,Male,Chicago,47459.58,13,74.4,90.4,11.4,0.69,932.49,1
CUST-16731,27,Male,Houston,19179.62,5,51.31,58.3,2.4,0.61,248.72,0
CUST-16732,39,Female,New York,82565.04,7,196.16,67.7,2.1,0.35,1462.07,0
CUST-16733,29,Female,Houston,60599.21,5,106.88,65.8,1.8,0.44,586.22,0
CUST-16734,45,Female,Austin,47813.75,6,68.56,64.5,2.0,0.48,480.99,0
CUST-16735,44,Female,Austin,65425.02,9,73.78,72.5,5.8,0.53,777.03,1
CUST-16736,47,Female,Houston,87959.07,8,116.02,73.2,9.6,0.38,1096.79,1
CUST-16737,41,Male,Houston,170666.66,11,225.83,66.5,0.7,0.12,2962.22,1
CUST-16738,73,Male,Los Angeles,67051.33,6,118.21,52.8,2.0,0.39,828.91,1
CUST-16739,25,Male,Austin,70422.42,7,160.19,72.3,1.0,0.37,1262.37,0
CUST-16740,18,Female,Los Angeles,41269.03,6,95.85,63.7,0.5,0.59,584.78,0
CUST-16741,33,Male,Chicago,44271.4,4,114.58,70.2,5.4,0.6,551.88,1
CUST-16742,19,Female,New York,68328.57,3,149.31,76.7,0.5,0.42,637.11,0
CUST-16743,20,Male,Los Angeles,112265.4,9,191.87,85.5,0.7,0.59,1788.33,1
CUST-16744,25,Female,New York,110148.36,8,259.58,66.8,0.7,0.4,2206.19,1
CUST-16745,26,Male,San Francisco,199017.67,6,450.0,57.5,2.5,0.01,3292.99,1
CUST-16746,26,Female,Houston,24430.65,6,22.28,63.0,0.8,0.54,211.59,0
CUST-16747,44,Male,Houston,26551.44,14,59.6,70.5,3.9,0.61,829.5,1
CUST-16748,31,Male,Los Angeles,108099.07,6,258.12,73.1,1.9,0.31,1802.35,1
CUST-16749,35,Female,Miami,106206.11,6,193.79,54.3,2.8,0.33,1371.36,1
CUST-16750,48,Male,New York,74359.64,10,131.68,57.8,4.3,0.54,1358.73,1
CUST-16751,28,Female,Los Angeles,18000.0,8,36.43,68.2,3.2,0.63,263.04,0
CUST-16752,34,Female,Phoenix,33619.95,7,17.63,82.8,1.5,0.78,184.52,0
CUST-16753,42,Female,Boston,76885.18,11,95.62,57.7,8.2,0.39,1210.52,1
CUST-16754,18,Female,Los Angeles,39737.69,3,78.68,77.8,0.5,0.71,346.55,0
CUST-16755,18,Male,Houston,56458.99,6,147.6,48.6,0.5,0.55,929.58,0
CUST-16756,42,Female,Houston,132984.04,4,351.74,59.7,1.5,0.31,1648.85,0
CUST-16757,43,Male,Seattle,138165.84,12,231.31,82.3,6.0,0.31,2982.68,1
CUST-16758,62,Male,New York,109595.4,10,248.01,66.5,12.4,0.25,2693.4,1
CUST-16759,39,Male,Chicago,55081.3,13,114.54,56.8,2.8,0.37,1509.23,1
CUST-16760,47,Male,New York,57112.06,13,118.17,91.5,9.8,0.71,1482.93,1
CUST-16761,35,Female,New York,106828.52,5,242.33,84.1,4.8,0.5,1337.48,1
CUST-16762,41,Female,New York,74072.67,6,176.08,80.1,9.1,0.6,1104.11,1
CUST-16763,58,Male,Austin,61399.83,11,91.55,83.6,12.5,0.53,1119.27,1
CUST-16764,18,Male,Los Angeles,28685.7,6,42.59,88.8,0.5,0.85,330.5,0
CUST-16765,42,Male,Boston,45481.29,6,72.3,89.0,4.6,0.62,553.89,1
CUST-16766,63,Male,Los Angeles,90734.43,10,178.86,,2.0,0.49,1807.17,0
CUST-16767,41,Female,Boston,37488.45,9,76.09,44.8,1.1,0.41,776.15,1
CUST-16768,57,Male,Phoenix,55686.5,9,95.08,88.1,10.7,0.56,809.27,1
CUST-16769,30,Male,New York,89891.3,12,158.34,72.6,4.4,0.45,1953.18,1
CUST-16770,37,Female,Phoenix,61702.73,9,152.08,85.3,7.4,0.41,1412.79,1
CUST-16771,38,Female,Los Angeles,82445.61,7,240.01,57.4,2.5,0.28,1797.36,1
CUST-16772,18,Female,Chicago,77858.88,12,149.18,51.6,0.5,0.52,1751.17,0
CUST-16773,23,Female,Chicago,41643.21,10,98.33,62.4,1.3,0.56,908.74,0
CUST-16774,24,Male,Chicago,27308.76,6,49.37,83.4,0.9,0.72,329.58,0
CUST-16775,47,Male,San Francisco,49006.32,8,89.23,41.2,3.8,0.39,785.62,0
CUST-16776,48,Male,Miami,74136.8,7,168.69,90.8,10.1,0.66,1207.38,1
CUST-16777,41,Male,Los Angeles,34178.04,12,90.66,82.3,7.6,0.66,1039.26,1
CUST-16778,47,Female,Boston,38638.95,11,53.38,77.0,10.4,0.66,592.06,1
CUST-16779,36,Female,Boston,38532.2,9,66.24,59.9,3.7,0.47,594.94,0
CUST-16780,52,Male,New York,29059.98,10,42.0,74.7,7.9,0.8,444.35,1
CUST-16781,38,Male,New York,41216.85,10,97.67,73.4,6.3,0.66,999.56,1
CUST-16782,38,Male,Chicago,93806.42,3,284.32,50.4,2.3,0.39,1051.47,0
CUST-16783,34,Female,Phoenix,34072.88,11,99.29,79.8,5.4,0.78,972.55,1
CUST-16784,46,Male,Los Angeles,25985.47,3,40.96,43.4,0.7,0.48,174.84,0
CUST-16785,32,Male,Los Angeles,48239.82,4,112.58,90.1,4.6,0.71,503.83,0
CUST-16786,49,Female,San Francisco,215389.48200000002,5,206.02,90.0,9.7,0.47,1218.83,1
CUST-16787,24,Male,Phoenix,19521.14,7,49.23,58.6,1.1,0.63,413.81,0
CUST-16788,24,Male,New York,117801.91,7,226.81,71.0,1.9,0.49,1740.83,0
CUST-16789,46,Male,Seattle,32946.92,4,77.17,64.0,2.8,0.56,337.45,0
CUST-16790,36,Male,San Francisco,62238.58,7,113.81,100.0,4.4,0.56,885.08,1
CUST-16791,32,Male,Chicago,46381.58,11,138.28,,4.1,0.46,1503.52,1
CUST-16792,48,Male,San Francisco,57282.6,12,158.93,91.7,8.7,0.63,1743.3,1
CUST-16793,30,Female,New York,70806.33,6,179.51,66.1,4.7,0.47,1200.48,0
CUST-16794,35,Female,Chicago,83957.86,6,150.53,69.7,1.6,0.53,1075.83,0
CUST-16795,54,Female,New York,71661.13,8,184.97,74.6,7.2,0.53,1536.96,1
CUST-16796,56,Female,New York,54028.54,12,125.59,84.9,13.3,0.55,1457.04,1
CUST-16797,56,Male,Los Angeles,78310.45,7,173.97,79.0,8.6,0.56,1284.5,1
CUST-16798,34,Female,New York,81124.19,10,134.47,59.0,5.7,0.43,1413.38,1
CUST-16799,52,Male,Phoenix,34887.63,7,45.7,48.9,6.2,0.46,422.76,1
CUST-16800,26,Male,San Francisco,77468.21,7,199.47,64.7,2.6,0.49,1431.7,1
CUST-16801,27,Male,New York,50208.19,8,91.6,81.5,3.2,0.61,754.74,1
CUST-16802,18,Male,New York,47440.67,7,73.04,66.7,0.5,0.47,612.62,0
CUST-16803,58,Female,Miami,77003.59,12,175.45,66.9,13.1,0.44,2132.51,1
CUST-16804,27,Male,New York,91453.32,10,239.56,59.8,1.2,0.34,2449.96,1
CUST-16805,36,Male,Los Angeles,91578.5,9,153.05,62.8,3.4,0.39,1448.82,0
CUST-16806,27,Male,Houston,70704.96,7,134.11,45.6,1.0,0.42,1096.4,0
CUST-16807,46,Male,Miami,33027.54,7,25.82,60.2,2.4,0.58,254.14,0
CUST-16808,33,Male,Seattle,111723.74,12,193.33,65.6,3.2,0.27,2575.4,1
CUST-16809,22,Male,San Francisco,65360.19,9,87.02,63.7,1.6,0.61,864.28,1
CUST-16810,43,Male,Los Angeles,99148.19,9,152.57,67.4,6.1,0.37,1502.19,1
CUST-16811,20,Female,San Francisco,71247.42,9,119.94,72.6,0.8,0.55,1153.68,1
CUST-16812,27,Male,Los Angeles,72863.53,8,134.19,70.4,3.4,0.6,1092.5,0
CUST-16813,18,Male,Los Angeles,73967.12,4,195.76,58.9,0.5,0.44,926.52,0
CUST-16814,20,Female,Houston,77289.0,6,153.94,63.8,0.5,0.43,1060.15,0
CUST-16815,40,Other,San Francisco,33496.6,6,71.81,53.0,2.9,0.56,495.57,0
CUST-16816,18,Male,New York,33253.18,9,89.4,64.4,0.5,0.62,768.78,0
CUST-16817,20,Male,New York,102330.19,2,231.07,70.7,0.5,0.46,655.03,0
CUST-16818,37,Female,Miami,61505.87,6,112.21,80.1,6.1,0.69,717.56,1
CUST-16819,31,Male,Seattle,45950.58,4,80.51,68.0,0.8,0.55,397.47,0
CUST-16820,61,Female,Phoenix,58500.7,11,126.79,47.1,2.8,0.23,1452.1,1
CUST-16821,60,Male,Chicago,28136.14,10,66.72,77.3,6.0,0.75,642.15,1
CUST-16822,27,Female,Seattle,250000.0,6,450.0,73.4,2.2,0.0,3423.83,1
CUST-16823,44,Other,San Francisco,146130.88,5,323.45,77.9,9.2,0.43,1838.82,1
CUST-16824,46,Female,Houston,70252.98,15,198.08,84.1,10.8,0.64,2673.21,1
CUST-16825,30,Male,Los Angeles,64703.92,6,158.45,67.8,4.3,,1019.63,1
CUST-16826,20,Male,New York,53677.04,9,113.04,76.0,0.5,0.54,1060.23,0
CUST-16827,37,Male,Chicago,29545.8,11,78.96,69.6,5.0,0.66,875.02,1
CUST-16828,35,Female,Los Angeles,58856.09,9,131.2,64.2,3.3,,1180.04,1
CUST-16829,32,Female,Los Angeles,40533.4,7,64.69,52.1,1.1,0.51,519.87,1
CUST-16830,43,Male,Houston,34474.86,6,71.92,58.5,5.8,0.52,475.4,1
CUST-16831,28,Female,New York,36016.28,7,93.28,50.3,1.7,0.51,715.25,0
CUST-16832,24,Male,Miami,58310.55,2,112.59,70.7,1.2,0.36,401.02,0
CUST-16833,39,Male,New York,60573.2,6,95.65,69.2,1.2,0.62,720.3,0
CUST-16834,42,Female,Houston,67254.72,7,139.46,97.2,9.4,0.72,996.25,1
CUST-16835,23,Male,San Francisco,95322.55,3,157.83,75.8,1.6,0.42,730.88,0
CUST-16836,49,Male,Houston,57724.62,11,73.05,48.6,3.8,0.58,881.74,1
CUST-16837,18,Male,Chicago,215025.15,7,450.0,77.6,0.5,0.0,3866.18,1
CUST-16838,31,Female,Chicago,85874.56,9,126.22,72.9,5.0,0.48,1246.74,1
CUST-16839,34,Female,Seattle,36057.15,8,92.41,78.2,5.3,0.71,720.46,1
CUST-16840,30,Female,Austin,74957.64,7,115.61,64.5,3.3,0.52,1001.73,1
CUST-16841,31,Female,Phoenix,47459.41,10,57.32,78.3,2.3,0.71,638.91,1
CUST-16842,60,Female,Miami,26316.24,9,65.94,74.1,6.8,0.59,588.33,1
CUST-16843,27,Male,New York,35928.57,5,42.14,50.4,1.9,0.51,295.96,0
CUST-16844,67,Other,Seattle,84943.79,14,130.71,80.0,14.3,0.6,1850.01,1
CUST-16845,43,Female,Austin,84464.28,8,241.45,65.5,7.7,0.3,2059.51,1
CUST-16846,39,Female,Houston,30502.93,10,71.45,78.3,2.8,0.71,740.65,0
CUST-16847,43,Female,San Francisco,123198.94,12,149.67,73.9,6.4,0.34,2063.47,1
CUST-16848,68,Female,Houston,59347.42,9,95.81,64.8,9.1,0.6,915.09,1
CUST-16849,26,Male,Los Angeles,113288.34,7,228.63,69.9,2.7,0.35,1725.48,1
CUST-16850,24,Male,Seattle,116769.1,3,257.44,72.3,0.7,0.34,1056.95,0
CUST-16851,28,Female,Phoenix,45045.17,13,58.96,85.3,3.0,0.74,720.9,1
CUST-16852,38,Female,Houston,116600.24,7,182.34,60.0,3.0,0.35,1468.36,1
CUST-16853,18,Female,Phoenix,27794.17,9,48.17,72.3,0.5,0.49,437.0,0
CUST-16854,38,Male,Seattle,223751.38,6,390.86,77.1,6.0,0.0,2997.06,1
CUST-16855,58,Male,San Francisco,48877.84,11,91.59,49.5,5.3,0.62,1046.98,1
CUST-16856,39,Female,Los Angeles,60825.27,9,95.53,81.6,6.3,0.63,849.19,1
CUST-16857,34,Female,Chicago,42838.65,8,128.22,59.1,1.5,0.52,1050.87,1
CUST-16858,30,Female,Austin,49360.94,5,93.25,100.0,4.7,0.8,470.87,1
CUST-16859,48,Male,Houston,222011.29,12,331.45,68.7,9.7,0.11,4520.88,1
CUST-16860,28,Female,Boston,51583.71,5,141.33,62.0,1.5,0.39,864.55,0
CUST-16861,60,Female,Miami,78767.9,9,164.84,64.0,11.2,0.53,1506.56,1
CUST-16862,61,Female,San Francisco,67424.98,9,154.78,42.8,2.5,0.33,1442.32,0
CUST-16863,41,Male,Los Angeles,99512.36,8,206.78,,6.2,0.55,1645.4,1
CUST-16864,37,Male,Los Angeles,47461.88,10,123.12,81.5,0.9,,1273.84,0
CUST-16865,50,Female,Phoenix,55420.54,7,86.56,54.5,4.6,0.39,641.66,0
CUST-16866,51,Male,Chicago,77896.73,11,145.48,83.8,12.9,0.47,1629.52,1
CUST-16867,28,Female,Miami,35875.18,7,90.19,71.1,0.9,0.49,656.35,0
CUST-16868,31,Male,Miami,204345.95,9,296.13,64.7,3.3,0.15,3150.83,1
CUST-16869,22,Female,Los Angeles,87573.39,6,104.16,72.0,0.6,0.56,830.92,0
CUST-16870,42,Male,San Francisco,67743.7,10,159.41,80.7,6.6,0.47,1647.43,1
CUST-16871,45,Male,Houston,36318.75,9,87.7,59.4,3.4,0.64,783.91,0
CUST-16872,21,Female,Los Angeles,65226.65,6,162.28,69.9,0.7,0.43,1029.93,0
CUST-16873,32,Female,Chicago,30970.52,7,43.36,81.1,2.2,0.61,390.93,0
CUST-16874,21,Male,Boston,158493.55,3,199.27,63.3,0.6,0.0,980.57,0
CUST-16875,27,Male,Los Angeles,77295.33,5,106.84,67.6,3.4,0.41,763.54,1
CUST-16876,44,Other,Los Angeles,59621.34,5,131.48,82.1,9.5,0.69,708.35,1
CUST-16877,29,Male,Los Angeles,105108.76,5,284.73,80.9,3.9,0.49,1534.61,1
CUST-16878,34,Female,Los Angeles,43434.29,9,128.8,73.8,1.1,0.58,1089.36,1
CUST-16879,18,Male,Houston,28874.87,7,57.24,48.7,0.5,0.66,412.75,0
CUST-16880,40,Female,New York,68530.77,9,109.9,84.4,5.6,0.46,1083.08,1
CUST-16881,37,Female,Miami,54856.64,5,95.33,68.1,7.4,0.58,528.51,0
CUST-16882,29,Female,Los Angeles,81231.23,7,161.01,64.1,2.9,0.4,1268.24,0
CUST-16883,35,Male,Phoenix,23306.8,7,58.4,58.1,2.6,0.69,432.38,0
CUST-16884,40,Female,New York,58217.79,8,81.02,71.1,7.3,0.45,700.19,1
CUST-16885,28,Male,Austin,18000.0,4,36.52,69.2,1.0,0.66,229.37,1
CUST-16886,20,Female,Chicago,31495.99,8,43.46,84.5,0.8,0.42,358.63,0
CUST-16887,59,Female,Miami,73595.38,10,81.01,100.0,14.6,0.49,925.69,1
CUST-16888,30,Female,Miami,83218.05,10,241.61,64.9,4.7,0.27,2516.63,1
CUST-16889,36,Male,San Francisco,42850.39,6,73.14,49.0,1.5,0.39,527.45,0
CUST-16890,50,Female,Miami,43756.89,5,68.65,68.0,7.3,0.53,461.68,1
CUST-16891,75,Male,New York,74080.5,6,198.3,74.4,9.0,0.4,1295.43,1
CUST-16892,23,Male,San Francisco,130030.89,2,205.29,61.9,0.8,0.2,729.42,0
CUST-16893,43,Male,Los Angeles,133827.83,8,336.37,94.5,5.7,0.4,2795.43,1
CUST-16894,29,Male,Miami,55561.61,5,109.07,43.3,3.0,0.42,637.0,0
CUST-16895,31,Male,Austin,52313.09,2,119.02,69.6,2.0,0.67,410.95,0
CUST-16896,29,Male,Boston,31586.17,8,49.41,61.9,1.7,0.62,415.45,0
CUST-16897,24,Female,New York,77198.8,13,138.99,53.9,0.6,0.36,1835.13,1
CUST-16898,37,Male,Chicago,160532.46,10,403.62,81.1,7.3,0.26,4339.86,1
CUST-16899,20,Female,Chicago,108432.86,3,191.16,51.6,0.7,0.36,822.07,0
CUST-16900,49,Male,New York,79820.35,10,178.49,88.6,9.5,0.51,1787.8,1
CUST-16901,38,Female,New York,85117.97,7,113.2,81.8,0.7,0.58,876.81,0
CUST-16902,43,Male,Chicago,40317.14,13,104.03,,6.4,0.55,1287.15,1
CUST-16903,32,Female,Austin,49848.43,4,87.83,64.8,1.4,0.45,481.84,0
CUST-16904,33,Female,Houston,55409.5,17,101.4,76.1,4.1,0.78,1582.45,1
CUST-16905,41,Male,Phoenix,52572.93,8,92.2,81.7,5.9,0.51,807.15,1
CUST-16906,24,Female,Chicago,94293.27,8,160.91,77.3,2.1,0.33,1471.03,1
CUST-16907,33,Male,San Francisco,122701.97,6,253.19,,1.9,0.39,1717.76,0
CUST-16908,27,Female,Austin,77311.16,4,128.44,81.7,0.6,0.61,631.33,0
CUST-16909,27,Male,Phoenix,29586.29,9,57.99,62.1,3.3,0.59,528.68,0
CUST-16910,18,Male,New York,45224.62,10,129.59,,0.5,0.51,1228.03,1
CUST-16911,54,Male,Houston,33016.44,16,40.86,58.2,6.8,0.55,661.01,1
CUST-16912,29,Female,Austin,67041.72,4,64.63,86.1,0.8,0.61,417.71,0
CUST-16913,51,Female,Chicago,20653.28,11,34.29,66.3,6.8,0.6,382.3,1
CUST-16914,50,Female,Phoenix,48605.98,5,89.81,59.1,6.9,0.58,533.95,1
CUST-16915,22,Female,New York,147919.86,9,376.98,62.4,1.4,0.17,3729.07,0
CUST-16916,24,Male,New York,102080.56,3,247.55,59.7,1.9,0.34,982.22,0
CUST-16917,68,Female,Seattle,56827.73,7,72.77,47.2,1.5,0.47,638.96,0
CUST-16918,59,Female,Los Angeles,43942.37,7,89.82,76.9,10.7,0.36,706.66,1
CUST-16919,37,Female,Los Angeles,93210.87,8,248.99,37.3,1.5,0.29,2154.38,0
CUST-16920,41,Female,Chicago,66291.56,4,68.09,62.9,1.3,0.46,440.79,0
CUST-16921,30,Female,Austin,52685.42,5,61.25,59.2,2.2,0.52,416.82,0
CUST-16922,43,Female,New York,54480.01,11,124.05,29.5,1.2,0.19,1488.37,0
CUST-16923,29,Male,Miami,53471.19,11,108.04,75.9,3.7,0.51,1190.04,0
CUST-16924,18,Male,Los Angeles,53543.17,8,123.56,76.5,0.5,0.64,1002.03,1
CUST-16925,22,Male,Seattle,100241.08,7,239.01,71.0,1.1,0.31,1873.63,1
CUST-16926,38,Male,Austin,110845.73,6,154.69,61.9,4.8,0.32,1216.08,1
CUST-16927,24,Male,Los Angeles,31449.46,7,50.92,66.7,2.4,0.45,404.03,0
CUST-16928,37,Other,New York,39624.18,11,90.02,67.2,7.0,0.55,990.02,1
CUST-16929,25,Male,New York,143506.08,7,305.67,81.3,2.5,0.26,2527.27,1
CUST-16930,28,Female,San Francisco,82403.38,5,171.06,56.9,1.8,0.34,1023.87,0
CUST-16931,48,Female,New York,41534.48,4,46.95,72.8,2.2,,292.43,0
CUST-16932,40,Male,Los Angeles,101863.38,4,190.58,92.6,5.4,0.46,988.39,0
CUST-16933,37,Male,Los Angeles,73910.08,6,156.18,71.7,3.6,0.47,1029.9,0
CUST-16934,48,Female,Los Angeles,187472.01,11,385.39,73.1,3.1,0.0,4796.59,1
CUST-16935,43,Female,New York,65020.23,9,135.04,58.8,1.4,0.48,1235.79,0
CUST-16936,55,Other,Seattle,117888.62,9,268.17,74.4,6.7,0.42,2527.83,1
CUST-16937,32,Male,Seattle,32817.8,6,80.84,76.3,3.8,0.55,525.52,1
CUST-16938,32,Female,Chicago,114325.39,9,131.4,75.9,3.7,0.37,1401.07,1
CUST-16939,22,Male,Phoenix,78176.12,2,123.68,85.7,1.4,0.66,445.77,0
CUST-16940,32,Female,Phoenix,108750.68,14,229.27,95.4,2.9,0.5,3119.39,1
CUST-16941,49,Female,San Francisco,132159.18,4,351.52,63.1,4.3,0.24,1711.21,0
CUST-16942,53,Male,Houston,48980.75,7,105.61,76.9,7.8,0.68,773.42,1
CUST-16943,49,Male,Houston,28656.72,10,64.17,64.7,12.1,0.71,583.3,1
CUST-16944,18,Male,Phoenix,36084.3,8,25.02,61.6,0.5,0.64,309.76,0
CUST-16945,50,Male,San Francisco,31441.91,8,99.31,75.8,7.0,0.67,719.12,0
CUST-16946,18,Female,Los Angeles,39313.07,9,97.44,67.0,0.5,0.62,838.26,1
CUST-16947,48,Male,Los Angeles,77087.21,9,176.15,79.5,1.7,0.42,1620.59,1
CUST-16948,33,Female,Los Angeles,60832.87,6,149.82,66.0,2.9,0.42,970.59,1
CUST-16949,46,Male,Houston,46023.69,7,123.27,89.0,7.4,0.85,889.95,1
CUST-16950,22,Female,Chicago,38263.0,4,93.41,57.9,1.1,0.55,475.12,0
CUST-16951,52,Female,Houston,21215.92,9,20.53,65.2,0.9,0.63,283.84,0
CUST-16952,20,Female,Chicago,62307.17,9,105.71,76.1,0.7,0.41,1062.72,0
CUST-16953,29,Female,Seattle,81856.55,5,161.23,46.8,1.4,0.39,901.6,0
CUST-16954,26,Male,New York,44548.01,8,56.91,62.9,1.4,0.38,550.77,0
CUST-16955,18,Female,Houston,39418.34,8,53.37,88.5,0.5,0.79,436.31,0
CUST-16956,39,Male,Houston,111276.51,9,269.9,84.5,7.3,0.35,2534.98,1
CUST-16957,59,Male,Chicago,101573.62,10,227.79,68.9,1.2,0.61,2227.38,1
CUST-16958,70,Male,Chicago,27080.74,6,49.01,47.0,5.5,,407.44,0
CUST-16959,39,Female,Miami,49334.97,8,125.75,56.9,3.6,0.56,1000.7,1
CUST-16960,51,Female,Los Angeles,128957.71,13,225.45,67.5,8.4,0.17,3146.37,1
CUST-16961,40,Female,Seattle,60774.95,11,55.62,88.2,7.0,0.57,739.52,1
CUST-16962,43,Male,Boston,56831.72,4,162.02,84.6,7.4,0.47,775.89,1
CUST-16963,33,Male,Phoenix,84204.89,7,185.6,62.9,4.6,0.43,1396.88,0
CUST-16964,40,Female,Miami,84308.78,4,217.83,66.0,2.1,0.45,1037.17,0
CUST-16965,44,Female,Phoenix,77830.69,8,122.35,95.3,9.5,0.39,1104.41,1
CUST-16966,31,Male,Houston,45148.59,2,70.57,82.2,2.4,0.54,247.45,0
CUST-16967,37,Female,Austin,83013.14,12,192.78,63.3,0.6,0.44,2293.91,1
CUST-16968,37,Male,Los Angeles,131549.0,7,285.82,79.8,5.2,0.32,2267.23,1
CUST-16969,47,Male,New York,71336.81,11,106.34,81.4,7.2,0.58,1175.69,1
CUST-16970,25,Male,Los Angeles,50922.35,5,103.45,53.3,0.8,0.38,571.57,0
CUST-16971,37,Male,Phoenix,90190.18,12,229.07,71.9,7.3,0.36,2805.33,1
CUST-16972,60,Male,New York,203378.59,6,450.0,98.1,8.6,0.1,3221.86,1
CUST-16973,51,Female,Boston,187179.63,9,265.12,92.3,6.5,0.15,2849.32,1
CUST-16974,54,Female,Chicago,47170.99,6,71.84,67.2,6.0,0.53,444.31,1
CUST-16975,38,Male,Seattle,59049.03,9,111.71,58.3,2.1,0.47,1101.48,0
CUST-16976,41,Female,Los Angeles,37241.57,7,84.77,67.5,8.8,0.7,517.87,1
CUST-16977,50,Female,Los Angeles,66091.02,5,117.46,100.0,9.1,0.67,677.05,1
CUST-16978,56,Male,New York,42746.61,9,62.83,74.3,8.7,0.64,600.87,1
CUST-16979,18,Female,Los Angeles,47879.62,9,109.69,80.4,0.5,0.58,963.43,0
CUST-16980,22,Female,Houston,73077.19,6,123.45,69.6,1.4,0.48,848.7,0
CUST-16981,53,Male,Boston,79008.46,10,128.01,,9.1,0.49,1353.5,1
CUST-16982,34,Male,Chicago,23004.14,6,71.86,50.3,1.2,0.61,423.62,0
CUST-16983,29,Male,Phoenix,106914.6,6,203.09,66.5,3.2,0.42,1408.66,1
CUST-16984,22,Female,Chicago,33033.98,6,77.56,75.0,1.1,0.76,492.36,0
CUST-16985,31,Male,New York,45235.51,10,100.81,92.4,5.0,0.61,995.52,1
CUST-16986,21,Female,Houston,27701.6,6,65.02,65.8,1.0,0.61,416.86,0
CUST-16987,63,Female,New York,52546.98,8,123.8,62.6,5.5,0.65,931.77,0
CUST-16988,37,Male,Seattle,43249.47,4,97.21,78.6,1.5,0.57,413.43,0
CUST-16989,37,Female,San Francisco,49033.33,8,113.41,82.4,3.9,0.6,938.27,1
CUST-16990,45,Female,Chicago,18000.0,9,52.97,77.3,7.5,0.57,425.3,1
CUST-16991,49,Male,Phoenix,52031.43,8,78.28,52.6,2.6,0.41,683.85,0
CUST-16992,49,Female,New York,82136.45,11,155.38,94.5,8.2,0.56,1756.09,1
CUST-16993,50,Male,San Francisco,232972.48,10,416.43,67.9,10.7,0.0,4800.0,1
CUST-16994,30,Male,Miami,65635.84,9,164.42,81.7,1.2,0.55,1529.2,0
CUST-16995,34,Male,Miami,40151.38,9,108.3,63.0,4.7,0.48,1009.39,1
CUST-16996,47,Female,Los Angeles,34180.29,5,85.81,54.7,1.3,0.55,500.02,0
CUST-16997,31,Female,Los Angeles,59374.71,5,134.1,56.4,0.5,0.51,780.04,0
CUST-16998,37,Male,Houston,64412.83,6,124.44,74.8,0.7,0.58,850.52,0
CUST-16999,42,Male,Austin,46334.21,7,82.22,80.2,6.2,0.61,670.71,1
CUST-17000,47,Male,Boston,67025.58,15,105.7,80.9,11.3,0.66,1469.54,1
CUST-17001,18,Female,Los Angeles,160884.02,2,334.73,,0.5,0.25,1044.39,0
CUST-17002,46,Female,Miami,42474.18,10,115.93,56.2,3.2,0.68,1117.61,1
CUST-17003,35,Female,Boston,25309.47,10,32.91,,1.0,0.49,374.19,0
CUST-17004,46,Female,Los Angeles,96423.51,10,140.64,62.4,7.1,0.4,1613.57,1
CUST-17005,47,Female,Seattle,79245.37,12,177.59,55.7,0.5,0.46,2149.04,1
CUST-17006,57,Male,Los Angeles,26509.7,10,58.96,74.6,12.0,0.65,632.52,1
CUST-17007,54,Male,Los Angeles,77155.93,14,103.2,55.4,3.9,0.39,1559.88,1
CUST-17008,54,Female,New York,44407.91,4,64.98,,4.7,0.56,409.26,0
CUST-17009,55,Female,Houston,64174.93,7,165.4,45.3,5.4,0.42,1258.56,0
CUST-17010,41,Male,Seattle,175742.53,8,366.29,82.1,7.1,0.17,3359.28,1
CUST-17011,38,Female,Houston,47109.13,12,74.94,62.2,2.5,0.67,920.57,0
CUST-17012,48,Female,New York,125710.91,8,260.78,71.5,3.8,0.28,2351.2,1
CUST-17013,46,Male,Los Angeles,33708.94,13,83.89,63.1,6.3,0.51,1046.29,1
CUST-17014,34,Female,Houston,24076.63,10,55.1,73.5,3.2,0.69,524.85,0
CUST-17015,42,Female,Phoenix,133696.12,6,280.32,95.9,9.2,0.27,1991.62,1
CUST-17016,37,Male,Houston,60030.87,7,84.64,74.9,2.4,0.64,709.79,0
CUST-17017,27,Female,New York,100552.93,4,142.75,46.0,0.8,,791.5,0
CUST-17018,53,Male,San Francisco,134926.22,9,265.66,92.4,7.8,0.4,2565.85,1
CUST-17019,38,Male,Boston,49931.84,4,90.4,67.3,1.9,0.44,491.0,0
CUST-17020,62,Female,Houston,77750.86,13,175.27,59.3,6.5,0.37,2296.12,1
CUST-17021,18,Male,San Francisco,106217.52,5,291.48,61.7,0.5,0.35,1683.46,1
CUST-17022,31,Male,Boston,34027.32,3,81.5,76.1,4.6,0.73,264.28,1
CUST-17023,38,Male,Phoenix,103894.59,8,286.1,57.7,3.0,0.32,2466.99,0
CUST-17024,51,Male,San Francisco,145787.08,10,355.95,80.0,10.3,0.32,3779.97,1
CUST-17025,42,Male,San Francisco,39919.24,13,65.22,100.0,9.1,0.57,843.44,1
CUST-17026,41,Female,Los Angeles,68865.13,8,98.61,58.3,8.7,0.55,879.18,1
CUST-17027,24,Male,Phoenix,43438.42,6,107.32,74.5,1.5,0.6,649.38,0
CUST-17028,24,Female,Seattle,137626.3,7,190.14,84.6,2.4,0.31,1652.89,0
CUST-17029,41,Female,Los Angeles,30774.94,12,52.81,72.3,6.2,0.7,585.03,1
CUST-17030,21,Male,Boston,250000.0,4,450.0,70.7,0.6,0.0,2483.22,0
CUST-17031,31,Female,Phoenix,44685.19,4,51.77,77.2,4.7,0.68,280.11,0
CUST-17032,44,Female,Chicago,82290.65,7,124.9,77.8,5.1,0.52,1049.71,1
CUST-17033,26,Male,Phoenix,97576.18,6,198.57,70.5,0.9,0.52,1322.4,0
CUST-17034,57,Male,Chicago,51574.9,10,96.7,,12.0,0.68,961.78,1
CUST-17035,52,Female,Seattle,63938.22,11,193.94,84.3,8.7,0.67,1945.89,1
CUST-17036,19,Female,Houston,40026.27,2,58.49,78.6,0.5,0.66,265.95,0
CUST-17037,26,Male,Boston,41755.6,10,126.95,73.3,2.7,0.71,1147.65,1
CUST-17038,18,Male,Houston,58961.28,4,106.53,57.0,0.5,0.5,532.75,0
CUST-17039,28,Male,San Francisco,70886.76,4,141.46,49.7,1.4,0.39,760.93,0
CUST-17040,47,Male,Austin,46194.83,11,35.74,83.4,8.6,0.71,380.43,1
CUST-17041,33,Female,New York,58373.81,10,142.71,67.4,3.7,0.58,1358.74,1
CUST-17042,43,Male,San Francisco,101173.18,7,133.42,56.2,1.2,0.36,1195.97,0
CUST-17043,19,Male,New York,49085.69,3,74.6,70.4,0.5,0.52,334.63,0
CUST-17044,47,Male,Seattle,59853.86,7,120.59,53.6,2.2,0.42,905.66,0
CUST-17045,31,Male,Phoenix,76417.97,5,198.63,67.1,3.3,0.57,1079.99,0
CUST-17046,38,Male,Boston,73565.71,1,114.02,74.7,1.1,0.51,324.36,0
CUST-17047,36,Male,Seattle,40069.23,7,61.55,62.0,1.9,0.59,529.78,0
CUST-17048,22,Male,New York,72270.34,10,161.94,62.4,1.1,0.47,1632.86,0
CUST-17049,24,Female,New York,91000.06,9,135.33,66.3,0.8,0.38,1351.24,1
CUST-17050,49,Female,Phoenix,79959.5,12,169.49,78.4,3.5,0.37,2139.93,1
CUST-17051,42,Male,Houston,35278.09,8,21.52,68.7,8.8,0.52,291.73,1
CUST-17052,50,Female,New York,55317.23,10,145.51,98.0,9.1,0.58,1414.89,1
CUST-17053,41,Male,New York,51664.42,6,140.39,64.8,3.2,0.62,874.68,0
CUST-17054,39,Female,Houston,37270.1,9,67.12,87.1,7.4,0.62,671.95,1
CUST-17055,18,Male,New York,89554.88,6,245.03,76.3,0.5,0.53,1528.71,0
CUST-17056,34,Male,Seattle,91161.52,8,170.55,78.7,4.0,0.63,1443.74,1
CUST-17057,37,Female,Miami,87043.08,6,132.16,80.6,3.1,0.55,960.6,0
CUST-17058,61,Male,Miami,49173.95,14,85.15,69.5,11.4,0.48,1143.81,1
CUST-17059,46,Male,New York,36222.77,9,98.92,69.9,4.5,0.56,787.9,1
CUST-17060,56,Female,New York,102215.61,9,215.07,67.1,4.1,0.35,2045.43,1
CUST-17061,45,Female,Houston,55730.26,9,102.22,70.3,6.8,0.7,911.7,0
CUST-17062,29,Female,Austin,61407.97,10,148.97,73.4,3.4,0.47,1524.88,1
CUST-17063,39,Male,Los Angeles,32795.95,11,104.06,86.2,4.7,0.69,1021.5,1
CUST-17064,40,Female,Los Angeles,56491.42,18,131.04,67.5,6.4,0.39,2284.8,1
CUST-17065,26,Male,New York,40266.58,4,89.52,79.1,1.6,0.68,360.05,0
CUST-17066,33,Male,San Francisco,96515.1,8,224.96,73.3,4.9,0.37,1922.81,1
CUST-17067,35,Female,Phoenix,39328.02,11,62.05,68.4,4.2,0.69,662.04,1
CUST-17068,57,Female,New York,56406.37,11,126.94,57.1,3.3,0.4,1387.78,1
CUST-17069,18,Female,Chicago,26376.07,9,49.18,59.6,0.5,0.5,475.71,1
CUST-17070,52,Female,San Francisco,126756.12,12,254.66,87.6,11.5,0.29,3192.43,1
CUST-17071,26,Male,Houston,45225.86,4,67.51,46.6,3.1,0.57,353.01,0
CUST-17072,21,Male,San Francisco,79218.3,4,144.51,62.2,0.9,0.46,755.48,0
CUST-17073,52,Male,Miami,35630.66,10,80.03,77.9,9.4,0.76,825.81,1
CUST-17074,46,Female,San Francisco,33229.21,9,55.48,68.7,9.7,0.53,565.8,1
CUST-17075,53,Male,Phoenix,37377.59,7,120.39,58.2,1.2,0.49,902.93,0
CUST-17076,47,Female,Seattle,56239.4,11,92.24,86.2,10.6,0.51,994.5,1
CUST-17077,62,Female,Boston,75259.81,8,139.14,62.8,4.4,0.36,1232.83,1
CUST-17078,44,Female,Chicago,47632.66,2,82.58,60.1,1.1,0.64,226.47,0
CUST-17079,36,Female,New York,51068.86,8,95.05,,2.1,0.58,777.63,0
CUST-17080,42,Female,Miami,24270.99,12,74.16,78.6,5.8,0.74,730.79,0
CUST-17081,52,Female,Los Angeles,63830.65,6,181.66,82.5,1.1,0.51,1078.8,0
CUST-17082,28,Female,Boston,43653.62,7,118.13,63.8,0.5,0.56,868.11,0
CUST-17083,30,Male,New York,141564.09,10,319.73,55.2,3.2,0.19,3496.85,1
CUST-17084,34,Male,Boston,70080.15,6,173.66,69.7,3.2,0.47,1184.76,0
CUST-17085,18,Female,Phoenix,64581.99,8,151.73,77.4,0.5,0.53,1253.52,0
CUST-17086,39,Other,Miami,45447.47,4,110.48,69.9,2.5,0.53,555.01,0
CUST-17087,18,Male,Chicago,62908.11,4,114.18,84.9,0.5,0.58,611.46,0
CUST-17088,38,Male,Austin,38175.63,6,120.86,53.3,1.1,0.64,678.12,0
CUST-17089,48,Female,Los Angeles,34566.92,10,82.19,72.3,6.7,,790.01,1
CUST-17090,32,Female,Los Angeles,62775.96,10,149.58,57.0,2.4,0.45,1519.22,0
CUST-17091,58,Male,New York,97275.3,13,148.45,78.0,5.4,0.41,2034.53,1
CUST-17092,20,Female,Boston,24573.3,6,53.48,70.4,0.6,0.68,390.06,0
CUST-17093,52,Female,Chicago,44322.09,10,78.36,59.5,11.6,,788.81,1
CUST-17094,46,Female,San Francisco,190523.97,4,416.79,50.3,1.6,0.0,2172.67,0
CUST-17095,18,Male,San Francisco,96383.09,6,166.64,68.2,0.5,0.61,1052.39,0
CUST-17096,70,Male,Seattle,146088.31,5,171.83,32.2,3.3,0.13,1268.11,0
CUST-17097,37,Male,San Francisco,55240.4,10,128.34,50.6,2.0,0.48,1272.04,0
CUST-17098,27,Male,Houston,40935.54,6,50.54,48.6,1.3,0.61,332.01,0
CUST-17099,21,Male,San Francisco,122987.61,4,238.65,69.3,0.8,0.27,1228.48,0
CUST-17100,35,Female,San Francisco,103593.76,6,281.0,74.2,3.6,0.47,1830.37,1
CUST-17101,36,Male,New York,69766.71,9,98.93,64.9,6.3,0.5,998.66,1
CUST-17102,39,Female,New York,38903.78,10,83.81,74.3,7.5,0.5,850.9,1
CUST-17103,34,Female,New York,130421.99,4,173.67,84.4,4.0,0.24,1049.65,0
CUST-17104,45,Male,Chicago,199566.79,7,249.14,56.6,3.4,0.0,2350.16,0
CUST-17105,33,Other,Houston,23453.47,10,74.17,56.6,5.0,0.54,744.83,0
CUST-17106,18,Female,Phoenix,98365.86,6,183.15,59.3,0.5,0.23,1326.75,1
CUST-17107,36,Female,Austin,47153.32,9,139.12,79.9,5.8,0.59,1150.82,1
CUST-17108,18,Male,Los Angeles,52734.63,8,146.68,76.7,0.5,0.63,1156.82,0
CUST-17109,42,Female,Miami,58895.88,8,127.75,90.4,7.4,0.55,1071.47,1
CUST-17110,26,Male,Houston,28168.09,8,79.11,48.3,2.8,0.58,639.0,0
CUST-17111,39,Female,Los Angeles,61156.58,8,119.07,,5.3,0.58,1029.15,1
CUST-17112,53,Male,Phoenix,21785.78,8,24.85,67.5,10.6,0.71,202.74,1
CUST-17113,26,Female,Austin,75610.57,6,97.9,83.2,2.6,0.49,765.19,0
CUST-17114,50,Male,New York,223455.06,7,450.0,74.6,6.7,0.04,3846.3,1
CUST-17115,32,Male,Houston,37381.86,8,34.89,69.8,4.6,0.63,333.13,1
CUST-17116,59,Female,New York,67220.46,11,126.93,72.4,12.0,0.39,1468.57,1
CUST-17117,33,Female,Los Angeles,58689.9,13,121.04,49.7,5.5,0.44,1572.25,0
CUST-17118,27,Male,Phoenix,79847.49,4,204.47,65.5,3.4,0.47,920.24,0
CUST-17119,46,Male,Seattle,82944.73,3,142.21,67.2,6.2,0.53,660.49,1
CUST-17120,32,Female,San Francisco,120167.9,3,211.73,74.8,0.7,0.53,907.65,0
CUST-17121,27,Female,Chicago,44164.32,8,113.95,67.9,0.6,0.55,901.48,0
CUST-17122,32,Male,Boston,80749.42,8,91.13,73.4,5.3,0.45,914.78,1
CUST-17123,37,Female,Los Angeles,18000.0,8,25.03,100.0,2.9,0.77,256.8,1
CUST-17124,54,Female,San Francisco,105895.02,6,181.87,57.8,5.7,0.23,1328.2,1
CUST-17125,18,Male,Chicago,30942.74,6,51.39,76.6,0.5,0.68,343.6,0
CUST-17126,38,Female,Boston,55189.31,6,62.66,92.4,2.5,0.65,451.88,1
CUST-17127,45,Female,Miami,74707.24,6,135.02,77.4,6.6,0.46,923.33,1
CUST-17128,40,Female,Boston,30160.15,7,54.51,75.9,7.0,0.71,372.99,0
CUST-17129,53,Male,Los Angeles,107417.49,10,138.6,66.3,4.0,0.24,1596.01,0
CUST-17130,37,Female,San Francisco,71276.35,8,149.43,76.7,5.8,0.4,1280.45,0
CUST-17131,35,Male,San Francisco,156847.61,8,281.36,63.2,4.7,0.24,2602.82,1
CUST-17132,45,Female,San Francisco,48293.4,15,48.95,89.6,5.9,0.67,784.8,1
CUST-17133,39,Male,Houston,20791.78,8,33.84,78.0,3.1,0.77,250.16,0
CUST-17134,33,Male,New York,72087.16,6,165.82,72.1,5.3,0.57,1083.35,1
CUST-17135,44,Female,Los Angeles,83558.31,8,126.08,65.3,4.5,0.45,1208.26,1
CUST-17136,30,Male,Los Angeles,87136.44,3,158.65,70.3,2.1,0.53,673.19,0
CUST-17137,30,Female,Seattle,38384.13,4,72.92,77.9,3.3,0.83,333.77,0
CUST-17138,31,Female,Seattle,30056.28,4,59.18,86.0,4.8,0.63,290.68,1
CUST-17139,54,Male,New York,62563.83,10,165.27,67.6,7.6,0.48,1658.17,1
CUST-17140,18,Female,Boston,84165.77,7,115.15,57.2,0.5,0.44,986.3,0
CUST-17141,42,Female,New York,92318.33,6,149.76,70.8,4.7,0.46,1090.37,1
CUST-17142,38,Male,Chicago,124848.13,6,294.0,72.4,2.1,0.4,2009.76,0
CUST-17143,18,Other,Los Angeles,51690.76,5,102.43,74.7,0.5,0.55,588.74,0
CUST-17144,41,Female,Seattle,26921.9,4,50.75,56.6,1.7,0.63,279.91,0
CUST-17145,43,Male,San Francisco,137971.92,6,352.42,54.7,0.7,0.23,2416.84,0
CUST-17146,45,Female,Los Angeles,68690.05,10,120.89,66.2,6.2,0.55,1266.43,1
CUST-17147,18,Male,San Francisco,87340.21,11,144.52,72.2,0.5,0.35,1715.01,1
CUST-17148,54,Female,New York,107328.53,10,116.71,58.0,12.5,0.35,1387.72,1
CUST-17149,29,Female,Chicago,107002.98,6,225.29,84.6,4.3,0.45,1538.9,1
CUST-17150,46,Male,Chicago,56234.19,8,122.09,64.8,5.8,0.49,967.65,1
CUST-17151,46,Female,Los Angeles,112199.94,7,220.19,45.5,5.3,0.28,1803.52,0
CUST-17152,27,Female,Seattle,89251.34,6,194.96,70.9,1.6,0.45,1276.16,1
CUST-17153,45,Male,San Francisco,54648.72,7,85.84,73.2,7.1,0.52,648.35,1
CUST-17154,33,Female,Los Angeles,55444.77,9,154.82,50.6,3.8,0.53,1326.41,0
CUST-17155,18,Female,Los Angeles,84807.05,3,123.16,64.0,0.5,0.39,606.5,0
CUST-17156,52,Male,New York,51312.63,9,144.27,81.7,5.0,0.45,1305.95,1
CUST-17157,28,Female,Los Angeles,97050.96,14,208.51,62.4,2.8,0.32,3001.86,1
CUST-17158,27,Male,Houston,55703.51,4,54.37,71.2,2.2,0.63,447.87,0
CUST-17159,33,Male,Los Angeles,75400.64,9,175.89,95.4,4.5,0.6,1531.17,1
CUST-17160,41,Female,San Francisco,155861.78,14,387.34,89.4,8.7,0.29,4800.0,1
CUST-17161,37,Female,Chicago,67987.12,9,133.04,91.4,6.0,0.63,1224.65,1
CUST-17162,44,Female,Los Angeles,64567.59,8,120.61,71.4,3.5,0.38,1116.44,1
CUST-17163,21,Male,Boston,62381.71,3,58.04,57.3,1.0,0.41,292.85,0
CUST-17164,29,Female,Los Angeles,58246.16,7,135.27,70.0,2.3,0.66,897.33,0
CUST-17165,36,Female,Chicago,66498.84,8,106.52,79.3,5.7,0.54,922.55,1
CUST-17166,60,Male,Chicago,112471.11,10,301.45,77.9,13.4,0.42,3029.54,1
CUST-17167,36,Male,Los Angeles,45884.09,3,78.99,60.0,2.2,0.5,312.2,0
CUST-17168,51,Female,Los Angeles,44180.26,9,129.87,70.4,3.5,0.66,1088.22,0
CUST-17169,38,Male,Los Angeles,118454.23,5,285.82,58.2,3.7,0.4,1650.68,0
CUST-17170,32,Male,Seattle,51024.95,8,109.03,59.5,0.8,0.53,927.05,0
CUST-17171,35,Female,Miami,57340.02,6,109.07,77.3,4.8,0.43,743.24,1
CUST-17172,35,Other,San Francisco,56419.69,10,148.22,56.3,5.2,,1476.31,1
CUST-17173,45,Female,Chicago,24564.26,10,41.81,56.2,4.1,0.7,402.4,1
CUST-17174,54,Female,Houston,56829.98,9,42.46,72.8,7.0,0.44,536.59,1
CUST-17175,42,Female,Los Angeles,108808.63,8,197.39,92.9,5.9,0.33,1743.36,1
CUST-17176,52,Female,New York,70903.65,7,174.97,47.8,1.5,,1280.18,0
CUST-17177,26,Male,Los Angeles,29700.9,7,24.75,66.7,2.4,0.57,277.23,0
CUST-17178,33,Male,Houston,54352.29,7,135.04,66.8,3.4,0.34,984.7,0
CUST-17179,29,Male,New York,50117.67,8,68.41,100.0,2.9,0.64,610.46,1
CUST-17180,41,Male,New York,19739.01,6,43.66,81.1,6.8,0.85,282.92,0
CUST-17181,33,Male,Los Angeles,59833.45,9,127.66,71.7,4.2,0.57,1220.36,1
CUST-17182,46,Male,Chicago,73690.73,5,171.6,61.4,1.5,0.54,950.08,0
CUST-17183,26,Male,Chicago,102502.54,7,234.5,64.7,2.6,0.28,1773.52,0
CUST-17184,38,Male,New York,176051.52,7,348.38,66.9,5.1,0.15,2870.83,1
CUST-17185,46,Female,Los Angeles,86269.36,9,148.29,83.2,8.1,0.47,1440.65,1
CUST-17186,18,Male,Los Angeles,99364.05,6,198.65,,0.5,0.39,1381.65,0
CUST-17187,63,Female,New York,38477.23,9,96.75,59.9,3.7,0.51,871.7,0
CUST-17188,34,Male,Los Angeles,140178.91,6,283.61,100.0,5.4,0.43,1901.81,1
CUST-17189,18,Female,New York,137831.15,2,139.13,67.4,0.5,,583.75,0
CUST-17190,39,Female,San Francisco,63127.67,6,139.1,72.0,5.0,0.61,816.44,1
CUST-17191,38,Female,Chicago,79987.07,4,158.59,68.3,4.6,0.34,775.4,0
CUST-17192,37,Female,Los Angeles,83307.68,5,155.69,61.7,4.7,0.39,940.95,1
CUST-17193,49,Female,New York,152544.46,4,271.92,58.0,1.3,0.03,1509.6,0
CUST-17194,46,Male,Los Angeles,57769.03,3,72.89,75.0,3.7,0.44,420.68,0
CUST-17195,41,Other,Los Angeles,42900.79,6,67.49,50.5,1.1,0.54,522.5,0
CUST-17196,43,Female,Austin,46644.53,6,92.62,89.3,5.1,0.54,581.85,1
CUST-17197,36,Female,Seattle,106036.81,8,169.65,91.1,6.5,0.51,1469.08,1
CUST-17198,59,Male,New York,28005.87,6,71.93,80.4,6.1,0.71,423.67,1
CUST-17199,20,Female,Phoenix,18000.0,8,43.14,77.9,0.7,0.67,276.69,0
CUST-17200,39,Female,Los Angeles,97429.71,8,255.71,61.1,2.8,0.28,2239.16,0
CUST-17201,38,Female,New York,83910.61,6,165.14,77.7,6.9,0.56,1105.91,1
CUST-17202,47,Female,San Francisco,76550.34,9,200.59,84.4,5.2,0.47,1810.68,1
CUST-17203,27,Male,New York,38075.69,8,76.7,69.6,1.6,0.65,631.23,0
CUST-17204,18,Male,Chicago,24193.65,7,49.7,55.2,0.5,0.49,423.77,0
CUST-17205,39,Male,Phoenix,35503.09,10,97.91,74.0,4.6,0.61,888.64,0
CUST-17206,41,Male,Houston,61670.09,9,116.78,66.9,3.4,0.7,1040.84,0
CUST-17207,55,Male,Austin,44463.87,7,90.37,38.8,1.3,0.39,726.55,0
CUST-17208,22,Male,Miami,80721.22,5,218.98,74.9,0.7,0.41,1222.37,0
CUST-17209,51,Male,Miami,31942.0,9,51.54,81.5,10.3,0.53,469.24,1
CUST-17210,66,Female,Los Angeles,48054.42,8,73.8,80.9,13.9,0.67,589.19,1
CUST-17211,33,Male,New York,103954.14,2,208.41,46.0,1.4,0.46,674.94,0
CUST-17212,22,Female,San Francisco,62819.12,6,69.31,82.9,1.1,0.49,586.99,0
CUST-17213,33,Female,Austin,50596.37,6,110.44,53.0,0.7,0.43,756.63,0
CUST-17214,38,Female,Chicago,41235.13,5,87.98,94.8,2.7,0.75,510.5,0
CUST-17215,44,Male,Austin,39373.17,7,77.72,80.0,4.9,0.66,626.13,1
CUST-17216,30,Female,New York,87307.64,4,166.85,88.6,3.7,0.57,800.65,0
CUST-17217,56,Female,Los Angeles,79349.31,2,212.4,57.0,1.1,0.33,633.79,0
CUST-17218,24,Other,New York,81934.78,7,160.08,74.5,2.0,0.39,1229.56,1
CUST-17219,18,Female,Chicago,41801.95,6,66.2,65.4,0.5,0.54,466.95,0
CUST-17220,51,Female,Miami,46535.04,6,104.82,82.9,10.1,0.59,705.55,1
CUST-17221,18,Female,Los Angeles,138375.92,11,338.8,57.8,0.5,0.35,3791.0,0
CUST-17222,35,Male,Boston,31945.28,4,82.29,38.1,2.6,0.48,391.19,0
CUST-17223,75,Male,Houston,132144.64,10,262.54,71.3,11.0,0.35,2740.59,1
CUST-17224,37,Female,Chicago,59793.37,3,164.2,45.4,2.2,0.36,597.65,0
CUST-17225,24,Male,Miami,47034.82,10,114.57,70.1,0.9,0.64,1136.31,0
CUST-17226,37,Male,New York,117805.92,5,176.69,57.1,0.9,0.41,1156.6,0
CUST-17227,37,Female,Miami,18307.64,10,27.09,67.3,3.3,0.76,217.11,1
CUST-17228,39,Male,Los Angeles,124233.95,6,343.73,57.1,1.3,0.39,2243.32,0
CUST-17229,45,Female,Los Angeles,157727.61,9,333.52,81.6,4.8,0.19,3311.54,1
CUST-17230,25,Female,Phoenix,84004.52,12,194.9,56.2,0.5,0.32,2345.7,0
CUST-17231,58,Male,Boston,22724.04,8,45.39,73.6,2.7,0.52,349.47,0
CUST-17232,40,Male,Houston,75417.2,11,174.4,81.7,8.2,0.54,1862.9,1
CUST-17233,46,Male,Phoenix,111039.22,8,286.32,64.1,9.0,0.26,2504.44,1
CUST-17234,30,Male,Miami,111310.75,4,185.79,60.1,1.5,0.26,1029.53,0
CUST-17235,53,Male,Los Angeles,30813.78,13,26.87,61.1,10.2,0.52,367.15,1
CUST-17236,34,Male,Miami,85552.47,8,232.12,55.8,4.4,0.48,1832.04,0
CUST-17237,41,Male,Chicago,139605.43,10,323.27,57.0,2.0,0.28,3503.35,1
CUST-17238,26,Male,New York,74223.6,5,79.89,73.8,1.5,0.55,551.64,0
CUST-17239,26,Female,Los Angeles,30134.06,6,51.58,94.2,3.0,0.58,372.69,0
CUST-17240,46,Female,Los Angeles,94286.02,12,230.59,81.4,8.4,0.49,2649.22,1
CUST-17241,32,Female,Los Angeles,105523.71,7,229.22,70.7,4.4,0.55,1660.1,0
CUST-17242,27,Female,Los Angeles,58113.77,9,71.33,61.5,2.2,0.48,713.04,1
CUST-17243,30,Male,New York,40325.64,9,47.3,41.0,3.4,0.42,500.9,0
CUST-17244,46,Female,San Francisco,123922.08,7,207.61,62.3,5.9,0.14,1749.12,1
CUST-17245,30,Male,Houston,35041.99,9,92.81,71.5,3.7,0.57,871.48,0
CUST-17246,36,Male,Phoenix,59475.09,7,83.92,81.7,5.4,0.51,730.29,1
CUST-17247,38,Female,Los Angeles,135787.32,7,208.85,71.0,0.7,0.29,1775.9,0
CUST-17248,18,Male,Miami,22455.88,7,25.81,61.7,0.5,0.62,205.49,0
CUST-17249,20,Male,New York,115149.5,11,189.52,78.1,0.7,0.38,2206.87,1
CUST-17250,42,Female,Houston,46416.75,5,103.81,86.9,1.1,0.55,641.21,0
CUST-17251,29,Female,Los Angeles,56921.89,10,104.59,89.2,2.1,0.61,1019.92,1
CUST-17252,50,Male,Houston,66560.39,7,126.01,100.0,11.6,0.66,925.87,1
CUST-17253,49,Male,Los Angeles,42364.67,9,77.69,79.4,11.8,0.68,645.28,1
CUST-17254,46,Female,Miami,28601.01,11,73.12,65.1,8.9,0.59,762.05,1
CUST-17255,59,Female,Boston,26641.47,6,66.86,43.1,2.7,0.59,466.75,0
CUST-17256,37,Male,San Francisco,140414.44,6,316.98,74.4,3.2,0.3,2152.24,1
CUST-17257,45,Female,New York,60734.58,9,109.33,89.0,2.4,0.62,1098.39,0
CUST-17258,30,Female,Los Angeles,82845.45,9,122.11,68.7,3.3,,1269.33,1
CUST-17259,67,Male,Boston,51011.46,9,160.19,72.4,11.7,0.51,1378.79,1
CUST-17260,61,Female,Chicago,31821.9,13,41.18,100.0,13.3,0.76,484.24,1
CUST-17261,38,Female,Boston,90082.2,15,193.86,82.7,7.0,0.51,2779.49,1
CUST-17262,42,Male,Chicago,67021.68,6,137.18,67.7,1.4,0.5,907.72,0
CUST-17263,54,Female,Austin,52937.15,9,116.08,59.8,2.2,0.66,990.34,1
CUST-17264,36,Male,Boston,75604.39,4,158.57,85.7,6.6,0.5,847.69,1
CUST-17265,30,Female,San Francisco,46921.44,7,106.22,67.1,4.1,0.57,791.73,1
CUST-17266,48,Female,New York,124293.93,5,280.12,67.1,5.8,0.32,1666.31,1
CUST-17267,38,Male,Chicago,108552.31,8,233.02,70.6,3.7,0.31,2062.49,1
CUST-17268,40,Female,Boston,95032.46,8,193.04,89.4,5.1,0.49,1596.16,1
CUST-17269,27,Female,Seattle,56226.91,3,81.32,75.3,2.3,,368.25,0
CUST-17270,18,Male,New York,75340.87,6,105.28,92.3,0.5,0.54,795.86,0
CUST-17271,40,Male,Chicago,124642.93,15,176.96,63.7,3.9,0.13,2911.42,1
CUST-17272,48,Male,Seattle,128505.46,5,206.29,78.4,7.6,0.38,1342.15,1
CUST-17273,35,Female,Houston,139475.08,4,319.56,41.5,1.8,0.14,1672.68,0
CUST-17274,55,Female,Seattle,45838.71,17,70.24,97.4,14.8,0.71,1142.78,1
CUST-17275,29,Female,Miami,33309.59,11,83.96,37.1,1.6,0.58,904.2,1
CUST-17276,25,Male,Boston,69529.52,6,164.45,83.7,1.8,0.46,1084.09,0
CUST-17277,37,Female,New York,89639.6,5,144.71,84.1,4.4,,912.69,1
CUST-17278,37,Male,New York,68115.5,11,153.38,63.6,3.7,,1745.77,1
CUST-17279,47,Male,New York,60190.05,8,163.16,49.8,3.2,0.61,1323.49,0
CUST-17280,28,Male,Boston,122518.72,11,297.73,59.5,2.5,0.31,3336.24,1
CUST-17281,54,Male,Chicago,54362.19,10,116.37,41.9,1.8,0.34,1263.93,1
CUST-17282,61,Female,New York,39834.91,10,58.55,61.4,6.1,0.62,567.3,1
CUST-17283,37,Female,Los Angeles,35951.19,7,72.45,64.0,2.1,0.58,562.5,0
CUST-17284,52,Female,Los Angeles,70494.79,5,146.79,55.8,2.1,0.58,852.68,0
CUST-17285,25,Female,Miami,230967.65,9,450.0,86.0,2.6,0.1,4646.73,1
CUST-17286,50,Male,San Francisco,46560.15,9,75.96,81.2,9.1,0.51,698.93,1
CUST-17287,50,Other,San Francisco,64798.34,12,165.38,70.2,2.6,0.6,1871.68,1
CUST-17288,48,Female,New York,243411.08,9,301.28,83.7,11.4,0.0,3476.42,1
CUST-17289,37,Female,Boston,51030.62,6,163.55,59.3,2.0,0.59,994.42,0
CUST-17290,18,Male,Los Angeles,78236.56,5,137.62,60.3,0.5,0.37,851.19,0
CUST-17291,30,Female,Phoenix,124566.48,8,353.26,52.0,1.1,0.25,3053.26,0
CUST-17292,30,Female,New York,45449.87,11,62.11,87.7,3.6,0.63,719.47,1
CUST-17293,26,Male,New York,62659.74,9,142.13,61.5,2.0,0.64,1259.93,1
CUST-17294,39,Female,New York,57407.01,3,127.35,62.9,1.0,0.59,490.79,0
CUST-17295,32,Female,Houston,24094.99,3,54.71,73.6,0.6,0.67,180.72,0
CUST-17296,28,Male,Phoenix,106865.09,7,275.54,67.8,2.4,0.34,2070.28,1
CUST-17297,25,Male,New York,54578.89,7,137.86,58.3,2.0,0.65,969.58,0
CUST-17298,29,Female,Los Angeles,40200.68,9,68.78,67.6,3.7,0.55,685.71,1
CUST-17299,51,Male,Seattle,54226.59,9,67.32,92.7,6.6,0.71,697.17,1
CUST-17300,30,Female,New York,116368.86,8,225.75,79.9,3.4,0.4,1936.68,1
CUST-17301,31,Female,Los Angeles,65920.76,7,110.27,62.5,3.9,0.54,877.32,0
CUST-17302,32,Male,Chicago,38290.5,8,38.48,78.9,3.6,0.67,381.99,1
CUST-17303,42,Female,Seattle,83093.23,9,108.4,76.6,3.7,0.55,1046.5,1
CUST-17304,43,Female,Los Angeles,93532.04,9,137.39,86.7,1.8,0.51,1348.2,0
CUST-17305,18,Female,Austin,58890.08,8,144.57,79.9,0.5,0.61,1219.13,0
CUST-17306,50,Female,Los Angeles,55402.58,14,39.46,86.9,10.0,0.69,613.21,1
CUST-17307,55,Female,Chicago,94535.26,3,212.26,63.8,3.2,0.38,834.58,0
CUST-17308,25,Male,New York,66870.42,7,178.09,71.8,1.6,,1272.43,0
CUST-17309,26,Male,San Francisco,169493.18,9,266.46,54.5,1.6,0.14,2811.92,1
CUST-17310,32,Male,Los Angeles,42656.91,7,69.23,47.4,1.5,0.48,540.79,0
CUST-17311,28,Male,Phoenix,32997.36,5,46.84,66.9,1.4,0.59,339.44,0
CUST-17312,40,Female,Los Angeles,39650.69,9,31.77,75.9,2.5,0.66,300.04,0
CUST-17313,18,Male,Chicago,50481.74,2,87.7,61.1,0.5,0.52,296.01,0
CUST-17314,24,Female,Seattle,67805.3,8,121.26,58.4,1.2,0.26,1174.93,1
CUST-17315,56,Male,San Francisco,39091.26,13,44.91,62.4,8.5,0.58,617.01,1
CUST-17316,26,Male,New York,76763.4,8,167.2,67.7,0.8,0.45,1470.28,0
CUST-17317,52,Female,Phoenix,64687.07,9,148.61,62.6,8.1,,1293.91,1
CUST-17318,42,Male,Phoenix,23432.84,8,59.2,88.0,0.7,0.81,393.26,0
CUST-17319,18,Female,New York,56360.22,7,136.11,59.2,0.5,0.5,1068.85,0
CUST-17320,45,Male,Chicago,75548.72,6,164.83,90.2,5.7,0.62,1080.63,1
CUST-17321,36,Female,Los Angeles,36136.27,4,65.78,89.5,5.1,0.74,360.13,1
CUST-17322,32,Female,Chicago,48571.92,12,70.25,69.7,4.4,0.48,864.96,1
CUST-17323,40,Female,Miami,88680.78,5,134.0,59.5,0.8,0.43,860.97,0
CUST-17324,43,Male,New York,179457.91,10,295.32,87.2,5.6,0.23,3365.47,1
CUST-17325,46,Female,New York,91131.81,7,97.95,56.2,4.3,0.33,857.82,1
CUST-17326,52,Female,Los Angeles,57247.27,8,98.06,84.1,9.6,0.57,856.37,1
CUST-17327,42,Female,Austin,46379.42,8,116.9,38.3,3.1,0.58,985.73,0
CUST-17328,21,Male,San Francisco,119592.96,10,332.67,66.7,1.0,0.38,3356.97,1
CUST-17329,32,Male,New York,128902.01,7,322.2,79.6,3.6,0.32,2501.21,1
CUST-17330,73,Male,Chicago,31906.73,10,48.01,58.4,12.0,0.48,494.96,1
CUST-17331,46,Male,Los Angeles,98221.0,9,233.82,87.6,11.0,0.41,2207.67,1
CUST-17332,66,Female,Phoenix,35994.32,8,70.03,65.2,13.7,0.54,569.24,1
CUST-17333,54,Male,Chicago,37012.55,8,85.35,69.6,8.7,0.64,618.49,1
CUST-17334,40,Male,Austin,55187.3,16,72.52,100.0,7.9,0.76,1152.03,1
CUST-17335,41,Female,Los Angeles,102290.14,8,120.82,76.9,1.8,0.46,1184.24,0
CUST-17336,37,Male,Phoenix,56916.59,7,60.99,65.0,0.8,0.44,574.62,0
CUST-17337,18,Female,San Francisco,87346.48,4,135.82,66.6,0.5,0.52,761.79,0
CUST-17338,38,Female,Miami,61385.41,13,121.63,75.7,7.8,0.49,1598.45,1
CUST-17339,52,Male,Chicago,71870.36,9,118.94,62.4,9.8,0.61,1129.64,1
CUST-17340,30,Female,San Francisco,71639.12,9,105.65,62.8,1.8,0.6,1016.79,1
CUST-17341,42,Male,Los Angeles,85451.68,8,212.87,69.6,6.6,0.43,1752.87,1
CUST-17342,48,Male,Chicago,40902.61,9,92.87,87.8,1.0,0.56,919.2,0
CUST-17343,27,Male,Boston,90023.44,8,157.31,66.0,2.0,0.49,1346.73,0
CUST-17344,32,Male,Boston,99789.1,5,219.4,59.2,1.7,0.4,1250.78,0
CUST-17345,25,Male,San Francisco,107585.43,4,130.9,63.7,0.6,0.32,806.91,0
CUST-17346,28,Male,Chicago,82810.04,8,177.55,74.6,1.4,0.45,1512.56,0
CUST-17347,22,Female,Miami,64934.84,5,159.52,72.9,1.3,0.61,901.1,0
CUST-17348,27,Female,New York,131508.41,7,225.97,78.3,2.2,0.32,1817.95,0
CUST-17349,55,Female,New York,23489.24,3,48.52,74.3,0.8,0.76,228.0,0
CUST-17350,27,Female,San Francisco,116232.2,6,142.63,67.0,1.8,0.31,1108.26,0
CUST-17351,39,Male,Los Angeles,167291.1,10,392.96,82.2,6.4,0.25,4105.53,1
CUST-17352,31,Male,Austin,43667.63,7,71.0,70.1,5.0,0.55,612.07,0
CUST-17353,52,Male,Chicago,39415.93,15,106.24,71.5,12.0,0.72,1404.42,1
CUST-17354,53,Male,Chicago,108223.05,5,262.13,48.1,0.5,0.52,1467.89,0
CUST-17355,48,Female,San Francisco,47719.84,8,69.24,80.6,3.0,0.62,642.55,0
CUST-17356,41,Female,Miami,36877.04,6,70.18,72.8,2.3,0.56,495.07,0
CUST-17357,35,Male,Chicago,61930.27,7,169.02,81.8,3.1,0.6,1138.39,0
CUST-17358,23,Male,Los Angeles,41784.73,8,133.93,68.3,1.5,0.65,946.03,0
CUST-17359,61,Male,Miami,79715.47,7,188.67,66.1,2.7,0.37,1431.15,1
CUST-17360,28,Male,Los Angeles,41955.34,10,85.43,91.8,3.7,0.67,916.72,0
CUST-17361,45,Male,New York,87589.93,11,240.38,79.3,8.5,0.31,2673.11,1
CUST-17362,50,Female,Phoenix,56211.73,10,134.75,68.4,5.7,0.63,1287.02,1
CUST-17363,31,Male,New York,168055.34,6,317.44,73.6,3.2,0.26,2339.79,0
CUST-17364,50,Female,Austin,106719.71,11,203.61,75.1,7.2,0.24,2430.2,1
CUST-17365,47,Male,Phoenix,37416.82,9,56.08,78.7,7.0,0.73,577.97,1
CUST-17366,58,Male,Austin,31668.06,12,29.15,81.0,13.0,0.61,436.68,1
CUST-17367,32,Female,Los Angeles,94726.24,10,206.96,71.7,1.5,0.52,2111.93,1
CUST-17368,22,Female,Austin,42985.36,2,62.21,62.5,1.3,0.59,218.17,0
CUST-17369,31,Male,New York,61837.56,10,149.27,85.1,1.0,0.49,1465.43,1
CUST-17370,40,Female,New York,43053.15,8,52.6,55.8,4.3,0.47,486.78,1
CUST-17371,38,Male,New York,102704.43,9,233.63,69.5,5.3,0.51,2096.55,1
CUST-17372,33,Male,Chicago,41173.23,9,106.54,74.3,0.6,0.67,898.47,0
CUST-17373,18,Female,New York,71867.81,7,87.73,61.2,0.5,0.38,730.8,0
CUST-17374,43,Female,Houston,50968.1,2,100.52,,1.4,0.46,339.03,0
CUST-17375,61,Male,Los Angeles,68291.61,6,168.3,73.2,5.9,0.49,1100.8,1
CUST-17376,43,Male,Los Angeles,86732.26,8,182.84,79.9,6.4,0.42,1555.49,1
CUST-17377,45,Female,Phoenix,43184.17,8,48.1,83.0,10.8,0.62,465.32,1
CUST-17378,44,Male,New York,50482.94,7,117.2,66.3,3.0,0.63,819.05,1
CUST-17379,42,Male,Miami,20311.34,10,41.95,57.9,1.7,0.45,485.25,0
CUST-17380,49,Female,Phoenix,51326.08,9,94.4,81.0,5.4,0.62,878.7,1
CUST-17381,42,Female,Boston,60103.42,6,117.31,80.3,1.8,0.57,760.11,0
CUST-17382,34,Male,Chicago,39876.95,8,142.87,68.8,0.6,0.64,1037.73,1
CUST-17383,28,Female,Austin,61487.33,5,174.12,81.0,2.5,0.52,963.99,0
CUST-17384,35,Female,Houston,78960.11,7,123.43,80.0,6.0,0.51,1020.41,1
CUST-17385,41,Male,Austin,103907.28,13,277.72,97.7,8.0,0.43,3553.6,1
CUST-17386,34,Female,New York,33946.33,3,70.92,57.8,1.1,0.6,316.82,0
CUST-17387,41,Female,San Francisco,63325.39,9,98.39,58.5,1.8,0.45,974.44,0
CUST-17388,43,Male,Miami,83218.03,9,162.33,75.0,5.2,0.6,1516.35,1
CUST-17389,47,Male,New York,162449.93,6,280.93,65.2,4.6,0.16,2106.05,1
CUST-17390,53,Female,Houston,34203.21,9,65.08,,10.0,0.6,564.51,1
CUST-17391,38,Female,Miami,102525.64,10,94.59,81.0,4.2,0.2,1164.16,1
CUST-17392,22,Male,Houston,26203.77,4,57.86,53.3,0.5,0.61,233.79,0
CUST-17393,33,Female,New York,129864.5,6,293.44,64.7,2.1,0.16,2005.27,1
CUST-17394,38,Female,San Francisco,65880.26,9,89.65,79.8,7.3,,819.28,1
CUST-17395,18,Female,New York,159774.1,7,313.49,68.9,0.5,0.21,2557.62,1
CUST-17396,54,Female,Miami,40810.35,16,89.85,74.8,11.6,0.53,1295.94,1
CUST-17397,39,Male,New York,62639.99,5,179.0,44.6,3.7,,951.52,0
CUST-17398,42,Male,New York,68419.17,10,112.74,81.9,6.7,0.45,1189.14,1
CUST-17399,54,Female,Los Angeles,28889.6,7,28.3,82.4,2.8,0.62,278.51,0
CUST-17400,30,Male,Phoenix,20199.3,4,33.57,72.0,3.7,,249.42,0
CUST-17401,44,Female,Austin,76909.7,8,243.54,92.8,8.3,0.5,1929.08,1
CUST-17402,36,Male,New York,119890.7,6,297.87,33.4,1.1,0.14,2046.18,0
CUST-17403,35,Male,New York,99100.85,6,163.64,72.6,1.7,0.37,1174.62,1
CUST-17404,28,Male,Chicago,30387.98,4,59.34,81.2,2.1,0.59,340.62,0
CUST-17405,57,Female,Seattle,86097.7,6,206.17,92.0,9.7,0.47,1390.28,1
CUST-17406,33,Female,Chicago,34672.02,9,106.55,69.3,4.0,0.59,969.29,1
CUST-17407,46,Female,Los Angeles,76388.57,11,155.38,91.1,7.6,0.56,1744.89,1
CUST-17408,18,Male,Houston,90613.3,5,126.45,63.8,0.5,0.56,778.8,0
CUST-17409,52,Male,Los Angeles,74869.01,8,154.2,54.9,7.1,0.36,1302.93,1
CUST-17410,50,Female,Chicago,118546.09,5,348.73,78.1,7.6,0.34,1898.43,1
CUST-17411,39,Male,Los Angeles,57801.4,6,117.07,69.7,0.6,0.51,768.39,0
CUST-17412,35,Female,Miami,46183.69,7,83.98,70.9,1.5,0.64,621.47,0
CUST-17413,42,Female,Boston,67238.23,9,74.23,83.8,5.0,0.52,805.93,1
CUST-17414,65,Male,San Francisco,38760.3,14,78.57,78.8,11.3,,1043.28,1
CUST-17415,18,Female,Chicago,46504.98,10,104.92,85.3,0.5,0.77,956.15,0
CUST-17416,47,Male,Houston,43964.6,10,54.7,78.2,8.6,0.69,601.41,1
CUST-17417,27,Female,New York,63456.16,7,88.16,57.9,2.0,0.55,700.54,1
CUST-17418,37,Male,San Francisco,86735.44,9,81.49,63.4,2.5,0.39,973.84,1
CUST-17419,35,Male,Phoenix,23259.64,9,31.88,78.5,3.3,0.68,317.87,1
CUST-17420,32,Female,Boston,36662.68,4,86.33,64.4,0.5,0.66,421.16,0
CUST-17421,37,Female,Los Angeles,109732.05,3,259.55,61.3,4.7,0.47,1023.85,0
CUST-17422,24,Female,San Francisco,27801.58,6,47.72,67.5,0.6,0.78,286.82,0
CUST-17423,50,Female,San Francisco,103224.11,7,235.42,,2.3,0.37,1790.83,1
CUST-17424,18,Female,Los Angeles,51688.06,6,136.5,65.0,0.5,0.38,914.93,0
CUST-17425,44,Male,San Francisco,82169.01,4,157.52,58.3,0.6,0.48,808.28,0
CUST-17426,34,Female,Boston,141686.33,10,337.89,64.2,3.9,0.29,3589.7,1
CUST-17427,23,Female,Boston,60884.27,9,88.5,68.6,1.5,0.59,870.85,0
CUST-17428,40,Male,San Francisco,103690.55,14,149.76,70.7,7.0,0.43,2193.99,1
CUST-17429,19,Female,New York,75311.5,8,209.06,,0.5,0.68,1644.57,0
CUST-17430,38,Female,Seattle,64116.4,6,152.92,66.9,0.5,0.6,910.87,0
CUST-17431,20,Male,Phoenix,43392.93,5,45.09,87.2,0.7,0.78,293.31,0
CUST-17432,43,Female,Los Angeles,88458.71,8,108.11,68.5,3.3,0.39,1065.95,0
CUST-17433,26,Male,New York,50731.57,8,73.62,61.4,2.9,0.49,632.01,0
CUST-17434,32,Male,New York,41526.75,5,86.15,61.9,1.4,0.5,504.21,0
CUST-17435,41,Male,New York,75912.91,10,151.58,90.3,5.6,,1583.11,1
CUST-17436,28,Female,San Francisco,83521.91,3,195.01,71.3,0.9,0.4,723.97,0
CUST-17437,37,Male,Los Angeles,25026.31,3,46.51,64.1,3.4,0.65,239.51,0
CUST-17438,19,Female,New York,72755.58,4,102.65,72.0,0.5,0.39,613.11,0
CUST-17439,45,Female,Chicago,30802.52,11,53.78,56.4,6.8,0.44,631.72,1
CUST-17440,59,Female,Houston,70412.65,12,102.49,63.2,10.5,0.51,1253.28,1
CUST-17441,71,Male,New York,29680.99,4,30.45,43.2,3.8,0.55,244.12,0
CUST-17442,39,Female,New York,191499.89,12,450.0,84.7,7.8,0.21,4800.0,1
CUST-17443,47,Female,New York,61759.64,8,151.28,61.2,7.4,0.51,1245.13,0
CUST-17444,18,Female,San Francisco,49216.85,5,89.42,80.6,0.5,0.72,478.2,0
CUST-17445,56,Female,New York,63488.77,7,108.4,47.8,0.7,0.38,940.21,0
CUST-17446,47,Female,Houston,67971.39,6,107.17,48.3,0.7,0.54,742.9,0
CUST-17447,32,Female,New York,114158.1,7,158.51,68.9,0.8,0.38,1364.12,0
CUST-17448,52,Male,New York,63764.31,7,171.91,95.6,12.4,0.53,1211.11,1
CUST-17449,34,Male,Chicago,27707.13,9,64.6,65.2,2.6,0.73,532.78,1
CUST-17450,32,Male,New York,39893.0,2,55.48,80.8,2.0,0.67,249.49,0
CUST-17451,43,Male,New York,84397.95,9,208.55,74.3,4.5,0.47,1921.56,1
CUST-17452,25,Female,Los Angeles,102071.16,9,185.58,49.1,1.4,0.41,1762.29,0
CUST-17453,50,Female,Los Angeles,108934.23,6,267.88,64.7,3.4,0.43,1822.48,0
CUST-17454,25,Female,San Francisco,82497.11,12,113.39,70.0,0.7,0.48,1479.91,1
CUST-17455,25,Female,New York,118628.78,4,325.76,60.8,0.7,0.18,1618.79,0
CUST-17456,27,Female,Seattle,176189.99,5,286.15,68.9,2.4,,1810.72,0
CUST-17457,47,Male,Miami,93328.48,14,165.61,65.2,4.9,0.33,2456.04,1
CUST-17458,30,Female,Miami,81611.52,9,210.95,64.3,4.4,0.5,1918.45,1
CUST-17459,21,Male,Los Angeles,41626.13,8,105.25,61.9,0.8,0.61,869.53,0
CUST-17460,30,Male,Miami,83284.4,6,220.09,72.3,2.7,0.48,1449.86,0
CUST-17461,37,Female,New York,92108.35,10,263.46,78.2,7.1,0.47,2536.56,1
CUST-17462,23,Male,New York,101258.04,11,293.6,65.5,1.3,0.42,3157.32,0
CUST-17463,24,Male,New York,137400.83,4,372.64,73.9,1.5,0.42,1838.44,0
CUST-17464,63,Female,Boston,77776.96,8,198.49,76.7,5.8,0.63,1531.13,1
CUST-17465,27,Male,Los Angeles,59188.87,8,67.4,87.6,2.7,0.56,678.68,1
CUST-17466,34,Male,Boston,38077.87,7,44.49,89.0,2.8,0.71,386.34,0
CUST-17467,33,Male,Los Angeles,53718.02,5,141.14,73.9,3.7,0.61,757.93,0
CUST-17468,32,Male,Boston,72312.17,3,186.74,99.8,2.8,0.52,675.64,0
CUST-17469,45,Male,Boston,74692.22,10,114.7,100.0,5.9,0.63,1173.99,1
CUST-17470,49,Female,Boston,73442.62,7,144.08,95.6,10.3,0.57,1090.8,1
CUST-17471,34,Male,Houston,83155.0,8,156.08,63.4,2.9,0.37,1364.46,0
CUST-17472,23,Female,Seattle,104383.4,7,226.47,81.6,0.8,0.39,1753.05,0
CUST-17473,53,Male,Austin,57772.38,13,180.23,94.1,8.2,0.47,2203.95,1
CUST-17474,36,Female,Los Angeles,40787.5,7,53.16,80.3,6.8,0.6,415.53,0
CUST-17475,58,Female,Chicago,68903.97,13,100.29,85.9,10.6,0.41,1361.53,1
CUST-17476,18,Female,San Francisco,233197.5,10,450.0,76.0,0.5,0.0,4800.0,1
CUST-17477,40,Female,Los Angeles,73158.48,10,104.04,73.9,8.5,0.33,1185.24,1
CUST-17478,61,Female,San Francisco,65415.22,4,153.15,62.3,5.5,0.54,703.88,0
CUST-17479,33,Male,New York,95609.04,8,242.76,82.0,5.9,0.49,2034.29,1
CUST-17480,35,Female,Houston,69325.97,6,98.45,75.7,1.7,0.63,701.42,0
CUST-17481,41,Female,New York,97971.3,9,129.6,67.2,9.2,0.34,1357.56,1
CUST-17482,31,Male,Los Angeles,123772.69,6,316.7,62.9,0.9,0.3,2177.56,0
CUST-17483,34,Male,Los Angeles,75569.53,5,210.8,77.3,4.7,,1174.78,0
CUST-17484,33,Male,Seattle,131380.07,10,380.65,66.5,4.6,0.25,3962.83,1
CUST-17485,30,Female,New York,82061.29,7,229.78,69.0,3.4,0.48,1672.61,1
CUST-17486,52,Male,Miami,109639.81,13,288.66,90.0,10.7,0.48,3567.1,1
CUST-17487,43,Male,Miami,94096.33,9,140.83,77.1,5.0,0.45,1386.74,1
CUST-17488,41,Male,Houston,81601.78,5,120.66,,1.0,0.37,734.43,1
CUST-17489,47,Female,Los Angeles,92443.67,4,198.47,64.0,4.5,0.49,940.84,0
CUST-17490,34,Male,Los Angeles,196913.69,5,439.02,51.4,4.3,0.04,2812.79,1
CUST-17491,28,Male,Chicago,97450.41,6,126.35,69.8,2.8,0.47,936.94,0
CUST-17492,30,Female,New York,47831.81,7,115.1,84.8,1.3,0.69,884.66,1
CUST-17493,38,Female,Houston,58200.95,6,150.63,87.9,2.4,0.64,896.46,0
CUST-17494,25,Female,Austin,52205.95,7,97.62,83.5,1.6,0.66,741.98,0
CUST-17495,31,Female,New York,205323.64,9,387.3,56.8,3.9,0.0,4126.77,1
CUST-17496,31,Male,Houston,96223.17,9,199.14,81.8,4.5,0.4,1907.11,1
CUST-17497,63,Male,Austin,164602.0,9,304.03,65.2,1.8,0.09,3159.96,1
CUST-17498,18,Male,Seattle,46311.53,5,86.83,82.8,0.5,0.75,450.35,0
CUST-17499,35,Female,Seattle,117475.01,8,231.85,71.3,6.3,0.27,2128.91,1
CUST-17500,58,Male,Miami,26015.35,2,73.42,38.4,0.6,0.51,278.12,0
CUST-17501,39,Female,Los Angeles,28104.8,6,71.04,82.0,4.5,0.67,384.25,1
CUST-17502,47,Other,Boston,53308.1,4,109.83,79.4,7.0,0.44,522.95,1
CUST-17503,39,Male,Boston,138483.87,11,234.21,97.4,4.9,0.3,2806.15,1
CUST-17504,29,Male,Houston,31332.12,9,64.47,74.1,2.9,0.63,533.7,1
CUST-17505,18,Male,Los Angeles,61781.3,7,180.29,93.2,0.5,0.56,1271.11,1
CUST-17506,40,Male,Chicago,103074.94,7,210.1,65.0,2.9,0.37,1634.94,0
CUST-17507,28,Male,Los Angeles,95127.04,5,110.12,69.3,0.8,0.32,739.43,0
CUST-17508,28,Female,Los Angeles,188688.96,7,292.84,55.2,1.2,0.0,2578.42,1
CUST-17509,32,Male,Phoenix,48841.0,7,64.38,61.4,4.3,0.44,558.08,1
CUST-17510,58,Male,Houston,41270.03,9,102.36,87.1,4.0,0.53,957.76,1
CUST-17511,66,Male,Chicago,32910.59,11,46.57,78.8,12.5,0.64,524.0,1
CUST-17512,40,Female,New York,60846.2,9,112.46,68.1,3.8,0.57,1100.53,0
CUST-17513,32,Female,Miami,29640.8,9,65.06,69.3,2.6,0.6,588.09,0
CUST-17514,23,Female,New York,29788.63,7,58.92,67.5,1.8,0.63,420.91,0
CUST-17515,43,Female,New York,195204.09,7,450.0,65.0,2.5,0.0,3730.24,1
CUST-17516,59,Female,Phoenix,49965.74,9,93.39,42.0,3.2,,929.38,0
CUST-17517,35,Male,Chicago,207839.95,6,450.0,86.6,6.7,0.24,3183.47,1
CUST-17518,18,Male,New York,48072.25,10,63.38,62.6,0.5,0.55,705.08,0
CUST-17519,46,Male,Los Angeles,50279.75,8,51.82,73.2,2.5,0.65,524.63,0
CUST-17520,49,Female,Miami,34927.24,7,64.38,40.7,2.5,,534.67,0
CUST-17521,18,Male,Phoenix,35392.72,7,74.72,79.8,0.5,0.59,540.69,0
CUST-17522,40,Male,Chicago,88044.01,10,212.8,69.2,5.5,0.4,2152.6,1
CUST-17523,43,Female,New York,97077.66,10,171.53,57.5,1.6,0.42,1859.09,1
CUST-17524,37,Female,Phoenix,75534.46,8,157.06,70.0,6.8,0.43,1315.81,1
CUST-17525,28,Female,Seattle,132492.24,5,257.1,80.9,2.1,0.41,1590.55,0
CUST-17526,50,Male,Phoenix,84822.58,11,150.95,90.0,12.7,0.46,1731.65,1
CUST-17527,33,Female,Miami,31084.41,10,58.73,54.5,2.0,0.7,616.91,1
CUST-17528,20,Female,Houston,39608.44,6,82.18,45.6,0.7,0.58,501.62,0
CUST-17529,18,Male,San Francisco,80596.75,9,137.74,85.7,0.5,0.61,1278.74,0
CUST-17530,53,Female,Boston,250000.0,8,450.0,49.4,6.4,0.0,4329.94,1
CUST-17531,45,Female,Miami,75728.27,11,132.51,63.4,2.3,0.51,1451.16,1
CUST-17532,39,Male,Boston,68573.81,7,89.02,54.5,2.9,0.42,756.54,0
CUST-17533,32,Male,Chicago,79652.41,7,188.8,75.5,1.9,0.5,1373.65,0
CUST-17534,31,Male,Boston,48086.87,6,106.81,59.5,1.8,0.56,671.57,0
CUST-17535,25,Male,Phoenix,55595.21,13,83.42,100.0,2.7,0.65,1058.05,1
CUST-17536,32,Female,Seattle,109149.59,5,282.87,60.5,0.7,0.37,1656.76,0
CUST-17537,18,Male,New York,72085.4,4,143.64,56.7,0.5,0.42,759.24,0
CUST-17538,29,Female,Phoenix,33401.73,6,52.14,64.7,3.0,0.43,305.34,0
CUST-17539,34,Female,Seattle,65134.3,8,140.49,72.6,4.4,0.55,1212.2,0
CUST-17540,45,Female,New York,62337.37,4,179.35,85.4,8.3,0.54,771.74,1
CUST-17541,37,Male,San Francisco,38480.56,8,48.78,85.3,5.9,0.66,449.51,1
CUST-17542,47,Male,Miami,38674.3,10,64.47,73.7,11.1,0.56,683.65,1
CUST-17543,54,Male,Los Angeles,31050.05,7,15.99,71.0,11.0,0.6,281.16,1
CUST-17544,50,Male,Chicago,30650.15,14,59.5,93.6,10.6,0.71,792.54,1
CUST-17545,43,Male,Houston,29092.46,8,33.03,64.4,5.6,0.55,287.96,1
CUST-17546,38,Female,Houston,82903.48,10,145.51,96.6,5.4,0.6,1497.9,1
CUST-17547,26,Male,New York,153996.8,4,256.51,59.7,1.8,0.17,1505.17,0
CUST-17548,46,Female,New York,33930.34,8,103.83,47.7,3.5,0.55,796.77,0
CUST-17549,58,Male,New York,161167.01,6,380.5,57.8,5.0,0.28,2632.74,1
CUST-17550,42,Female,Los Angeles,35470.79,6,35.01,61.7,3.8,0.72,219.59,1
CUST-17551,61,Female,Los Angeles,90508.77,6,192.85,78.7,5.4,0.51,1268.95,0
CUST-17552,19,Male,San Francisco,86314.38,6,272.23,72.0,0.5,0.49,1718.2,1
CUST-17553,24,Female,Houston,70730.52,4,205.26,61.9,1.0,0.6,916.62,0
CUST-17554,48,Female,Miami,28733.97,9,73.06,62.2,6.4,0.65,607.24,1
CUST-17555,41,Female,New York,29552.57,9,61.55,87.7,8.5,0.76,536.22,1
CUST-17556,53,Female,Houston,34449.59,9,87.32,56.2,6.0,0.48,820.57,1
CUST-17557,37,Male,Los Angeles,77126.04,8,107.61,48.6,2.1,0.4,1030.43,0
CUST-17558,27,Male,Seattle,180159.1,8,306.92,68.6,1.6,0.13,2925.75,1
CUST-17559,35,Male,San Francisco,45324.84,9,111.71,88.1,6.0,0.57,1035.96,1
CUST-17560,19,Female,Seattle,64455.14,5,129.65,66.9,0.5,0.65,746.89,0
CUST-17561,24,Other,New York,50290.17,4,97.32,73.1,2.2,0.55,504.32,0
CUST-17562,49,Female,San Francisco,75196.44,8,133.57,62.8,3.9,0.35,1175.96,1
CUST-17563,48,Male,Houston,19600.57,10,22.91,69.9,5.0,0.84,285.99,0
CUST-17564,42,Female,Miami,108850.25,10,233.37,76.3,9.4,0.34,2507.7,1
CUST-17565,18,Female,Houston,52089.82,7,105.14,82.7,0.5,0.53,804.02,0
CUST-17566,33,Male,Houston,81412.94,6,189.09,70.2,1.3,0.47,1279.39,0
CUST-17567,23,Male,New York,65121.08,3,127.2,70.0,0.9,0.53,478.01,0
CUST-17568,52,Male,San Francisco,83431.92,7,125.6,80.0,13.1,0.47,994.04,1
CUST-17569,30,Female,Los Angeles,109556.78,11,204.39,76.0,2.3,0.44,2354.96,1
CUST-17570,24,Female,New York,78117.0,6,145.71,,2.3,0.35,942.92,1
CUST-17571,38,Male,New York,79535.42,7,219.45,79.3,1.3,,1528.9,0
CUST-17572,30,Male,Austin,40068.26,10,77.94,64.6,3.8,0.75,709.71,0
CUST-17573,55,Female,Los Angeles,47693.49,5,98.75,60.5,1.8,0.56,609.64,0
CUST-17574,29,Female,Seattle,40812.18,5,102.03,67.9,1.3,0.54,540.39,0
CUST-17575,21,Female,Austin,41204.44,9,56.27,76.9,0.9,0.65,548.54,0
CUST-17576,18,Female,Boston,121532.39,13,289.35,88.5,0.5,0.34,3775.32,1
CUST-17577,37,Male,Seattle,167283.99,6,351.4,79.0,5.2,0.1,2598.27,1
CUST-17578,31,Female,Boston,34845.67,9,61.24,66.1,5.1,0.57,582.04,1
CUST-17579,20,Male,Los Angeles,75913.35,3,150.27,77.5,0.5,0.42,611.46,0
CUST-17580,52,Female,New York,62396.15,7,95.96,67.8,3.0,0.52,804.9,0
CUST-17581,46,Male,Phoenix,98039.31,9,229.02,81.0,7.4,0.46,2125.23,1
CUST-17582,37,Female,Houston,55057.69,8,104.91,83.2,6.9,0.55,867.31,1
CUST-17583,54,Male,New York,72865.22,12,125.98,68.7,11.6,0.49,1557.29,1
CUST-17584,45,Female,San Francisco,52265.28,10,122.43,76.7,5.3,0.6,1217.12,1
CUST-17585,28,Male,Houston,23928.29,7,72.38,89.9,3.1,0.68,542.79,0
CUST-17586,25,Male,Seattle,99073.06,13,198.45,54.3,1.0,0.25,2760.38,1
CUST-17587,47,Female,Phoenix,58170.22,3,111.32,46.2,0.7,0.36,460.13,0
CUST-17588,42,Male,Houston,62157.62,7,74.17,81.9,5.7,0.67,605.82,0
CUST-17589,40,Female,Chicago,42155.76,7,117.17,69.8,7.2,0.48,876.18,1
CUST-17590,27,Female,Chicago,52886.64,6,80.0,72.1,1.8,0.57,588.89,1
CUST-17591,45,Female,Austin,88507.77,10,219.72,71.5,6.4,0.45,2279.13,1
CUST-17592,28,Female,New York,119510.67,6,294.78,75.1,2.0,0.34,1981.81,0
CUST-17593,36,Female,Chicago,31557.11,8,61.06,76.5,3.9,0.68,492.33,1
CUST-17594,55,Female,Phoenix,35524.06,7,49.42,83.2,13.1,0.63,417.07,1
CUST-17595,30,Female,Chicago,28391.6,7,56.34,85.5,2.6,0.66,441.92,0
CUST-17596,19,Male,Los Angeles,68898.81,11,133.58,70.8,0.5,0.4,1557.54,1
CUST-17597,25,Male,Los Angeles,96948.1,6,262.28,,2.3,0.44,1756.31,0
CUST-17598,49,Female,Los Angeles,54198.27,13,138.18,60.5,7.9,0.53,1784.33,1
CUST-17599,41,Male,Los Angeles,44727.04,10,86.92,65.6,6.9,0.54,881.34,1
CUST-17600,36,Male,Seattle,57267.73,10,44.53,53.7,6.5,0.58,625.6,1
CUST-17601,31,Male,Houston,163058.35,4,415.21,74.6,1.8,0.13,2035.74,0
CUST-17602,43,Male,Los Angeles,113065.89,8,304.55,62.6,5.3,0.31,2633.23,1
CUST-17603,27,Female,Chicago,81984.77,9,129.85,71.2,2.4,0.49,1284.93,0
CUST-17604,41,Female,New York,85831.26,7,223.05,66.6,3.5,0.59,1587.81,1
CUST-17605,29,Other,Boston,64598.78,7,118.8,78.2,3.8,0.52,908.14,1
CUST-17606,27,Female,Chicago,36151.51,11,98.45,45.8,2.7,0.55,1019.7,0
CUST-17607,30,Male,Austin,35047.69,5,66.51,56.2,3.7,0.46,392.23,0
CUST-17608,33,Male,Los Angeles,46901.58,6,120.52,66.7,4.9,0.47,749.48,1
CUST-17609,37,Male,Seattle,42034.82,4,95.32,62.4,2.3,0.7,422.82,0
CUST-17610,40,Female,Los Angeles,45975.11,8,148.83,69.4,6.7,0.62,1158.77,0
CUST-17611,18,Male,New York,69505.2,3,105.48,77.6,0.5,0.5,520.36,0
CUST-17612,28,Male,New York,72218.66,7,118.69,54.4,3.4,0.51,940.98,0
CUST-17613,33,Female,Phoenix,35755.12,5,86.23,67.5,3.2,0.65,501.89,0
CUST-17614,56,Female,Los Angeles,79807.02,14,114.14,72.3,7.8,0.46,1621.95,1
CUST-17615,25,Male,Chicago,51755.55,9,55.96,62.6,0.7,0.45,644.46,0
CUST-17616,39,Male,Miami,57300.01,6,108.93,70.9,7.2,0.47,786.33,0
CUST-17617,55,Female,Los Angeles,42936.04,10,63.02,60.4,8.1,0.57,690.86,1
CUST-17618,22,Female,Los Angeles,88097.39,6,230.65,75.0,1.2,0.55,1462.12,1
CUST-17619,42,Male,Seattle,51829.8,2,58.78,45.4,1.6,0.58,176.06,0
CUST-17620,28,Male,Houston,115034.09,10,139.28,70.9,2.6,0.24,1643.76,1
CUST-17621,31,Female,Miami,45991.46,5,115.65,51.3,0.7,0.48,651.74,0
CUST-17622,28,Female,Chicago,54254.88,11,84.81,80.1,3.7,0.67,930.67,0
CUST-17623,29,Female,Chicago,76541.2,6,194.67,68.0,3.9,0.36,1259.52,1
CUST-17624,70,Female,New York,109757.61,7,217.77,69.4,3.3,0.4,1669.14,1
CUST-17625,48,Female,Boston,102962.32,6,139.43,82.3,7.3,0.43,1040.22,1
CUST-17626,51,Male,Boston,157962.92,5,190.79,50.6,8.2,0.13,1373.54,1
CUST-17627,43,Male,Austin,82971.54,7,236.95,99.5,8.1,0.74,1626.6,1
CUST-17628,18,Female,Chicago,55011.47,6,125.91,72.3,0.5,0.56,864.28,0
CUST-17629,42,Female,Miami,39493.2,12,85.51,,9.5,0.65,934.6,1
CUST-17630,50,Female,Chicago,53203.32,8,129.24,64.2,4.8,0.69,1008.27,1
CUST-17631,27,Male,Chicago,119467.35,6,163.57,79.0,0.9,0.45,1231.33,0
CUST-17632,49,Female,Miami,25725.13,4,29.22,71.2,7.3,0.69,182.58,1
CUST-17633,46,Male,New York,48562.19,11,110.98,70.9,8.7,0.38,1229.39,1
CUST-17634,60,Female,Los Angeles,55841.28,10,72.11,63.5,4.6,0.59,745.1,1
CUST-17635,32,Male,Los Angeles,41093.46,7,72.19,59.7,1.7,0.51,578.78,0
CUST-17636,24,Female,Miami,41953.65,3,66.59,82.5,2.0,0.69,283.98,0
CUST-17637,33,Female,Chicago,140351.8,7,200.93,69.0,4.6,0.22,1792.46,1
CUST-17638,55,Male,Los Angeles,53675.69,10,54.29,,3.4,0.5,648.22,1
CUST-17639,18,Male,Austin,73213.45,10,166.15,78.6,0.5,0.54,1653.14,0
CUST-17640,18,Female,Chicago,24827.12,9,36.27,74.1,0.5,0.69,269.76,0
CUST-17641,39,Female,Los Angeles,35901.82,4,61.29,57.7,1.4,0.5,284.88,0
CUST-17642,32,Male,Phoenix,77728.81,9,222.63,70.0,2.3,0.51,1975.5,0
CUST-17643,38,Male,Miami,118506.24,6,306.3,81.0,7.1,0.42,1998.82,1
CUST-17644,49,Male,New York,81700.05,8,120.87,67.6,8.8,0.33,1213.32,1
CUST-17645,31,Female,Phoenix,41840.97,6,75.0,75.9,2.4,0.58,512.32,0
CUST-17646,18,Male,New York,93731.11,3,175.02,71.7,0.5,0.35,770.76,0
CUST-17647,62,Male,Houston,18000.0,10,68.43,75.0,10.8,0.66,622.84,1
CUST-17648,26,Female,Los Angeles,69865.18,8,116.03,66.2,2.1,0.46,1032.98,0
CUST-17649,25,Female,Los Angeles,36927.31,7,73.13,52.0,2.8,0.46,532.12,0
CUST-17650,51,Male,Chicago,84612.45,14,228.61,100.0,10.2,0.72,2865.75,1
CUST-17651,33,Other,Boston,21723.98,3,79.11,65.3,1.1,0.67,193.32,0
CUST-17652,37,Female,San Francisco,55397.2,12,98.05,74.0,5.7,0.49,1176.07,1
CUST-17653,43,Female,Boston,63693.24,6,172.2,,2.9,0.44,1106.65,0
CUST-17654,51,Male,Phoenix,33314.36,13,44.81,95.8,12.7,0.72,644.22,1
CUST-17655,33,Female,New York,60618.92,16,87.9,,0.6,0.42,1451.68,1
CUST-17656,56,Male,Los Angeles,97927.15,7,136.57,61.5,4.0,0.16,1222.18,1
CUST-17657,18,Male,Boston,64220.23,5,65.56,81.9,0.5,0.49,448.38,0
CUST-17658,47,Male,Phoenix,30618.18,8,75.37,44.9,1.4,0.64,586.43,0
CUST-17659,27,Female,Austin,95369.13,5,234.25,76.3,1.6,0.66,1284.69,0
CUST-17660,54,Female,New York,82916.97,5,157.09,93.1,7.4,0.61,882.61,1
CUST-17661,39,Female,Los Angeles,72114.16,16,186.36,78.5,4.0,0.56,2775.15,1
CUST-17662,29,Male,Chicago,36407.67,6,75.84,,2.3,0.64,543.67,0
CUST-17663,45,Female,Los Angeles,18000.0,11,27.0,63.3,9.6,0.7,290.4,1
CUST-17664,48,Female,Los Angeles,39604.43,7,84.26,64.1,6.3,0.6,637.15,1
CUST-17665,45,Male,Chicago,34367.13,11,87.4,83.4,10.2,0.68,848.64,1
CUST-17666,25,Female,Phoenix,35882.0,4,76.45,94.0,0.8,0.85,336.66,0
CUST-17667,32,Male,Los Angeles,40897.9,3,113.57,55.4,1.9,0.6,384.48,0
CUST-17668,37,Female,New York,77377.7,8,105.55,62.8,5.2,0.43,1018.08,1
CUST-17669,37,Male,San Francisco,117819.72,10,283.74,76.9,2.5,0.38,2948.46,0
CUST-17670,46,Female,Chicago,97428.19,3,210.89,74.6,4.2,0.48,866.62,1
CUST-17671,18,Female,Houston,78222.5,7,135.36,77.6,0.5,0.41,1097.5,0
CUST-17672,42,Other,Chicago,36314.69,7,86.64,80.2,5.4,0.62,669.36,1
CUST-17673,34,Male,Boston,66954.73,6,184.19,59.7,2.5,0.38,1129.74,0
CUST-17674,27,Male,Houston,112565.4,7,179.48,74.4,2.9,0.19,1610.1,1
CUST-17675,29,Male,Boston,29435.43,2,38.66,58.6,0.8,0.57,141.5,0
CUST-17676,35,Female,Houston,100994.54,7,289.44,77.0,4.1,0.5,2182.82,1
CUST-17677,18,Female,Los Angeles,37862.27,7,81.72,70.6,0.5,0.63,581.62,0
CUST-17678,29,Male,Los Angeles,72160.25,14,126.68,49.7,1.2,0.54,1777.29,1
CUST-17679,27,Male,Houston,63265.74,5,182.5,81.3,0.7,0.73,984.67,0
CUST-17680,44,Female,Houston,56594.28,12,92.13,85.3,9.4,0.65,1096.91,1
CUST-17681,28,Female,San Francisco,231123.78,10,450.0,65.8,0.7,0.0,4800.0,1
CUST-17682,35,Male,Los Angeles,53602.23,10,110.5,75.4,3.8,0.67,1059.89,1
CUST-17683,56,Male,Phoenix,21480.39,7,54.6,51.7,3.8,0.56,388.73,0
CUST-17684,49,Male,Miami,61508.47,8,99.92,77.7,5.1,0.52,828.51,1
CUST-17685,48,Female,San Francisco,69664.93,7,201.28,79.1,6.2,0.42,1447.11,1
CUST-17686,32,Female,Houston,67921.46,8,116.19,73.6,2.8,0.59,977.86,0
CUST-17687,44,Female,Austin,92629.02,12,195.62,87.3,7.9,0.53,2282.13,1
CUST-17688,35,Male,Chicago,55934.99,7,87.84,41.2,6.2,0.48,734.47,0
CUST-17689,35,Female,New York,90967.7,4,270.96,74.1,2.4,0.47,1238.81,0
CUST-17690,42,Male,Miami,55316.45,12,119.12,65.9,0.7,0.55,1405.9,1
CUST-17691,30,Male,Los Angeles,152619.88,5,359.06,70.9,4.3,0.11,2223.19,1
CUST-17692,55,Other,San Francisco,63018.99,10,82.64,95.5,14.5,0.71,896.75,1
CUST-17693,36,Male,New York,51873.82,6,74.35,64.1,3.4,0.53,539.13,0
CUST-17694,45,Male,New York,113603.55,12,309.52,57.4,5.2,0.32,3709.62,1
CUST-17695,55,Other,New York,45959.45,7,87.98,59.9,2.6,0.46,658.04,0
CUST-17696,50,Male,Chicago,69207.81,8,194.31,79.5,6.3,0.46,1544.56,1
CUST-17697,21,Female,New York,67192.04,10,62.55,87.9,0.7,0.61,712.59,0
CUST-17698,43,Female,New York,69525.18,12,94.84,86.7,9.9,0.61,1157.72,1
CUST-17699,48,Female,Miami,174095.45,7,410.46,52.5,2.6,0.19,3291.77,1
CUST-17700,48,Male,Miami,95392.01,6,167.81,57.7,4.9,0.32,1232.91,1
CUST-17701,24,Male,Miami,85776.17,3,131.34,69.0,1.7,0.34,639.08,0
CUST-17702,30,Male,Seattle,88294.13,3,160.37,55.5,2.0,0.57,556.71,0
CUST-17703,49,Male,Chicago,40256.76,10,83.87,93.3,6.1,0.81,787.67,1
CUST-17704,28,Female,Seattle,77179.13,7,165.97,87.9,3.9,0.55,1187.46,1
CUST-17705,34,Male,Houston,68897.06,10,84.21,77.7,3.5,0.55,958.37,1
CUST-17706,56,Male,Chicago,62835.96,10,148.81,100.0,13.7,0.59,1472.64,1
CUST-17707,37,Female,San Francisco,79526.64,6,171.31,65.5,0.8,0.33,1062.09,1
CUST-17708,29,Female,Los Angeles,51074.33,7,79.23,67.9,1.0,0.66,635.25,0
CUST-17709,27,Female,Miami,59008.46,11,123.17,67.8,3.4,0.63,1305.89,1
CUST-17710,41,Male,Chicago,43739.4,5,99.82,66.6,1.6,0.48,632.34,0
CUST-17711,22,Female,New York,103965.69,4,174.28,61.8,1.3,0.35,902.09,0
CUST-17712,35,Female,New York,26694.66,11,56.38,66.3,3.3,0.61,633.13,1
CUST-17713,41,Male,New York,144274.99,6,177.72,70.8,4.0,0.1,1505.25,0
CUST-17714,53,Male,Boston,33741.66,6,79.9,81.4,9.4,0.64,452.71,1
CUST-17715,46,Male,Austin,34950.31,9,61.51,83.7,8.3,0.72,625.4,1
CUST-17716,29,Female,Los Angeles,76434.47,3,206.45,72.6,4.1,0.4,727.92,0
CUST-17717,52,Male,Los Angeles,81612.1,6,163.51,63.6,3.9,0.37,1105.66,0
CUST-17718,34,Female,Los Angeles,176116.49,8,249.18,69.2,4.6,0.11,2487.01,1
CUST-17719,23,Female,Miami,59685.77,7,143.52,56.0,1.0,0.51,1048.24,0
CUST-17720,35,Female,Los Angeles,61055.26,10,97.52,93.0,5.0,0.62,1021.15,1
CUST-17721,55,Male,Boston,71537.08,6,181.04,60.9,2.5,0.53,1148.8,0
CUST-17722,39,Male,San Francisco,167999.47,5,252.3,74.6,4.1,0.15,1683.2,1
CUST-17723,38,Male,Boston,218495.69,8,450.0,66.5,1.9,0.07,4231.13,1
CUST-17724,57,Male,Houston,46925.03,8,121.59,57.6,5.4,0.47,952.3,0
CUST-17725,20,Female,San Francisco,99494.58,10,137.99,96.7,0.7,0.48,1534.33,1
CUST-17726,22,Male,Phoenix,46978.48,9,58.28,51.8,0.8,0.42,628.22,0
CUST-17727,18,Male,Seattle,64602.63,5,71.07,70.3,0.5,0.55,496.42,0
CUST-17728,42,Male,Seattle,173280.83,7,289.62,61.8,5.0,0.08,2443.4,1
CUST-17729,39,Male,Phoenix,30692.5,5,54.86,82.2,1.2,0.69,294.57,1
CUST-17730,56,Female,Phoenix,18000.0,10,13.66,61.9,6.1,0.6,179.22,0
CUST-17731,40,Female,Boston,76194.44,8,120.15,86.4,7.7,,1109.88,1
CUST-17732,33,Female,Boston,118518.56,8,285.45,57.2,5.9,0.2,2582.62,1
CUST-17733,38,Male,San Francisco,84661.87,6,203.16,72.7,3.3,0.43,1386.28,1
CUST-17734,39,Female,New York,94014.69,11,149.95,73.9,0.9,0.49,1730.19,0
CUST-17735,18,Female,New York,106542.72,5,180.06,75.2,0.5,0.39,1161.67,0
CUST-17736,70,Male,Seattle,71582.01,14,119.79,55.6,11.9,0.53,1689.81,1
CUST-17737,44,Male,New York,96592.7,8,112.39,63.8,7.0,0.32,1113.6,1
CUST-17738,40,Female,Los Angeles,81598.64,6,179.75,65.3,2.9,0.41,1253.12,0
CUST-17739,45,Female,Los Angeles,23399.26,11,46.03,79.4,4.5,0.62,490.78,1
CUST-17740,46,Female,Phoenix,51615.27,8,110.82,72.5,9.2,0.5,902.63,1
CUST-17741,36,Male,Houston,23442.72,8,87.9,62.3,3.3,0.57,672.54,0
CUST-17742,30,Male,Los Angeles,61125.0,6,181.85,64.9,3.7,0.58,1098.48,1
CUST-17743,45,Female,Los Angeles,48636.11,12,131.35,54.2,3.5,0.45,1514.09,1
CUST-17744,42,Female,Miami,86311.0,9,208.63,80.6,7.1,0.61,1833.64,1
CUST-17745,28,Female,Boston,73462.32,4,188.45,60.0,2.1,0.47,822.27,0
CUST-17746,55,Female,New York,92660.82,8,169.29,97.1,8.3,0.37,1515.88,1
CUST-17747,41,Male,New York,66461.57,7,117.83,69.8,5.7,0.46,958.48,1
CUST-17748,46,Female,Phoenix,82514.57,9,111.7,60.5,5.3,0.46,1146.89,1
CUST-17749,54,Female,Miami,23156.81,9,18.88,50.0,7.0,0.65,241.79,0
CUST-17750,38,Female,Miami,32891.04,7,109.87,39.8,2.5,0.61,723.14,0
CUST-17751,41,Male,San Francisco,144296.54,11,345.28,100.0,9.1,0.37,3823.79,1
CUST-17752,47,Male,Seattle,54465.31,7,125.32,92.4,10.6,0.61,858.8,1
CUST-17753,29,Female,Los Angeles,21308.17,5,38.19,70.5,2.6,0.81,205.2,0
CUST-17754,38,Female,New York,151210.05,10,220.24,60.6,0.8,0.21,2549.28,1
CUST-17755,39,Female,Phoenix,83542.23,7,111.41,41.6,1.8,0.38,953.53,0
CUST-17756,26,Female,Miami,73437.6,5,135.6,66.5,2.8,0.63,798.54,0
CUST-17757,65,Female,Phoenix,51115.47,11,154.77,67.6,14.0,0.6,1604.75,1
CUST-17758,21,Female,Austin,136719.09,5,253.52,64.2,0.6,0.13,1630.0,0
CUST-17759,22,Male,Miami,96569.28,5,135.52,60.9,1.3,0.28,891.91,0
CUST-17760,53,Male,San Francisco,164456.32,6,356.73,79.6,8.9,0.25,2456.34,1
CUST-17761,46,Male,New York,103554.66,10,163.02,59.8,3.7,0.21,1813.6,1
CUST-17762,25,Female,New York,77769.34,7,198.27,54.4,1.5,0.54,1488.2,0
CUST-17763,45,Male,Miami,42155.66,11,96.24,73.4,7.5,0.61,1070.49,1
CUST-17764,55,Male,New York,38779.33,5,93.81,58.5,1.9,0.68,509.76,0
CUST-17765,37,Female,New York,94007.27,8,161.28,72.9,1.8,0.47,1478.52,0
CUST-17766,69,Female,Boston,87116.38,10,108.18,72.2,1.0,0.45,1225.44,0
CUST-17767,18,Female,Boston,54580.44,7,92.26,97.7,0.5,0.57,790.72,1
CUST-17768,46,Male,Los Angeles,84677.27,10,101.21,60.8,6.6,0.29,1217.82,1
CUST-17769,51,Female,Miami,43591.51,13,86.36,68.4,7.1,0.52,1133.43,1
CUST-17770,48,Male,New York,112850.41,7,243.43,68.7,8.6,0.38,1938.21,1
CUST-17771,35,Male,Los Angeles,40083.03,13,56.52,48.4,6.7,0.54,781.46,1
CUST-17772,34,Male,Phoenix,28769.86,6,48.68,73.2,1.5,0.78,351.7,0
CUST-17773,43,Male,Miami,45634.41,4,71.18,72.5,1.8,0.51,399.37,0
CUST-17774,47,Male,New York,110690.94,5,311.2,53.5,3.8,0.32,1798.8,0
CUST-17775,45,Female,Los Angeles,34904.44,12,34.01,94.8,9.8,0.61,469.26,1
CUST-17776,50,Male,Los Angeles,105303.87,6,151.69,72.5,5.6,0.51,1141.82,1
CUST-17777,25,Female,Austin,26213.14,3,56.22,80.7,2.3,0.55,212.34,0
CUST-17778,35,Male,San Francisco,67043.66,6,60.75,66.7,1.8,0.49,460.97,1
CUST-17779,26,Male,Chicago,28064.26,4,48.24,65.0,1.8,0.6,252.97,0
CUST-17780,33,Female,New York,19834.04,5,36.45,74.6,1.2,0.72,183.81,0
CUST-17781,50,Female,Phoenix,58563.41,12,107.05,73.9,5.6,0.55,1301.56,1
CUST-17782,39,Female,Phoenix,44610.92,9,95.6,61.4,2.6,0.55,860.11,0
CUST-17783,69,Female,Miami,25595.13,8,38.45,78.9,8.5,0.71,286.77,1
CUST-17784,40,Female,Los Angeles,48120.09,8,120.22,75.4,7.0,0.55,942.69,1
CUST-17785,38,Female,Austin,74326.5,6,137.7,72.9,7.5,0.42,953.09,1
CUST-17786,39,Female,Chicago,47321.28,7,69.63,53.0,2.7,0.41,616.87,0
CUST-17787,30,Female,Los Angeles,56411.11,10,69.24,95.4,3.7,0.59,787.49,1
CUST-17788,37,Male,Los Angeles,51048.61,8,53.5,68.7,6.8,0.61,521.65,0
CUST-17789,51,Female,Houston,38466.99,5,38.32,36.1,2.1,0.46,216.58,0
CUST-17790,39,Male,Boston,48274.22,10,123.85,89.2,5.1,0.59,1240.44,1
CUST-17791,28,Male,San Francisco,55499.18,8,164.6,76.8,2.6,0.63,1307.7,0
CUST-17792,26,Female,Houston,35317.55,9,40.06,42.0,1.2,,423.68,0
CUST-17793,32,Male,New York,43978.55,7,97.38,77.4,0.6,0.58,722.13,0
CUST-17794,38,Male,New York,60490.91,5,148.21,73.3,2.4,0.52,851.89,0
CUST-17795,52,Male,Houston,37374.46,12,104.27,84.6,8.2,0.63,1235.91,1
CUST-17796,21,Female,San Francisco,44383.49,8,64.93,70.8,0.6,0.59,603.2,0
CUST-17797,34,Male,San Francisco,111243.81,13,327.4,71.9,2.2,0.32,4204.52,1
CUST-17798,39,Male,Los Angeles,115390.8,7,262.39,76.4,6.1,0.36,2051.87,1
CUST-17799,18,Female,New York,73134.33,4,197.57,67.5,0.5,0.46,972.41,0
CUST-17800,27,Male,Chicago,58807.62,3,163.24,73.6,0.7,0.52,608.3,0
CUST-17801,29,Male,Boston,45983.58,7,116.49,72.0,2.1,0.58,885.77,0
CUST-17802,28,Male,Houston,87747.83,5,255.23,56.9,4.0,0.28,1435.8,0
CUST-17803,40,Male,Los Angeles,148576.09,5,340.84,54.0,2.7,0.18,2096.47,1
CUST-17804,36,Male,Los Angeles,57403.76,4,125.2,63.6,2.3,0.4,667.22,0
CUST-17805,31,Male,New York,56352.47,5,123.5,46.3,1.3,0.5,711.86,0
CUST-17806,43,Male,Chicago,67476.04,7,172.86,61.8,3.1,0.52,1196.86,0
CUST-17807,58,Female,Miami,54894.71,8,111.35,75.2,8.8,0.65,914.86,1
CUST-17808,57,Female,Austin,46408.25,9,118.48,75.4,14.5,0.76,964.67,1
CUST-17809,18,Female,Houston,65140.69,2,125.01,83.5,0.5,0.64,432.1,0
CUST-17810,44,Male,New York,116912.77,6,222.72,54.4,4.6,0.34,1588.1,0
CUST-17811,35,Male,San Francisco,51203.49,9,107.57,60.5,3.0,0.36,1066.95,1
CUST-17812,39,Female,San Francisco,250000.0,8,450.0,65.9,0.7,0.0,4306.9,1
CUST-17813,33,Male,New York,33983.61,7,59.66,53.5,0.5,0.61,433.71,0
CUST-17814,39,Female,Seattle,44236.18,6,93.38,80.6,6.8,0.69,619.28,0
CUST-17815,39,Male,Miami,57854.74,6,97.05,58.4,4.4,0.58,671.88,0
CUST-17816,31,Female,Chicago,174944.97,7,384.6,80.4,0.7,0.13,3133.06,1
CUST-17817,27,Male,Houston,38847.98,5,96.06,58.2,1.4,0.66,562.98,0
CUST-17818,32,Male,San Francisco,44515.78,5,49.42,52.4,2.3,0.45,374.53,0
CUST-17819,40,Female,San Francisco,99816.92,9,203.63,81.3,7.0,0.5,1896.22,1
CUST-17820,45,Female,New York,64589.52,12,175.98,68.7,5.0,0.5,2012.58,1
CUST-17821,48,Male,New York,102000.44,8,174.2,58.9,9.6,0.34,1568.23,1
CUST-17822,32,Female,New York,70594.98,6,176.72,73.8,3.7,0.54,1160.59,1
CUST-17823,41,Male,San Francisco,49409.05,6,106.35,68.5,0.8,0.62,735.37,0
CUST-17824,49,Male,Chicago,184098.86,10,420.84,,12.0,0.22,4489.52,1
CUST-17825,51,Female,Houston,18000.0,7,34.86,63.9,2.8,0.69,228.82,0
CUST-17826,37,Female,Miami,127877.25,3,253.11,46.9,2.5,0.22,1226.1,0
CUST-17827,35,Female,Los Angeles,99348.87,9,169.54,100.0,5.6,0.6,1641.87,1
CUST-17828,40,Male,San Francisco,52243.86,10,75.41,69.6,2.1,0.56,775.35,0
CUST-17829,24,Male,Chicago,145074.14,4,221.3,43.7,1.3,,1312.55,0
CUST-17830,35,Female,Chicago,28654.92,10,40.8,82.7,5.9,0.68,389.56,1
CUST-17831,46,Male,Los Angeles,103137.41,9,261.58,,7.3,0.38,2414.35,1
CUST-17832,45,Male,Austin,21035.94,10,39.71,74.5,3.6,0.8,325.29,1
CUST-17833,34,Male,Miami,29020.79,13,102.57,80.2,4.3,0.74,1202.66,1
CUST-17834,40,Male,New York,41188.88,6,99.71,84.2,7.2,0.66,562.88,1
CUST-17835,28,Male,Austin,40944.87,8,71.26,70.9,1.9,0.62,602.3,0
CUST-17836,46,Male,Miami,51766.44,7,84.06,,6.6,0.61,693.59,1
CUST-17837,37,Female,New York,48393.29,10,110.36,88.1,7.5,0.7,1055.62,1
CUST-17838,34,Female,New York,26420.6,8,72.37,52.2,6.2,0.72,557.45,0
CUST-17839,33,Male,Los Angeles,78549.74,6,142.37,61.1,3.3,0.46,1019.42,0
CUST-17840,37,Male,Phoenix,49966.84,9,124.35,67.0,1.2,0.47,1149.2,0
CUST-17841,32,Male,Phoenix,59820.47,12,133.2,63.5,4.1,0.48,1617.46,1
CUST-17842,45,Male,Los Angeles,67895.22,5,108.1,67.2,3.3,0.56,687.32,0
CUST-17843,33,Female,Chicago,91666.09,6,104.08,58.9,4.2,0.36,834.87,0
CUST-17844,57,Other,Los Angeles,59995.26,14,149.61,60.9,5.6,0.44,2041.25,1
CUST-17845,55,Female,New York,121341.59,10,199.72,81.9,10.8,0.44,2141.94,1
CUST-17846,27,Female,Houston,34921.51,5,46.35,77.4,1.6,0.54,284.22,0
CUST-17847,38,Male,Los Angeles,43496.11,9,71.81,97.0,7.6,0.7,647.54,1
CUST-17848,30,Male,Houston,102408.64,8,282.73,77.0,1.1,0.33,2448.87,1
CUST-17849,34,Female,Boston,128047.41,7,290.16,70.7,0.9,0.18,2269.81,1
CUST-17850,62,Female,New York,97438.4,11,172.27,69.5,11.8,0.55,1917.71,1
CUST-17851,34,Female,New York,46889.57,9,103.69,75.0,2.9,0.54,892.42,0
CUST-17852,42,Male,New York,45039.19,9,134.85,60.4,4.7,0.58,1221.63,1
CUST-17853,44,Female,Chicago,110505.67,8,253.91,74.5,9.7,0.54,2075.39,1
CUST-17854,25,Male,San Francisco,143315.63,3,244.94,60.8,1.9,0.15,1153.64,0
CUST-17855,27,Female,Phoenix,47233.08,6,73.51,89.5,2.5,0.54,505.56,1
CUST-17856,23,Female,Houston,165984.41,14,338.59,66.8,0.5,0.24,4800.0,1
CUST-17857,27,Male,Los Angeles,78371.21,9,87.45,61.9,2.6,0.28,993.05,0
CUST-17858,18,Female,Los Angeles,35816.44,11,128.97,94.1,0.5,0.85,1215.92,0
CUST-17859,44,Other,Chicago,49561.75,9,82.56,49.6,5.1,0.51,839.55,1
CUST-17860,62,Female,Phoenix,48892.28,12,75.09,71.8,12.2,0.55,849.21,1
CUST-17861,39,Female,New York,76366.84,7,172.92,78.7,4.6,0.37,1332.4,0
CUST-17862,21,Male,Miami,96154.19,9,156.48,66.7,1.2,0.39,1540.3,1
CUST-17863,30,Female,Houston,31906.41,13,80.51,81.7,3.9,0.69,924.89,1
CUST-17864,32,Male,Los Angeles,32016.47,3,51.15,66.8,4.2,0.54,224.12,0
CUST-17865,25,Male,Houston,69554.68,9,150.07,69.0,1.9,0.48,1417.99,0
CUST-17866,48,Male,Austin,46250.05,8,113.6,74.6,5.2,0.62,887.26,1
CUST-17867,47,Female,New York,245697.81,4,450.0,60.9,1.1,,2606.13,1
CUST-17868,24,Male,New York,117209.1,6,187.16,56.6,0.5,0.23,1403.93,0
CUST-17869,46,Male,Chicago,43743.22,7,55.02,50.5,1.0,0.73,379.18,0
CUST-17870,56,Male,Phoenix,89417.02,11,209.18,81.3,14.4,0.48,2309.4,1
CUST-17871,60,Female,Los Angeles,89766.52,10,150.89,52.5,5.2,0.4,1627.85,1
CUST-17872,72,Female,Boston,89247.63,8,190.87,81.1,10.7,0.35,1641.46,1
CUST-17873,27,Male,Phoenix,45867.75,8,47.57,75.7,2.3,0.61,455.74,0
CUST-17874,71,Female,Seattle,83564.07,7,146.05,57.7,8.8,0.54,1087.73,1
CUST-17875,33,Male,Los Angeles,21769.89,6,36.59,84.3,3.7,0.72,276.58,1
CUST-17876,30,Female,Miami,99434.2,11,152.47,80.9,1.8,0.5,1808.75,1
CUST-17877,41,Female,Chicago,18000.0,9,36.97,98.9,8.2,0.82,329.86,1
CUST-17878,31,Female,Los Angeles,49946.13,8,119.94,100.0,4.8,0.69,938.93,1
CUST-17879,42,Male,Boston,29274.33,9,59.28,54.1,6.4,0.3,564.66,1
CUST-17880,22,Female,New York,56935.77,6,145.56,53.9,1.5,0.47,926.86,0
CUST-17881,35,Female,Boston,62646.49,7,105.47,64.5,0.9,0.46,796.94,0
CUST-17882,53,Female,Chicago,31269.34,7,68.04,61.1,1.9,0.63,523.07,0
CUST-17883,37,Male,Austin,18000.0,8,28.66,77.9,4.5,0.8,234.19,0
CUST-17884,39,Male,Houston,57081.74,8,71.72,73.7,7.2,0.65,625.45,1
CUST-17885,43,Female,San Francisco,215279.43,6,393.3,74.2,3.5,0.12,2919.74,1
CUST-17886,52,Male,New York,61357.0,10,140.26,52.3,7.7,0.38,1467.24,1
CUST-17887,18,Female,Houston,83147.56,9,206.92,57.3,0.5,0.52,1850.53,0
CUST-17888,45,Male,San Francisco,160920.33,13,395.63,87.1,10.7,0.34,4800.0,1
CUST-17889,34,Female,Miami,19904.23,11,62.64,87.2,5.0,0.85,600.89,1
CUST-17890,39,Male,New York,58189.9,10,136.32,68.5,3.4,0.61,1344.11,1
CUST-17891,50,Male,Chicago,30049.38,10,10.0,67.5,12.6,0.56,174.16,1
CUST-17892,23,Male,Chicago,38011.79,6,60.88,80.9,0.6,0.64,457.8,0
CUST-17893,25,Male,New York,171289.51,8,400.17,71.0,1.6,0.23,3541.55,1
CUST-17894,18,Female,Chicago,63616.61,4,160.4,58.2,0.5,0.35,729.19,0
CUST-17895,31,Female,Miami,76352.69,4,202.35,56.8,2.1,0.31,1022.16,0
CUST-17896,53,Female,Los Angeles,60950.2,6,113.58,53.8,3.5,0.3,807.44,0
CUST-17897,36,Female,Chicago,31054.96,13,20.88,57.1,2.6,0.58,268.84,1
CUST-17898,21,Female,Austin,83647.6,5,187.21,50.3,1.2,0.37,1180.95,0
CUST-17899,32,Male,New York,136816.01,8,231.52,,2.7,0.37,2087.28,1
CUST-17900,20,Male,Phoenix,57143.82,9,87.77,53.7,0.6,0.57,876.36,0
CUST-17901,24,Male,San Francisco,96861.21,8,194.93,66.3,1.7,0.33,1682.18,0
CUST-17902,42,Female,Miami,27758.74,9,51.62,73.5,6.7,0.68,469.01,0
CUST-17903,23,Male,San Francisco,108001.9,3,232.96,65.1,2.0,0.38,992.33,0
CUST-17904,51,Male,San Francisco,148669.22,10,192.84,81.0,7.4,0.21,2311.63,1
CUST-17905,37,Female,New York,89536.11,9,110.85,78.1,5.8,0.35,1222.08,1
CUST-17906,39,Female,Houston,20958.83,12,40.15,63.8,3.5,0.58,452.66,1
CUST-17907,34,Female,Miami,116601.97,4,165.47,52.7,1.5,0.28,981.57,0
CUST-17908,47,Female,New York,45601.35,4,72.11,53.6,5.3,0.5,347.21,0
CUST-17909,47,Female,New York,88787.22,4,98.96,79.6,5.1,0.6,556.96,0
CUST-17910,42,Female,Miami,82883.79,5,154.44,69.9,4.3,0.47,926.37,0
CUST-17911,44,Female,San Francisco,130128.98,7,312.35,86.4,7.4,0.4,2342.59,1
CUST-17912,35,Female,Chicago,23127.13,12,36.91,55.0,3.1,0.52,451.4,1
CUST-17913,44,Male,Boston,68935.75,5,194.54,87.6,9.9,0.62,1019.02,1
CUST-17914,33,Male,Miami,52797.42,9,132.96,38.7,5.9,0.32,1238.4,1
CUST-17915,38,Male,Austin,122372.42,4,331.8,100.0,4.4,0.47,1547.07,1
CUST-17916,34,Male,Boston,81771.44,9,146.83,88.2,3.8,0.45,1451.03,1
CUST-17917,32,Female,Houston,106166.67,9,229.51,48.4,2.6,0.32,2243.8,1
CUST-17918,29,Male,San Francisco,99352.66,6,217.62,59.5,1.9,0.32,1520.11,1
CUST-17919,43,Male,San Francisco,73085.78,9,173.15,,9.9,0.55,1511.15,1
CUST-17920,53,Female,Miami,56706.06,7,92.34,47.8,1.0,0.48,737.55,0
CUST-17921,52,Female,Miami,110249.93,12,105.17,,5.9,0.23,1498.25,1
CUST-17922,22,Female,New York,38240.05,7,66.38,71.1,0.7,0.8,530.76,0
CUST-17923,53,Female,Los Angeles,98001.61,9,173.59,,10.3,0.39,1696.03,1
CUST-17924,34,Female,Los Angeles,45522.13,3,74.23,48.1,1.6,0.59,410.22,0
CUST-17925,45,Female,Miami,33774.7,8,10.0,100.0,9.6,0.74,175.95,1
CUST-17926,27,Male,Miami,85855.41,9,162.39,80.3,1.7,0.5,1563.37,1
CUST-17927,39,Male,Houston,33095.85,11,70.71,75.0,7.7,0.74,709.61,1
CUST-17928,41,Male,Phoenix,58875.3,6,149.85,77.3,9.1,0.59,968.67,1
CUST-17929,20,Female,Miami,40305.21,6,96.2,63.8,0.7,0.83,550.7,0
CUST-17930,45,Female,Los Angeles,19173.68,7,52.08,72.2,6.9,0.66,388.34,1
CUST-17931,54,Female,New York,92870.62,4,174.51,56.3,2.6,0.37,915.09,0
CUST-17932,35,Female,Houston,54823.12,14,144.85,67.4,6.4,0.49,1854.37,1
CUST-17933,54,Male,Boston,25016.26,6,44.4,71.3,11.3,0.61,294.8,1
CUST-17934,35,Female,Miami,36294.15,6,82.19,58.3,2.3,0.53,540.5,0
CUST-17935,48,Female,Chicago,23047.07,13,55.02,62.1,5.9,0.58,660.25,1
CUST-17936,18,Male,New York,105445.5,4,248.14,76.0,0.5,0.5,1200.66,0
CUST-17937,67,Female,Phoenix,97600.32,6,183.56,83.0,10.1,0.45,1244.11,1
CUST-17938,55,Male,Seattle,103558.18,8,120.35,45.7,2.3,0.17,1270.2,0
CUST-17939,34,Male,San Francisco,124372.62,9,286.76,81.4,4.3,0.28,2786.76,1
CUST-17940,18,Female,Chicago,43909.02,7,124.52,86.7,0.5,0.76,852.36,0
CUST-17941,41,Female,New York,96140.76,10,221.32,73.8,3.3,0.41,2246.61,0
CUST-17942,20,Male,Boston,64717.52,5,143.69,64.3,0.8,0.54,853.0,0
CUST-17943,43,Female,Los Angeles,68351.53,6,136.64,61.1,7.9,0.44,948.93,1
CUST-17944,42,Female,Los Angeles,100556.76,10,166.16,52.0,5.0,0.27,1894.84,1
CUST-17945,26,Female,Miami,92637.6,6,203.5,77.6,3.0,0.34,1373.95,0
CUST-17946,51,Male,Austin,49041.98,7,88.87,89.8,11.4,0.78,635.55,1
CUST-17947,47,Male,San Francisco,37520.77,9,34.64,95.9,8.2,0.62,394.17,1
CUST-17948,49,Male,Phoenix,44397.45,7,88.09,49.2,2.3,0.47,675.03,0
CUST-17949,38,Female,Los Angeles,55833.28,5,130.86,53.4,4.2,0.43,738.66,0
CUST-17950,21,Male,New York,84322.46,5,211.12,63.4,1.1,0.59,1094.99,0
CUST-17951,49,Male,New York,110924.22,10,133.59,48.1,7.7,0.19,1625.99,1
CUST-17952,34,Female,Phoenix,41184.022,8,32.41,54.7,3.7,0.73,258.99,0
CUST-17953,21,Female,New York,52294.57,7,73.93,100.0,1.2,0.72,570.75,0
CUST-17954,54,Female,Seattle,41822.91,6,118.42,60.4,0.7,0.64,686.84,0
CUST-17955,63,Female,New York,136701.02,2,278.34,40.5,0.7,0.2,960.76,0
CUST-17956,37,Male,Houston,46375.25,13,95.11,69.1,6.8,0.59,1181.59,1
CUST-17957,63,Male,Houston,39825.59,10,116.13,76.6,1.1,0.7,1127.56,0
CUST-17958,39,Female,Phoenix,63817.99,6,121.4,47.2,3.1,0.49,826.98,0
CUST-17959,33,Female,Los Angeles,46316.74,9,67.52,82.1,5.6,0.71,658.84,1
CUST-17960,30,Female,Seattle,67207.91,12,140.71,38.2,3.5,0.3,1792.26,0
CUST-17961,57,Female,Chicago,140902.83,6,355.51,93.2,9.9,0.37,2320.25,1
CUST-17962,28,Female,San Francisco,185278.87,6,328.44,69.0,2.8,0.23,2433.53,1
CUST-17963,46,Female,Phoenix,39773.15,11,74.37,61.8,3.9,0.46,792.08,1
CUST-17964,31,Female,New York,66764.29,6,152.46,79.8,3.0,0.56,992.18,0
CUST-17965,32,Female,Phoenix,35779.32,10,92.0,,3.7,0.62,868.41,1
CUST-17966,50,Male,Houston,19648.85,6,20.32,68.9,4.3,0.7,152.67,0
CUST-17967,33,Male,Boston,109143.22,8,188.29,74.6,4.9,0.5,1627.62,1
CUST-17968,33,Female,Seattle,227251.95,3,443.04,74.9,2.3,0.0,2007.9,1
CUST-17969,51,Male,New York,58593.55,8,138.31,58.0,1.4,0.52,1145.24,0
CUST-17970,57,Female,New York,48615.99,7,138.64,65.6,3.4,0.49,932.09,1
CUST-17971,45,Male,Los Angeles,54357.54,9,79.99,66.0,4.7,0.41,848.45,1
CUST-17972,30,Male,Austin,62182.77,6,119.15,54.9,4.4,0.4,831.85,1
CUST-17973,31,Male,New York,41454.0,4,98.28,84.7,2.5,0.49,448.75,0
CUST-17974,38,Male,San Francisco,60308.78,9,116.63,70.0,1.2,0.56,1090.57,0
CUST-17975,41,Male,Phoenix,80990.58,6,104.6,82.4,2.2,0.51,795.44,1
CUST-17976,26,Male,Phoenix,51965.21,7,108.35,77.6,2.0,0.35,914.28,1
CUST-17977,46,Female,Los Angeles,117589.49,8,289.99,35.6,2.4,0.25,2540.61,0
CUST-17978,39,Male,Los Angeles,74768.05,4,130.11,56.5,1.0,0.37,687.38,0
CUST-17979,18,Male,Chicago,33002.27,6,64.4,72.7,0.5,0.69,409.59,0
CUST-17980,26,Male,New York,54835.75,7,149.89,62.4,2.6,0.44,1072.86,0
CUST-17981,31,Female,New York,82810.54,14,209.61,56.7,4.5,0.41,2907.71,1
CUST-17982,37,Female,New York,41723.09,8,44.31,82.1,6.5,0.62,478.35,1
CUST-17983,60,Female,Houston,27516.66,10,21.72,69.3,6.0,0.71,288.57,1
CUST-17984,40,Male,Chicago,31341.23,8,81.07,73.4,6.6,0.57,653.53,1
CUST-17985,27,Male,Los Angeles,80633.07,4,176.67,77.5,2.3,0.44,871.25,0
CUST-17986,40,Female,Los Angeles,51877.58,5,106.3,71.4,0.7,0.52,652.87,0
CUST-17987,33,Female,Los Angeles,112530.86,10,275.73,67.4,2.7,0.47,2790.0,1
CUST-17988,41,Male,Chicago,36336.57,8,49.23,46.4,1.0,0.46,460.08,0
CUST-17989,44,Male,Los Angeles,18234.34,3,20.79,65.1,1.3,0.68,73.61,0
CUST-17990,52,Male,San Francisco,71048.62,10,189.79,58.8,1.2,0.56,1852.41,0
CUST-17991,37,Male,New York,166688.5,6,255.73,65.8,7.3,0.04,2033.81,1
CUST-17992,57,Female,Boston,66145.11,11,110.23,76.0,12.7,0.55,1205.87,1
CUST-17993,48,Female,New York,36829.63,6,104.91,,5.5,0.49,573.39,0
CUST-17994,29,Male,Boston,28859.18,7,44.86,57.1,1.5,0.56,335.97,0
CUST-17995,64,Male,Seattle,123265.34,7,310.99,59.3,1.6,0.24,2410.32,0
CUST-17996,41,Female,San Francisco,50653.01,12,98.99,87.2,4.3,0.59,1204.59,1
CUST-17997,27,Female,Boston,140536.04,5,179.29,63.4,2.4,0.26,1244.86,0
CUST-17998,57,Female,New York,101432.75,9,135.15,85.6,12.1,0.48,1413.35,1
CUST-17999,62,Male,New York,49777.59,9,119.45,69.4,1.2,0.54,1066.39,0
CUST-18000,37,Female,Los Angeles,111673.01,7,196.3,75.5,3.5,0.42,1500.09,1
CUST-18001,31,Male,Los Angeles,39254.19,11,117.68,82.2,5.1,0.76,1110.13,1
CUST-18002,35,Male,Los Angeles,30214.99,7,45.21,68.5,1.3,0.73,364.38,0
CUST-18003,46,Male,Houston,33367.38,6,91.68,78.2,4.8,0.51,591.87,1
CUST-18004,53,Female,New York,107416.91,10,253.11,60.1,4.2,0.36,2629.99,0
CUST-18005,44,Male,Chicago,100486.0,7,273.35,57.9,1.8,0.23,2092.84,1
CUST-18006,39,Female,Los Angeles,51110.66,3,54.85,72.0,7.1,0.52,287.75,1
CUST-18007,55,Male,Phoenix,19158.16,14,10.0,95.5,10.5,0.71,236.26,1
CUST-18008,34,Male,Austin,27362.45,6,86.1,69.1,2.9,0.6,518.66,0
CUST-18009,50,Male,Houston,30178.47,9,47.11,80.2,5.0,0.76,401.4,1
CUST-18010,34,Male,Chicago,29785.94,6,39.18,84.7,5.4,0.74,323.09,0
CUST-18011,43,Male,Chicago,64958.6,8,131.28,56.0,1.4,0.43,1151.65,0
CUST-18012,36,Male,Miami,135640.68,11,269.83,63.7,1.5,0.22,3232.8,1
CUST-18013,37,Male,New York,108879.05,6,223.53,87.8,6.9,0.49,1519.98,1
CUST-18014,33,Male,Austin,33900.83,13,54.44,84.6,5.0,0.67,717.22,1
CUST-18015,54,Female,Chicago,40199.2,10,57.65,81.4,11.3,0.52,574.9,1
CUST-18016,29,Male,Los Angeles,48538.7,7,119.18,85.2,2.9,0.42,857.5,1
CUST-18017,29,Female,Austin,72396.79,6,101.35,50.3,1.6,0.33,734.57,0
CUST-18018,63,Female,Boston,142621.41,8,297.96,82.4,14.1,0.32,2567.22,1
CUST-18019,49,Male,Phoenix,38597.37,12,116.62,68.4,6.4,0.55,1324.99,1
CUST-18020,18,Female,New York,157864.64,4,191.93,65.8,0.5,0.22,1131.15,0
CUST-18021,31,Female,San Francisco,217168.26,4,437.51,86.1,2.2,0.03,2362.11,0
CUST-18022,18,Male,Los Angeles,52302.97,2,69.32,74.6,0.5,0.6,262.18,0
CUST-18023,26,Female,Chicago,47144.27,7,89.21,67.2,1.2,0.47,676.24,0
CUST-18024,18,Female,New York,61071.15,7,175.31,55.3,0.5,0.43,1242.29,0
CUST-18025,36,Other,Houston,53101.03,7,105.72,88.9,1.4,0.67,794.51,0
CUST-18026,24,Female,San Francisco,63410.37,4,157.72,65.5,0.6,0.44,805.08,0
CUST-18027,38,Male,Los Angeles,96940.31,12,165.83,48.2,2.2,0.39,2059.12,1
CUST-18028,18,Male,Boston,29968.61,7,65.06,69.7,0.5,0.67,426.32,0
CUST-18029,38,Female,New York,55982.45,3,91.42,73.4,0.8,0.57,385.55,0
CUST-18030,33,Other,New York,86222.97,8,155.95,44.1,1.3,0.41,1443.84,0
CUST-18031,56,Female,Phoenix,75333.62,9,187.21,56.2,3.4,0.38,1771.64,0
CUST-18032,54,Female,Seattle,202964.44,7,450.0,61.0,6.3,0.05,3722.71,1
CUST-18033,47,Male,Austin,31281.98,9,93.87,78.8,7.0,0.6,813.29,1
CUST-18034,34,Male,Miami,37148.75,8,105.63,63.7,2.4,0.52,883.46,0
CUST-18035,61,Female,New York,23550.48,12,81.22,77.0,2.5,0.6,884.39,1
CUST-18036,19,Female,Austin,34213.5,6,58.84,90.4,0.5,0.79,386.67,0
CUST-18037,21,Other,Boston,26845.65,8,20.52,76.4,0.9,0.59,247.02,0
CUST-18038,36,Female,New York,56356.67,9,114.89,85.2,5.5,0.52,1097.82,1
CUST-18039,65,Male,Houston,45913.93,10,58.26,89.3,10.6,0.69,651.35,1
CUST-18040,35,Female,Houston,65083.99,6,89.23,56.8,2.3,0.42,693.67,0
CUST-18041,35,Female,Chicago,48995.83,12,99.12,65.6,4.0,0.62,1136.22,0
CUST-18042,20,Female,Austin,75378.6,7,180.45,58.2,0.7,0.36,1359.36,0
CUST-18043,49,Male,New York,77430.94,7,202.09,60.6,4.7,0.39,1464.71,1
CUST-18044,49,Male,Phoenix,29085.0,8,103.96,85.9,8.5,0.7,762.9,1
CUST-18045,47,Female,Los Angeles,26812.54,12,27.67,81.0,9.3,0.58,400.77,1
CUST-18046,30,Male,Houston,68909.39,8,154.37,97.5,2.1,0.51,1329.69,1
CUST-18047,29,Female,Miami,117237.63,4,310.53,65.0,0.6,0.18,1530.82,0
CUST-18048,22,Male,Los Angeles,221339.82,13,374.87,63.8,0.9,0.09,4800.0,1
CUST-18049,39,Male,Chicago,90809.35,6,218.03,57.2,1.4,0.3,1465.56,0
CUST-18050,25,Female,Austin,123508.81,9,298.72,69.5,0.9,0.3,2824.79,1
CUST-18051,23,Male,Miami,64824.35,3,108.7,50.2,1.0,0.39,443.16,0
CUST-18052,32,Female,Houston,59856.86,9,107.91,48.7,1.6,0.44,983.36,0
CUST-18053,32,Male,Los Angeles,65858.41,7,134.43,78.8,5.3,0.59,975.01,1
CUST-18054,31,Female,Chicago,53953.9,8,89.66,78.8,3.6,0.59,722.67,1
CUST-18055,43,Male,Miami,69720.17,7,125.89,62.6,5.4,0.38,961.42,1
CUST-18056,38,Male,Miami,39672.29,8,78.32,67.3,0.6,0.55,661.99,0
CUST-18057,34,Female,Los Angeles,57875.0,7,156.11,46.1,1.1,0.52,1120.52,0
CUST-18058,40,Female,San Francisco,42086.79,7,136.1,77.1,7.0,0.69,963.02,0
CUST-18059,26,Male,New York,92741.18,9,204.44,51.1,1.6,0.35,2005.5,1
CUST-18060,39,Other,New York,45277.06,8,48.24,64.7,0.9,0.72,480.43,0
CUST-18061,39,Female,Houston,52343.3,11,91.97,77.7,7.0,0.64,1038.29,1
CUST-18062,19,Female,Los Angeles,80018.05,5,122.62,72.9,0.5,0.5,775.95,0
CUST-18063,49,Female,New York,98032.11,6,257.77,60.2,5.1,0.46,1681.88,0
CUST-18064,27,Male,San Francisco,111549.81,5,208.19,62.6,3.5,0.28,1310.59,0
CUST-18065,39,Male,Houston,46261.3,3,90.79,69.6,0.6,0.72,382.53,0
CUST-18066,51,Male,Miami,65626.75,12,142.65,98.2,9.7,0.6,1624.82,1
CUST-18067,49,Female,San Francisco,59465.98,9,134.51,76.2,11.8,0.64,1199.64,1
CUST-18068,38,Male,San Francisco,28311.84,8,59.79,62.4,1.0,0.51,524.3,0
CUST-18069,33,Male,Los Angeles,81219.98,9,107.43,97.3,5.3,0.62,1026.97,1
CUST-18070,49,Male,Los Angeles,72330.85,5,126.13,74.0,5.5,0.51,773.82,1
CUST-18071,46,Male,Phoenix,80926.87,12,228.3,100.0,9.9,0.66,2581.23,1
CUST-18072,30,Female,Los Angeles,61520.0,7,160.96,70.8,1.8,0.51,1191.23,0
CUST-18073,28,Female,Miami,23089.31,7,71.06,69.0,3.9,0.64,479.9,1
CUST-18074,18,Female,Houston,49162.74,11,124.27,76.4,0.5,0.74,1291.43,0
CUST-18075,39,Female,Los Angeles,97056.86,10,270.53,81.8,5.5,0.26,2842.98,1
CUST-18076,37,Female,Phoenix,61861.72,11,141.44,69.9,6.2,0.66,1479.13,1
CUST-18077,51,Other,Boston,60412.38,9,97.15,84.9,6.0,0.74,835.88,1
CUST-18078,42,Male,New York,31835.11,8,55.99,63.5,2.9,0.62,487.01,1
CUST-18079,54,Male,New York,43787.17,8,73.48,55.7,4.2,0.61,638.9,0
CUST-18080,29,Male,Seattle,85970.8,12,183.44,54.9,1.8,0.19,2347.28,1
CUST-18081,51,Male,New York,31809.68,5,72.17,67.3,8.3,0.43,346.8,1
CUST-18082,31,Female,New York,62378.89,9,164.23,88.6,4.4,0.52,1499.11,1
CUST-18083,47,Female,Los Angeles,63511.29,6,124.87,56.3,6.0,0.57,803.25,0
CUST-18084,20,Male,Chicago,101089.22,8,165.88,66.4,0.6,0.22,1574.24,1
CUST-18085,40,Female,Houston,69979.11,11,168.37,71.8,7.1,0.51,1858.8,1
CUST-18086,18,Female,Houston,83292.38,7,147.89,57.7,0.5,0.39,1167.48,0
CUST-18087,34,Male,Boston,75602.77,16,178.81,64.8,4.6,0.47,2733.32,1
CUST-18088,43,Female,Miami,33725.22,8,45.77,74.6,1.5,0.49,467.16,1
CUST-18089,31,Female,Austin,43847.81,3,109.05,,1.0,0.65,308.22,0
CUST-18090,25,Female,Chicago,35684.09,3,74.59,65.5,2.0,0.68,268.53,0
CUST-18091,48,Female,New York,98272.06,11,194.38,61.7,1.5,0.59,2057.98,0
CUST-18092,36,Male,Austin,42123.0,6,86.98,62.3,1.5,,532.16,0
CUST-18093,32,Male,New York,60060.31,7,130.64,87.4,3.7,0.46,1026.87,1
CUST-18094,38,Male,Miami,52049.6,8,86.13,74.3,3.8,0.41,818.5,1
CUST-18095,69,Female,New York,166169.03,8,266.92,69.0,8.6,0.06,2577.62,1
CUST-18096,51,Male,Miami,71487.2,10,163.81,86.7,12.9,0.56,1650.13,1
CUST-18097,51,Male,Boston,44174.14,10,93.78,76.2,8.5,0.64,890.91,1
CUST-18098,43,Female,Chicago,61372.31,10,64.61,70.0,6.1,0.36,740.38,1
CUST-18099,39,Female,Los Angeles,142260.88,7,264.76,67.3,3.5,0.15,2235.42,1
CUST-18100,18,Female,Los Angeles,84740.73,7,202.52,48.8,0.5,0.37,1516.0,0
CUST-18101,29,Male,Houston,23146.08,4,61.89,57.5,0.6,0.57,295.1,0
CUST-18102,32,Male,New York,46280.91,8,133.91,69.1,3.3,0.53,1027.22,1
CUST-18103,18,Male,San Francisco,46189.35,4,101.49,65.5,0.5,0.58,471.48,0
CUST-18104,24,Female,Chicago,116909.46,7,287.31,46.9,0.9,0.14,2287.24,0
CUST-18105,18,Male,Los Angeles,116763.12,9,169.84,86.5,0.5,0.4,1680.74,0
CUST-18106,37,Female,Chicago,41617.32,7,48.93,66.1,5.2,0.61,417.61,0
CUST-18107,47,Other,Houston,37250.35,8,90.62,75.9,4.8,0.57,758.27,1
CUST-18108,51,Male,New York,74790.82,8,195.72,64.8,5.8,0.38,1661.16,0
CUST-18109,42,Male,San Francisco,78732.14,6,101.3,82.6,5.0,0.45,763.71,0
CUST-18110,26,Female,Seattle,41855.59,5,79.99,88.0,2.5,0.7,438.57,0
CUST-18111,18,Female,Los Angeles,55005.95,5,98.63,98.9,0.5,0.66,571.97,0
CUST-18112,18,Female,New York,35358.81,7,74.28,78.4,0.5,0.61,521.25,0
CUST-18113,22,Male,Miami,97233.16,5,157.53,64.2,0.5,,1036.95,0
CUST-18114,27,Male,New York,30331.42,4,83.73,76.4,1.5,0.73,390.23,0
CUST-18115,36,Female,New York,30163.41,7,84.36,51.1,4.0,0.46,638.97,0
CUST-18116,25,Female,Phoenix,60606.61,7,181.42,73.2,0.7,0.61,1339.86,0
CUST-18117,42,Male,Los Angeles,33567.84,6,79.7,72.2,4.9,0.69,545.76,0
CUST-18118,35,Female,New York,56932.53,6,102.8,57.5,6.3,0.51,694.76,1
CUST-18119,38,Female,Austin,61506.41,5,137.58,67.7,5.6,0.56,769.83,0
CUST-18120,51,Male,Los Angeles,87326.77,10,139.01,97.7,10.4,0.56,1450.89,1
CUST-18121,23,Female,Boston,58208.14,5,143.31,58.0,1.4,0.46,797.02,0
CUST-18122,43,Male,New York,178027.0,10,450.0,79.9,9.0,0.15,4800.0,1
CUST-18123,37,Female,Miami,51456.25,7,92.98,45.0,1.5,0.51,717.74,0
CUST-18124,33,Female,Houston,93349.34,5,208.04,70.8,3.0,0.31,1292.21,1
CUST-18125,48,Male,New York,84068.1,6,185.42,68.2,7.4,0.48,1259.46,1
CUST-18126,48,Female,San Francisco,220152.8,10,450.0,42.9,10.5,0.0,4800.0,1
CUST-18127,26,Female,Boston,110360.03,6,301.36,64.0,1.3,0.37,1957.75,0
CUST-18128,35,Female,New York,74745.14,6,127.0,,0.5,0.57,879.84,0
CUST-18129,41,Male,San Francisco,103869.19,9,178.86,69.4,9.0,0.38,1763.02,1
CUST-18130,34,Female,Chicago,49930.25,7,61.74,59.7,0.7,0.6,563.97,0
CUST-18131,45,Female,San Francisco,66238.84,10,88.73,69.5,2.1,0.58,950.85,1
CUST-18132,41,Female,San Francisco,39528.09,12,89.37,57.4,4.2,0.45,1108.58,1
CUST-18133,59,Female,New York,48823.83,10,142.04,58.7,7.7,0.41,1458.13,1
CUST-18134,19,Male,New York,204964.13,10,450.0,61.5,0.5,0.01,4800.0,1
CUST-18135,36,Male,Chicago,31156.38,5,36.71,72.5,3.5,0.69,250.32,0
CUST-18136,27,Female,Boston,46843.86,6,88.9,78.2,2.2,0.6,545.52,0
CUST-18137,45,Male,Los Angeles,59450.7,4,144.82,65.3,2.6,0.54,714.38,0
CUST-18138,18,Female,Phoenix,47308.01,9,117.66,62.9,0.5,0.6,1045.34,0
CUST-18139,42,Female,New York,88607.12,7,188.32,76.1,3.7,0.38,1471.86,0
CUST-18140,30,Male,San Francisco,59988.72,9,76.59,70.2,0.9,0.53,804.08,0
CUST-18141,29,Female,Phoenix,60920.66,7,62.55,72.0,4.2,0.62,542.16,0
CUST-18142,20,Male,San Francisco,134277.65,13,289.0,45.1,0.5,0.26,3948.84,1
CUST-18143,32,Female,Boston,122472.0,9,310.84,81.6,4.0,0.52,2797.04,1
CUST-18144,51,Male,New York,63981.46,12,191.78,84.7,12.0,0.62,2089.03,1
CUST-18145,37,Male,Los Angeles,84578.35,4,170.29,64.2,1.8,0.39,898.13,1
CUST-18146,45,Male,Austin,33598.72,6,61.61,79.5,2.9,0.63,418.93,0
CUST-18147,57,Female,New York,50982.95,6,143.39,71.2,6.7,0.66,880.39,1
CUST-18148,41,Male,San Francisco,42175.95,12,110.57,39.1,3.1,0.51,1248.21,1
CUST-18149,31,Male,San Francisco,74131.8,4,150.36,81.8,4.1,0.58,703.85,0
CUST-18150,43,Male,San Francisco,49358.37,8,96.89,,3.7,0.57,818.47,1
CUST-18151,31,Male,Los Angeles,29126.83,12,32.91,69.6,5.1,0.72,451.6,1
CUST-18152,31,Female,Los Angeles,51367.42,7,97.28,84.9,4.5,0.64,680.55,1
CUST-18153,19,Male,San Francisco,31958.08,6,67.54,96.5,0.5,0.67,389.97,0
CUST-18154,49,Female,New York,142016.87,6,257.79,71.4,1.3,0.25,1905.51,0
CUST-18155,33,Female,San Francisco,57394.9,8,62.66,52.3,1.5,0.64,614.46,0
CUST-18156,40,Female,Houston,84234.91,4,214.42,67.0,1.9,0.44,960.18,0
CUST-18157,25,Male,Chicago,44478.29,9,114.09,80.7,2.0,0.64,1032.46,0
CUST-18158,43,Female,Los Angeles,34279.17,4,46.64,72.8,0.6,0.52,194.6,0
CUST-18159,28,Male,Boston,117018.06,6,217.23,69.4,3.3,0.3,1525.55,1
CUST-18160,36,Female,Houston,53801.6,2,115.57,81.0,4.2,0.69,373.65,0
CUST-18161,48,Other,Houston,132211.92,10,162.63,76.0,7.0,0.18,1955.18,1
CUST-18162,47,Female,Boston,51485.74,8,120.84,84.3,6.5,0.57,1006.92,1
CUST-18163,37,Female,Phoenix,39033.45,4,103.67,66.4,4.3,0.47,490.57,0
CUST-18164,18,Other,Austin,98489.54,3,221.58,77.0,0.5,0.44,888.63,0
CUST-18165,73,Female,New York,121295.01,10,246.49,65.5,4.6,0.3,2648.7,1
CUST-18166,58,Male,Seattle,73120.11,5,126.88,55.5,7.6,0.45,801.25,1
CUST-18167,46,Male,Los Angeles,250000.0,7,450.0,73.7,7.8,0.0,3899.25,1
CUST-18168,28,Male,Miami,44731.19,7,61.7,65.8,1.5,0.51,552.37,0
CUST-18169,36,Male,Seattle,35897.11,7,123.22,70.8,5.9,,849.25,0
CUST-18170,31,Female,Los Angeles,37740.32,8,78.32,58.2,4.3,0.75,604.15,0
CUST-18171,53,Female,Chicago,49583.85,8,90.37,83.7,4.2,0.57,741.61,0
CUST-18172,41,Male,San Francisco,162082.34,9,401.91,80.9,5.4,0.4,3733.16,1
CUST-18173,28,Female,New York,66631.5,8,117.97,57.7,1.7,0.45,1054.12,0
CUST-18174,32,Male,San Francisco,165959.37,4,366.9,59.0,1.5,0.02,2006.12,1
CUST-18175,51,Other,New York,90881.99,12,165.45,100.0,10.7,0.67,1891.14,1
CUST-18176,57,Female,Boston,111748.51,13,312.2,78.6,14.9,0.46,3955.7,1
CUST-18177,56,Female,Los Angeles,75610.18,7,132.48,77.5,8.7,0.54,1023.07,1
CUST-18178,47,Female,Houston,62213.71,10,123.65,85.0,10.6,0.54,1270.31,1
CUST-18179,34,Male,New York,106559.62,9,170.57,86.3,4.3,0.52,1607.57,1
CUST-18180,18,Female,Los Angeles,46929.78,3,127.35,75.0,0.5,0.72,450.3,0
CUST-18181,41,Male,Chicago,43085.14,7,124.3,58.4,4.7,0.46,807.79,0
CUST-18182,37,Male,Houston,61296.63,3,129.38,69.5,2.2,0.45,526.69,0
CUST-18183,39,Female,New York,193041.47,8,242.39,64.2,1.2,0.0,2582.88,1
CUST-18184,38,Male,Seattle,31343.65,12,66.09,63.6,3.8,0.6,753.34,1
CUST-18185,22,Female,New York,26516.22,9,11.63,60.3,1.1,0.78,174.86,0
CUST-18186,44,Female,Miami,45108.9,13,93.08,73.7,5.5,0.73,1148.26,1
CUST-18187,45,Male,Chicago,95245.56,11,190.07,71.4,7.7,0.2,2258.58,1
CUST-18188,46,Female,Houston,52806.77,7,167.52,65.2,2.6,,1126.21,0
CUST-18189,49,Male,Los Angeles,34720.9,13,85.88,70.1,4.7,0.75,990.98,1
CUST-18190,45,Female,Phoenix,50725.61,5,142.24,74.3,4.8,0.6,706.07,1
CUST-18191,33,Female,Houston,21638.3,9,80.86,54.4,1.5,0.5,656.08,1
CUST-18192,37,Male,New York,100163.9,9,212.89,74.0,6.9,0.4,2052.55,1
CUST-18193,39,Male,Los Angeles,53380.88,8,90.87,63.1,5.9,0.35,798.61,0
CUST-18194,39,Male,New York,70198.93,5,146.21,51.3,1.2,0.52,846.89,0
CUST-18195,49,Female,New York,90553.61,5,246.45,86.9,9.0,,1321.1,1
CUST-18196,45,Male,New York,81060.34,11,208.92,76.9,6.1,0.61,2168.23,1
CUST-18197,62,Male,Los Angeles,47530.75,12,91.35,87.3,8.1,0.54,1091.67,1
CUST-18198,64,Female,San Francisco,127169.82,19,280.5,69.3,14.9,,4800.0,1
CUST-18199,38,Female,Los Angeles,92802.44,14,145.73,68.7,5.1,0.36,2127.11,1
CUST-18200,18,Female,Los Angeles,25658.23,5,34.22,63.5,0.5,0.74,199.13,0
CUST-18201,52,Female,New York,65184.91,12,107.12,100.0,12.5,0.61,1302.02,1
CUST-18202,31,Female,Houston,29988.32,4,95.12,56.3,1.0,0.67,403.59,0
CUST-18203,28,Female,Los Angeles,33048.55,6,77.12,,0.5,0.6,483.51,0
CUST-18204,33,Male,San Francisco,99115.3,5,162.32,84.5,2.9,0.53,944.28,1
CUST-18205,32,Female,San Francisco,61503.02,5,160.55,93.3,4.4,0.57,825.12,1
CUST-18206,45,Male,Phoenix,45399.38,9,81.14,53.9,9.0,0.5,719.48,1
CUST-18207,19,Male,Los Angeles,44574.6,4,100.54,72.9,0.5,0.64,451.19,0
CUST-18208,25,Female,Houston,61932.13,4,132.1,57.0,1.5,0.49,577.37,0
CUST-18209,42,Male,Los Angeles,87459.87,10,217.72,90.4,7.3,0.48,2161.14,1
CUST-18210,45,Female,Boston,192422.55,9,354.46,86.7,7.9,,3660.91,1
CUST-18211,45,Male,Miami,47014.89,3,59.56,58.8,3.7,0.62,262.98,0
CUST-18212,28,Male,Houston,24946.73,6,15.91,57.8,1.1,0.67,151.12,0
CUST-18213,26,Female,Austin,46321.59,7,91.75,64.8,2.2,0.53,742.45,0
CUST-18214,31,Female,Houston,78608.62,5,130.97,74.2,3.7,0.63,775.63,0
CUST-18215,40,Female,Los Angeles,42337.96,7,67.82,56.2,5.2,0.48,585.96,0
CUST-18216,55,Female,New York,34858.1,3,49.01,54.3,3.5,0.39,254.52,0
CUST-18217,18,Male,Houston,35340.96,11,85.58,77.4,0.5,0.62,878.93,1
CUST-18218,35,Female,Seattle,51868.17,5,131.22,68.6,5.0,0.55,742.37,1
CUST-18219,22,Male,Seattle,39411.34,6,58.08,71.3,1.6,0.71,438.85,0
CUST-18220,18,Female,Phoenix,54359.67,4,151.36,56.7,0.5,0.45,752.93,0
CUST-18221,49,Male,Chicago,54681.41,8,117.09,70.6,6.7,0.59,941.84,1
CUST-18222,44,Female,Phoenix,72366.02,9,162.52,80.1,9.3,0.47,1551.7,1
CUST-18223,43,Female,Miami,41182.83,7,96.17,63.5,0.8,0.61,709.55,0
CUST-18224,49,Male,Chicago,75193.69,15,115.72,88.8,10.7,0.54,1761.89,1
CUST-18225,32,Female,Chicago,44473.77,10,99.2,61.2,2.9,0.51,1005.22,0
CUST-18226,32,Male,San Francisco,43116.72,9,107.86,91.1,4.5,0.59,999.83,1
CUST-18227,64,Male,Seattle,51618.43,7,159.11,32.9,0.6,0.51,1095.45,0
CUST-18228,35,Female,Miami,22915.6,9,40.51,68.7,6.0,0.67,403.4,1
CUST-18229,46,Male,New York,178833.84,13,236.54,53.4,6.9,0.08,3471.2,1
CUST-18230,38,Male,New York,78539.3,7,213.86,73.3,2.3,0.44,1600.34,0
CUST-18231,18,Female,Seattle,45498.75,2,57.42,64.9,0.5,0.56,230.58,0
CUST-18232,18,Female,Seattle,56068.05,11,82.36,62.8,0.5,0.42,974.55,1
CUST-18233,31,Male,Chicago,18000.0,6,19.88,64.6,2.5,0.74,181.1,0
CUST-18234,50,Female,Phoenix,99889.12,13,210.77,48.7,4.6,,2967.46,1
CUST-18235,47,Female,Boston,126829.07,10,244.09,59.2,6.4,0.16,2648.44,1
CUST-18236,48,Female,Boston,68603.07,13,212.22,98.9,9.9,0.72,2452.26,1
CUST-18237,26,Female,Miami,60381.49,10,145.02,79.5,3.2,0.44,1530.25,1
CUST-18238,57,Female,Los Angeles,33054.85,4,55.93,67.5,4.1,0.69,279.5,1
CUST-18239,26,Female,San Francisco,41730.49,5,33.11,78.6,0.8,0.64,241.97,0
CUST-18240,40,Male,New York,31302.6,5,67.73,68.6,3.8,0.57,371.55,0
CUST-18241,37,Male,Boston,59981.26,5,114.71,64.2,1.5,0.61,694.77,0
CUST-18242,35,Female,New York,124321.01,6,293.48,59.2,5.8,0.25,2090.65,1
CUST-18243,54,Other,San Francisco,62621.56,9,170.72,58.4,7.5,0.53,1537.06,1
CUST-18244,29,Female,Phoenix,58016.77,10,131.61,83.2,2.9,0.59,1292.71,1
CUST-18245,21,Male,Miami,83962.34,7,146.68,52.7,0.6,0.32,1198.96,0
CUST-18246,38,Female,Houston,22848.86,6,69.08,63.7,6.1,0.62,367.11,0
CUST-18247,33,Female,New York,184036.12,7,450.0,61.4,5.9,0.0,3753.73,1
CUST-18248,75,Female,San Francisco,135284.12,10,302.48,63.7,7.5,0.32,3179.85,1
CUST-18249,46,Female,Chicago,73551.16,17,150.93,82.1,10.8,0.57,2401.4,1
CUST-18250,33,Female,Los Angeles,98894.53,10,261.96,61.1,0.7,0.39,2628.9,1
CUST-18251,25,Male,Austin,96843.19,2,225.9,36.6,0.6,0.26,759.41,0
CUST-18252,18,Female,Phoenix,56441.47,9,109.41,67.6,0.5,0.64,1027.07,0
CUST-18253,25,Female,San Francisco,154911.8,5,344.21,74.8,2.1,0.16,2072.79,0
CUST-18254,39,Male,Houston,41043.04,10,115.7,69.4,2.0,0.49,1131.36,1
CUST-18255,55,Male,Miami,64835.74,14,65.82,55.9,5.7,0.41,1031.26,1
CUST-18256,51,Female,San Francisco,146868.61,8,168.65,85.5,6.9,0.43,1711.45,1
CUST-18257,40,Female,Phoenix,18000.0,9,53.92,77.2,6.3,0.64,461.29,1
CUST-18258,34,Male,Austin,74183.12,7,183.18,72.0,5.5,0.56,1263.38,0
CUST-18259,41,Male,Chicago,81723.15,8,147.13,73.3,1.2,0.4,1268.3,1
CUST-18260,31,Male,San Francisco,32281.56,5,39.97,66.1,3.6,0.57,261.78,0
CUST-18261,58,Male,Miami,59255.67,12,107.0,80.9,7.4,0.53,1324.58,1
CUST-18262,35,Female,Chicago,38251.47,6,65.89,69.5,4.3,0.68,469.83,1
CUST-18263,36,Female,Chicago,69368.86,4,90.74,53.2,3.9,0.47,552.95,0
CUST-18264,18,Female,Austin,56829.48,6,114.65,67.8,0.5,0.51,770.8,0
CUST-18265,35,Female,New York,45567.07,4,109.83,80.5,1.8,0.56,529.8,0
CUST-18266,48,Male,Los Angeles,108509.58,7,187.68,62.4,5.9,0.37,1531.24,1
CUST-18267,25,Male,Houston,41752.9,7,81.3,66.6,0.9,0.62,566.3,0
CUST-18268,28,Male,New York,83707.72,9,195.24,64.2,0.7,0.42,1822.69,0
CUST-18269,47,Male,Boston,125410.22,10,231.15,56.0,4.6,0.21,2545.34,1
CUST-18270,20,Male,Los Angeles,39395.81,3,107.15,57.1,0.5,0.68,397.68,0
CUST-18271,50,Female,Los Angeles,62554.07,8,78.62,73.1,7.4,,762.02,1
CUST-18272,31,Female,Miami,40176.73,6,39.23,67.0,0.8,0.56,324.42,0
CUST-18273,33,Female,Los Angeles,54375.67,6,169.67,59.8,2.9,0.45,1040.43,1
CUST-18274,24,Female,Phoenix,143298.06,7,348.29,91.9,2.4,0.36,2644.55,0
CUST-18275,42,Female,Miami,64672.71,6,101.54,63.3,0.6,0.41,748.16,0
CUST-18276,67,Female,Miami,60204.54,9,176.49,50.5,5.8,0.48,1560.47,1
CUST-18277,47,Male,Miami,66886.36,10,61.11,88.1,8.0,0.45,801.82,1
CUST-18278,27,Other,New York,90692.9,5,191.17,76.4,1.0,0.49,1082.12,1
CUST-18279,51,Male,New York,29354.4,6,76.66,95.9,7.6,0.82,396.43,1
CUST-18280,34,Male,Los Angeles,196445.9,5,450.0,66.1,2.0,0.05,2785.89,1
CUST-18281,54,Male,New York,35168.98,9,55.92,60.5,3.6,0.48,514.3,0
CUST-18282,47,Female,Houston,122394.39,15,264.8,88.9,10.4,0.44,3875.83,1
CUST-18283,18,Other,Chicago,77481.76,7,173.86,72.2,0.5,0.33,1299.83,1
CUST-18284,25,Female,Houston,56336.4,3,124.33,64.9,1.4,0.57,476.59,0
CUST-18285,49,Female,Los Angeles,53477.67,4,148.96,56.9,2.5,0.42,739.3,0
CUST-18286,39,Female,Houston,189337.61,10,240.38,62.5,2.7,0.0,3004.64,1
CUST-18287,25,Female,Los Angeles,84289.01,2,200.48,70.3,1.2,0.37,593.82,1
CUST-18288,30,Female,New York,73787.8,5,196.21,65.5,1.9,0.56,1056.82,0
CUST-18289,18,Female,Phoenix,37309.68,4,83.5,45.3,0.5,0.59,418.12,0
CUST-18290,36,Male,San Francisco,54660.58,10,95.2,78.2,5.5,0.48,976.1,1
CUST-18291,64,Male,Miami,52786.57,12,139.4,84.3,7.9,0.71,1523.76,1
CUST-18292,47,Female,Seattle,42524.77,9,69.75,,7.3,0.46,644.74,1
CUST-18293,64,Male,San Francisco,106542.34,10,226.56,80.6,12.3,0.42,2339.03,1
CUST-18294,48,Female,San Francisco,54921.0,11,139.17,82.2,12.0,0.74,1432.99,1
CUST-18295,50,Female,New York,120883.48,8,161.05,75.3,6.1,0.41,1478.26,1
CUST-18296,61,Female,New York,119539.04,10,144.94,96.3,14.1,0.47,1702.1,1
CUST-18297,42,Male,Miami,50060.57,7,66.01,83.5,5.0,0.66,535.45,1
CUST-18298,35,Female,Los Angeles,83275.78,6,108.85,68.1,5.4,0.47,765.98,1
CUST-18299,50,Male,Los Angeles,85386.55,7,159.13,78.3,7.6,0.45,1274.39,1
CUST-18300,55,Female,New York,35204.84,9,107.03,100.0,13.1,0.68,880.93,1
CUST-18301,32,Female,New York,173850.51,9,211.03,63.3,2.8,0.0,2386.14,1
CUST-18302,29,Female,Miami,45289.7,9,135.8,70.9,3.2,0.58,1179.84,1
CUST-18303,39,Female,Los Angeles,88216.45,4,178.05,67.3,4.2,0.39,850.61,0
CUST-18304,47,Male,Chicago,81683.06,15,128.27,93.3,10.0,0.54,1898.59,1
CUST-18305,47,Female,New York,21064.32,9,69.88,77.9,11.5,0.54,647.44,1
CUST-18306,20,Male,San Francisco,54611.93,4,113.14,100.0,0.6,0.7,533.6,0
CUST-18307,60,Male,San Francisco,115457.37,10,313.95,78.9,7.4,0.42,3085.52,1
CUST-18308,30,Male,Chicago,58683.65,2,84.01,64.6,0.8,0.38,312.23,0
CUST-18309,34,Female,Miami,72634.22,4,143.36,84.7,1.3,0.5,715.28,0
CUST-18310,27,Male,Los Angeles,65247.64,7,166.14,56.1,3.4,0.51,1165.89,0
CUST-18311,70,Male,San Francisco,140247.38,14,265.91,54.1,8.4,0.09,4018.04,1
CUST-18312,40,Female,San Francisco,80297.13,10,198.6,65.7,3.8,0.42,1988.21,1
CUST-18313,27,Female,Austin,121461.76,8,264.1,70.0,2.6,0.15,2417.08,1
CUST-18314,48,Male,Los Angeles,38167.81,10,92.5,71.0,6.9,0.63,838.96,1
CUST-18315,47,Female,New York,68616.24,6,156.56,74.6,3.7,0.38,1095.41,1
CUST-18316,35,Female,Los Angeles,46307.64,7,100.44,56.1,1.9,0.51,805.63,0
CUST-18317,48,Male,New York,88824.93,6,192.41,81.7,7.3,0.45,1316.07,1
CUST-18318,28,Female,New York,63625.56,7,151.2,68.6,1.2,0.47,1131.27,0
CUST-18319,32,Female,Los Angeles,55548.11,9,102.65,75.9,1.2,0.61,932.92,0
CUST-18320,18,Female,Chicago,39990.89,4,86.25,75.3,0.5,0.52,364.8,0
CUST-18321,22,Female,Boston,51634.94,2,58.8,59.2,1.4,0.33,251.5,0
CUST-18322,59,Female,New York,72763.23,4,83.26,68.2,1.0,0.37,566.26,0
CUST-18323,57,Male,Austin,21690.67,8,58.87,84.5,12.6,0.72,435.74,1
CUST-18324,38,Female,Miami,18000.0,15,14.82,64.6,5.2,0.82,286.14,1
CUST-18325,57,Male,Seattle,69753.06,6,105.5,70.7,1.1,0.6,758.2,0
CUST-18326,36,Male,Boston,18000.0,7,36.41,52.5,4.5,0.45,290.4,1
CUST-18327,35,Male,San Francisco,68864.85,10,194.86,48.7,3.2,0.39,1991.49,1
CUST-18328,38,Female,Miami,42621.96,15,140.07,78.4,6.8,,1906.77,1
CUST-18329,36,Male,Chicago,74593.53,12,171.94,72.3,6.6,0.58,1969.6,1
CUST-18330,35,Male,Houston,36779.56,4,47.77,85.4,2.3,0.54,263.28,0
CUST-18331,51,Male,Boston,142497.39,10,244.6,85.2,10.5,0.23,2725.73,1
CUST-18332,39,Female,Chicago,86931.14,10,133.31,62.1,2.9,0.43,1444.14,1
CUST-18333,46,Male,New York,34336.27,9,49.21,64.2,3.7,0.65,510.13,1
CUST-18334,50,Female,Miami,44646.6,8,58.43,77.8,2.9,0.61,528.17,1
CUST-18335,42,Male,Houston,110447.91,11,197.51,77.4,6.7,0.54,2203.18,1
CUST-18336,26,Male,Miami,36311.54,8,40.79,72.7,1.2,0.51,391.92,0
CUST-18337,21,Female,New York,71229.22,5,197.21,74.4,0.8,0.52,975.57,0
CUST-18338,39,Female,Phoenix,98390.87,5,173.55,96.6,6.9,0.55,1021.09,1
CUST-18339,35,Male,Los Angeles,47546.53,5,57.59,79.8,5.5,0.66,368.4,1
CUST-18340,39,Male,Boston,113983.79,7,163.41,75.3,7.3,0.2,1445.21,1
CUST-18341,37,Male,New York,46402.32,2,88.36,61.2,1.6,0.54,299.62,0
CUST-18342,69,Female,Seattle,18000.0,11,21.6,69.0,9.0,0.59,275.18,1
CUST-18343,22,Male,New York,135180.91,5,269.77,74.7,1.5,0.32,1672.35,0
CUST-18344,18,Female,New York,91078.05,7,108.88,60.2,0.5,,997.47,0
CUST-18345,41,Male,Los Angeles,80181.18,5,178.4,75.1,7.4,0.48,1019.07,1
CUST-18346,33,Male,Los Angeles,36072.3,11,86.38,90.4,1.9,0.68,904.3,0
CUST-18347,41,Male,Phoenix,29376.88,5,43.73,66.6,6.3,0.64,292.58,1
CUST-18348,45,Female,New York,130004.31,14,184.13,68.0,7.9,0.39,2771.13,1
CUST-18349,53,Female,Chicago,64240.8,10,93.37,100.0,13.0,0.49,986.96,1
CUST-18350,19,Male,Los Angeles,58749.26,11,117.68,,0.5,0.47,1249.76,0
CUST-18351,31,Female,Seattle,75629.89,11,195.28,81.0,4.5,0.44,2165.45,1
CUST-18352,43,Male,New York,155493.21,5,323.0,85.6,0.9,0.24,1935.92,0
CUST-18353,47,Female,Los Angeles,89465.29,7,161.98,67.1,5.2,0.32,1319.83,1
CUST-18354,64,Female,Phoenix,38457.8,7,65.47,,6.9,0.77,508.11,1
CUST-18355,49,Male,Boston,32227.57,8,96.13,63.1,6.9,0.56,767.37,1
CUST-18356,37,Female,Seattle,90868.66,6,161.84,66.9,3.9,0.43,1069.65,1
CUST-18357,27,Female,Boston,40959.44,16,52.13,72.1,3.5,0.61,841.61,1
CUST-18358,31,Male,New York,40494.28,9,56.12,42.1,0.9,0.62,551.99,0
CUST-18359,30,Female,Seattle,130746.83,8,151.37,79.4,1.6,0.35,1509.78,0
CUST-18360,45,Male,Miami,79611.16,11,119.05,90.2,10.5,0.52,1290.42,1
CUST-18361,41,Female,Boston,78839.11,10,116.87,73.0,4.4,0.54,1266.53,1
CUST-18362,22,Male,Los Angeles,33542.33,10,62.44,76.2,1.1,0.75,598.8,0
CUST-18363,32,Female,Boston,159046.93,8,212.85,42.3,0.9,0.18,2210.1,0
CUST-18364,48,Male,Chicago,95151.37,8,210.07,73.7,3.8,0.36,1791.7,1
CUST-18365,42,Male,Phoenix,41887.67,4,62.21,45.2,0.9,0.53,379.57,0
CUST-18366,44,Male,Chicago,43965.04,3,89.18,54.5,1.9,0.55,386.79,0
CUST-18367,42,Male,Chicago,59162.02,10,113.96,81.7,6.3,0.53,1172.32,1
CUST-18368,57,Female,Houston,40517.83,17,98.96,65.7,11.6,0.7,1546.18,1
CUST-18369,40,Male,Los Angeles,188280.64,8,298.28,80.9,7.7,0.17,2802.44,1
CUST-18370,33,Female,Miami,42444.07,12,33.83,90.7,1.9,0.58,426.17,1
CUST-18371,27,Male,Phoenix,28586.73,8,15.32,64.3,1.5,0.54,280.3,0
CUST-18372,40,Female,San Francisco,167825.52,5,450.0,82.2,5.2,0.26,2618.77,1
CUST-18373,18,Female,Los Angeles,46874.59,6,61.96,45.3,0.5,0.38,424.43,0
CUST-18374,35,Other,Austin,88302.64,10,131.32,93.1,5.6,0.45,1437.87,1
CUST-18375,35,Other,San Francisco,106315.47,10,272.64,67.5,3.5,0.27,2848.03,1
CUST-18376,21,Female,New York,71027.58,7,105.12,64.5,1.2,0.46,850.49,0
CUST-18377,26,Female,San Francisco,46628.81,5,98.33,59.7,0.8,,571.63,0
CUST-18378,47,Male,New York,71397.14,8,112.83,38.2,2.0,0.4,1023.31,0
CUST-18379,40,Female,New York,40748.49,10,82.44,69.1,3.4,0.59,762.18,1
CUST-18380,39,Female,Houston,50860.8,4,98.82,46.8,2.1,0.62,459.12,0
CUST-18381,41,Male,Houston,75742.71,4,169.91,56.2,6.6,0.41,832.1,1
CUST-18382,39,Female,New York,172645.33,12,386.68,69.1,8.0,0.23,4800.0,1
CUST-18383,52,Male,Los Angeles,36164.65,8,77.28,63.4,1.7,0.59,595.68,0
CUST-18384,39,Female,Boston,57359.41,6,139.71,46.6,2.4,0.54,837.36,0
CUST-18385,20,Male,Los Angeles,47923.27,4,115.56,57.1,0.6,0.43,535.28,0
CUST-18386,57,Female,New York,83865.89,8,220.91,88.1,7.9,0.6,1741.99,1
CUST-18387,42,Female,Austin,27844.92,8,32.25,68.7,4.6,0.59,270.26,1
CUST-18388,30,Female,Los Angeles,39160.76,6,78.41,82.5,3.6,0.58,504.05,1
CUST-18389,22,Female,San Francisco,32547.76,5,39.76,69.8,1.3,0.57,317.14,0
CUST-18390,42,Female,Los Angeles,30351.76,7,77.59,80.5,5.7,0.57,615.65,1
CUST-18391,36,Male,Houston,36993.14,9,77.52,76.5,4.5,0.69,685.86,0
CUST-18392,56,Male,Chicago,131167.64,9,345.47,90.3,12.7,0.46,3137.02,1
CUST-18393,33,Male,Austin,70906.01,10,157.49,83.3,2.7,0.47,1636.95,0
CUST-18394,27,Male,Chicago,58764.2,7,99.42,50.6,0.5,0.43,795.31,0
CUST-18395,48,Male,Phoenix,95614.76,8,242.37,72.8,2.9,0.35,2120.39,0
CUST-18396,49,Female,Boston,78756.85,4,177.79,61.2,0.9,0.36,898.97,0
CUST-18397,40,Female,Austin,75667.06,7,98.78,53.0,3.8,0.42,823.5,1
CUST-18398,46,Female,New York,57733.47,6,70.35,65.0,4.3,0.61,566.91,0
CUST-18399,37,Male,Seattle,49240.88,10,90.17,59.3,1.2,0.41,967.43,1
CUST-18400,40,Male,Chicago,29531.91,7,24.05,66.3,6.8,0.58,264.09,1
CUST-18401,51,Female,Phoenix,36101.68,6,42.92,75.9,7.5,0.64,362.27,1
CUST-18402,45,Male,Chicago,49440.66,3,93.94,70.9,2.8,0.63,349.82,0
CUST-18403,35,Male,Chicago,67585.56,7,168.88,100.0,5.3,0.69,1194.3,1
CUST-18404,54,Male,New York,71806.15,9,104.25,77.9,9.8,0.43,1081.4,1
CUST-18405,18,Male,Houston,42880.48,5,117.75,55.4,0.5,0.51,692.09,0
CUST-18406,62,Male,Houston,32626.12,12,64.84,93.8,14.8,0.68,799.34,1
CUST-18407,18,Male,New York,89292.07,4,222.77,89.5,0.5,0.54,1052.73,0
CUST-18408,30,Male,Houston,40127.76,13,78.09,56.4,3.8,0.47,1029.08,1
CUST-18409,37,Female,Austin,71126.01,9,137.08,69.6,7.4,0.6,1242.22,1
CUST-18410,36,Male,San Francisco,29139.1,15,70.21,62.5,5.4,0.53,995.18,1
CUST-18411,50,Male,Houston,60895.67,17,90.21,48.8,8.7,0.46,1546.76,1
CUST-18412,25,Female,Boston,94445.2,6,264.25,78.6,2.6,0.52,1685.1,1
CUST-18413,41,Female,Houston,70155.69,4,159.71,56.4,2.8,0.67,753.7,0
CUST-18414,31,Male,New York,66286.69,4,132.05,66.5,1.8,0.38,690.14,0
CUST-18415,41,Female,Houston,81337.78,9,126.87,84.2,6.1,,1211.54,1
CUST-18416,37,Male,New York,38701.17,5,98.62,63.2,6.8,0.74,476.46,1
CUST-18417,39,Male,Miami,49222.38,8,117.37,65.2,5.4,0.43,1008.05,1
CUST-18418,31,Other,Austin,54101.23,11,123.9,66.5,5.1,0.56,1348.57,1
CUST-18419,31,Female,Chicago,95510.36,4,236.06,39.8,1.5,0.27,1163.38,0
CUST-18420,41,Male,Chicago,20713.55,11,28.6,71.2,7.7,0.54,313.94,1
CUST-18421,49,Female,Chicago,33514.23,7,68.86,62.8,11.5,0.62,498.63,1
CUST-18422,30,Female,Los Angeles,149251.39,8,415.1,71.0,2.3,0.32,3511.66,1
CUST-18423,27,Male,Miami,18000.0,7,26.09,,3.5,0.6,216.45,0
CUST-18424,45,Male,Phoenix,73265.97,11,118.29,45.9,2.6,0.36,1391.45,1
CUST-18425,37,Male,New York,51531.11,9,39.02,98.1,7.3,0.73,392.35,1
CUST-18426,47,Female,Seattle,76917.97,11,114.32,95.3,10.5,0.64,1310.56,1
CUST-18427,27,Male,New York,148300.48,3,349.78,64.8,0.7,0.15,1445.22,0
CUST-18428,18,Female,Austin,69003.58,2,210.56,55.7,0.5,0.43,617.99,0
CUST-18429,31,Male,Chicago,116547.81,9,181.61,68.2,3.0,0.35,1801.93,0
CUST-18430,28,Male,Phoenix,38118.88,8,45.56,87.5,0.7,0.64,375.2,0
CUST-18431,37,Female,New York,61084.69,5,144.46,66.6,0.8,0.61,834.48,0
CUST-18432,30,Female,Los Angeles,92335.42,10,185.03,51.7,0.5,0.45,1864.34,0
CUST-18433,46,Male,Miami,41315.44,13,76.1,61.9,6.1,0.61,919.27,1
CUST-18434,34,Male,Chicago,76685.15,6,231.35,53.2,3.2,0.3,1471.63,0
CUST-18435,39,Female,Boston,117503.53,8,295.73,,7.9,0.29,2497.34,1
CUST-18436,39,Male,Houston,79449.36,5,143.62,73.2,3.2,0.57,891.12,1
CUST-18437,40,Male,Boston,29521.25,5,41.09,60.5,6.0,0.6,227.61,1
CUST-18438,37,Female,Austin,50242.66,7,91.75,68.6,0.6,0.42,690.15,0
CUST-18439,44,Female,Chicago,65493.51,11,131.37,91.0,7.1,0.59,1425.27,1
CUST-18440,28,Male,Houston,45558.84,6,88.67,100.0,3.7,0.67,580.41,1
CUST-18441,54,Female,Seattle,70461.84,8,196.44,68.4,5.4,0.42,1656.49,1
CUST-18442,35,Female,Los Angeles,72207.36,7,214.44,31.3,2.5,0.33,1584.86,0
CUST-18443,22,Male,Seattle,52044.76,3,101.77,82.7,1.2,0.69,393.73,0
CUST-18444,40,Female,Phoenix,44263.69,7,121.42,67.5,3.2,0.55,835.01,0
CUST-18445,27,Male,San Francisco,42022.26,6,77.82,62.9,1.7,0.52,467.24,0
CUST-18446,45,Male,New York,57594.58,4,134.87,66.3,3.3,0.52,654.96,0
CUST-18447,64,Male,Miami,23989.4,13,52.9,53.7,5.5,0.6,663.3,1
CUST-18448,28,Male,Los Angeles,66039.63,8,163.78,85.1,2.9,0.55,1274.27,1
CUST-18449,41,Female,Miami,46727.85,9,102.75,79.7,8.5,0.55,921.3,1
CUST-18450,18,Male,Houston,32559.0,8,73.5,,0.5,0.73,511.4,0
CUST-18451,43,Female,Los Angeles,152114.96,9,253.13,58.0,0.6,0.22,2573.97,0
CUST-18452,27,Male,Austin,52712.32,5,145.84,75.2,1.3,0.5,770.25,0
CUST-18453,30,Male,Miami,59396.06,9,177.4,73.8,4.6,0.46,1610.78,1
CUST-18454,24,Female,Austin,43303.71,7,146.04,62.4,2.2,0.53,1066.13,1
CUST-18455,46,Female,Chicago,46240.72,6,129.41,70.1,1.7,0.54,798.54,0
CUST-18456,50,Female,Phoenix,57345.3,10,137.88,100.0,11.7,0.61,1329.79,1
CUST-18457,38,Female,Phoenix,41295.71,9,75.74,78.7,7.7,0.68,703.26,0
CUST-18458,27,Male,San Francisco,75972.29,5,159.16,91.1,1.5,0.51,934.73,0
CUST-18459,57,Female,New York,109482.16,10,305.69,96.2,10.7,0.43,2978.97,1
CUST-18460,28,Male,Los Angeles,48086.12,7,100.2,73.1,2.5,0.61,748.01,0
CUST-18461,18,Female,Boston,33397.65,10,94.6,87.8,0.5,,890.26,0
CUST-18462,43,Female,Chicago,26520.09,6,44.77,53.5,2.0,0.64,298.19,0
CUST-18463,24,Male,Austin,122336.37,3,206.46,92.3,1.2,0.45,914.25,0
CUST-18464,49,Male,Los Angeles,99243.86,12,137.32,76.6,11.5,0.48,1731.9,1
CUST-18465,33,Female,Austin,82719.45,6,200.34,36.6,5.0,0.48,1254.99,1
CUST-18466,45,Female,San Francisco,60988.82,6,159.0,67.8,3.9,0.51,1038.81,0
CUST-18467,54,Male,Miami,26427.67,10,47.29,79.8,8.1,0.73,540.16,1
CUST-18468,23,Female,Chicago,49396.72,10,87.33,70.4,1.1,0.5,856.19,0
CUST-18469,31,Female,Boston,62046.81,8,126.54,64.1,2.7,0.55,989.04,1
CUST-18470,37,Male,Houston,29229.42,4,41.83,71.4,5.9,0.69,220.13,1
CUST-18471,56,Male,San Francisco,36375.26,10,27.14,59.1,8.4,0.64,328.27,1
CUST-18472,30,Female,New York,30790.09,4,63.0,,1.3,0.59,328.16,0
CUST-18473,30,Male,Phoenix,67733.49,12,117.47,83.0,1.7,0.55,1416.22,1
CUST-18474,43,Male,Seattle,37066.33,7,80.84,86.2,5.9,0.69,584.41,0
CUST-18475,31,Female,New York,85375.1,9,210.52,74.3,3.8,0.49,1957.51,0
CUST-18476,39,Female,San Francisco,62166.55,6,89.57,61.1,4.5,0.72,655.17,0
CUST-18477,19,Female,New York,98215.91,8,176.36,62.2,0.5,0.39,1591.51,0
CUST-18478,64,Male,Boston,76897.9,14,101.63,81.3,11.9,0.55,1436.5,1
CUST-18479,21,Female,Austin,53068.64,7,112.36,64.1,0.9,0.62,856.17,0
CUST-18480,34,Female,Los Angeles,66502.09,6,141.21,80.3,6.3,0.38,984.39,1
CUST-18481,37,Male,New York,69212.48,9,140.97,72.2,2.2,0.51,1309.2,1
CUST-18482,60,Female,Phoenix,35845.23,9,68.8,91.8,13.8,0.67,594.35,1
CUST-18483,22,Female,New York,119389.43,4,196.27,66.2,0.8,0.32,1102.09,0
CUST-18484,61,Female,Houston,41654.71,9,111.68,51.0,8.2,0.54,1002.25,1
CUST-18485,47,Female,Los Angeles,59655.22,10,109.74,74.1,5.6,0.62,1152.32,1
CUST-18486,43,Male,Chicago,28035.52,5,51.19,64.6,4.0,0.6,336.36,0
CUST-18487,26,Female,New York,83878.69,7,80.67,61.1,3.1,0.56,766.69,0
CUST-18488,44,Female,New York,53896.12,6,106.9,64.3,3.2,0.61,689.82,0
CUST-18489,29,Female,New York,57623.18,10,130.44,85.9,3.1,0.6,1276.49,1
CUST-18490,53,Other,Phoenix,32043.8,11,67.08,78.8,11.4,0.54,692.34,1
CUST-18491,26,Male,Houston,48373.55,7,85.95,63.6,1.0,0.55,649.58,1
CUST-18492,36,Male,Los Angeles,22845.87,4,58.93,77.8,7.0,0.68,336.62,1
CUST-18493,31,Male,Phoenix,68584.24,9,138.99,56.6,3.1,0.42,1379.09,0
CUST-18494,26,Female,Seattle,66423.83,10,74.81,79.8,3.0,0.47,802.42,1
CUST-18495,46,Male,Los Angeles,49321.69,9,81.75,90.4,7.6,0.7,700.3,1
CUST-18496,44,Female,Seattle,31226.68,8,81.09,69.6,6.9,0.49,639.89,1
CUST-18497,52,Male,San Francisco,94184.0,8,158.51,65.8,5.0,0.53,1333.05,0
CUST-18498,18,Male,New York,53260.0,10,71.67,53.8,0.5,,756.95,0
CUST-18499,50,Male,Chicago,109298.02,5,143.53,46.7,0.9,0.3,1023.93,0
CUST-18500,68,Female,Houston,65635.12,10,126.14,62.7,8.6,0.68,1284.74,1
CUST-18501,32,Female,San Francisco,163374.45,5,219.46,47.4,0.7,0.15,1528.0,0
CUST-18502,60,Female,Los Angeles,66719.13,9,137.56,76.5,4.9,0.55,1237.24,1
CUST-18503,34,Female,Austin,102152.45,12,122.66,74.3,1.1,0.37,1630.38,0
CUST-18504,21,Male,San Francisco,95593.28,5,135.81,74.7,1.1,0.43,933.48,0
CUST-18505,34,Male,Chicago,45401.46,7,60.53,57.5,4.2,,578.28,0
CUST-18506,50,Other,New York,80314.83,10,124.62,63.3,8.7,0.4,1363.18,1
CUST-18507,27,Female,New York,48199.86,6,102.43,62.9,3.1,0.47,778.22,0
CUST-18508,30,Male,Houston,144798.21,12,222.47,68.6,3.7,0.35,2880.82,1
CUST-18509,45,Female,Houston,48936.27,5,84.57,74.3,1.8,0.59,433.46,0
CUST-18510,38,Male,Miami,52146.47,9,51.7,91.1,5.1,0.55,617.69,1
CUST-18511,45,Male,San Francisco,92176.93,12,152.22,88.0,10.6,0.55,1858.07,1
CUST-18512,40,Male,Los Angeles,36181.0,7,72.15,54.6,2.3,0.56,588.78,0
CUST-18513,43,Female,Phoenix,94402.71,7,250.96,88.8,6.4,0.42,1826.32,1
CUST-18514,32,Male,New York,43802.22,6,78.72,59.5,3.4,0.5,571.85,0
CUST-18515,40,Male,Chicago,30426.06,7,78.89,58.0,3.8,0.54,560.79,1
CUST-18516,26,Male,Miami,47355.81,11,90.21,67.2,3.1,0.8,904.73,1
CUST-18517,53,Male,Chicago,30005.66,6,15.29,76.6,5.3,0.73,126.78,1
CUST-18518,30,Female,Seattle,147873.7,2,272.21,68.1,0.9,0.33,885.5,0
CUST-18519,51,Male,Austin,53101.4,12,102.16,93.8,12.7,0.66,1145.15,1
CUST-18520,35,Male,Phoenix,18000.0,8,50.17,42.7,5.1,0.51,407.63,0
CUST-18521,40,Female,New York,80828.01,7,202.49,66.8,3.3,0.31,1568.74,0
CUST-18522,32,Male,Chicago,75022.49,8,88.98,58.8,1.9,0.4,837.73,0
CUST-18523,25,Male,New York,59242.14,8,117.11,84.4,2.6,0.74,892.74,0
CUST-18524,18,Male,Phoenix,24752.78,4,26.37,83.3,0.5,0.69,229.12,0
CUST-18525,25,Female,Miami,48876.56,5,84.44,82.3,1.7,0.66,480.81,0
CUST-18526,34,Female,Phoenix,38322.28,6,101.44,73.4,1.8,0.62,685.12,0
CUST-18527,40,Male,Miami,31600.26,9,78.78,59.6,8.8,0.62,674.08,1
CUST-18528,50,Female,Miami,30236.17,13,52.17,91.4,10.0,0.72,630.01,1
CUST-18529,32,Female,Seattle,73222.75,10,102.15,87.4,3.4,0.57,1117.81,1
CUST-18530,27,Female,Los Angeles,97858.01,6,202.03,56.8,2.8,0.23,1423.71,0
CUST-18531,20,Male,Seattle,85298.78,9,185.21,58.1,0.8,,1778.65,0
CUST-18532,43,Male,Phoenix,20550.5,11,60.22,78.0,9.6,0.68,637.29,1
CUST-18533,54,Female,Los Angeles,84753.38,8,175.79,80.3,11.4,0.49,1436.1,1
CUST-18534,53,Female,Austin,87688.6,13,190.72,,12.0,,2459.99,1
CUST-18535,46,Female,Austin,119629.96,6,306.76,78.8,4.8,0.39,1997.74,1
CUST-18536,45,Male,Houston,32008.69,9,88.44,76.5,4.5,0.63,786.82,1
CUST-18537,58,Male,Seattle,65830.74,14,103.56,93.5,12.2,0.61,1450.13,1
CUST-18538,41,Female,Los Angeles,82745.43,8,191.19,74.5,7.1,0.39,1568.38,1
CUST-18539,45,Female,Chicago,43696.06,12,103.64,59.1,9.8,0.46,1273.44,1
CUST-18540,34,Male,New York,96380.53,3,178.68,74.8,1.3,0.43,736.0,0
CUST-18541,21,Male,Houston,50852.96,14,142.92,72.8,1.0,0.56,1919.1,1
CUST-18542,29,Male,Houston,33707.62,7,76.13,81.6,3.0,0.62,570.84,0
CUST-18543,37,Female,Los Angeles,42580.04,12,109.76,91.6,6.2,0.53,1289.14,1
CUST-18544,38,Female,San Francisco,141650.34,12,188.43,38.3,0.7,0.3,2481.22,0
CUST-18545,61,Female,New York,44440.0,8,71.0,87.0,12.5,0.69,685.72,1
CUST-18546,38,Female,New York,40786.42,9,50.83,62.3,2.9,0.49,476.98,0
CUST-18547,52,Male,Chicago,67574.07,9,102.38,99.2,9.5,0.62,971.5,1
CUST-18548,32,Female,Chicago,56022.23,8,113.39,71.7,3.6,0.5,957.75,1
CUST-18549,34,Other,Los Angeles,32336.48,8,82.7,68.5,3.1,0.62,601.4,1
CUST-18550,22,Female,Los Angeles,48052.62,9,64.08,68.6,1.3,0.63,667.98,0
CUST-18551,29,Female,Los Angeles,41413.87,8,79.21,98.5,4.2,0.65,698.17,0
CUST-18552,44,Male,New York,53064.89,4,88.96,70.7,3.7,0.64,465.88,0
CUST-18553,38,Female,Chicago,201043.25,7,450.0,82.0,6.1,0.07,3678.69,1
CUST-18554,49,Female,Boston,55883.9,6,115.46,83.5,4.2,0.56,798.86,1
CUST-18555,40,Female,Los Angeles,40100.19,10,63.97,83.5,7.5,0.64,652.96,1
CUST-18556,33,Male,San Francisco,208431.55,8,353.91,72.2,2.9,0.12,3349.81,1
CUST-18557,63,Female,New York,114031.73,5,219.04,79.8,7.0,0.24,1323.83,1
CUST-18558,36,Male,Los Angeles,89516.18,10,218.68,79.2,5.7,0.56,2079.95,1
CUST-18559,51,Male,Los Angeles,41077.46,12,83.95,81.2,6.8,0.65,926.67,1
CUST-18560,33,Male,Boston,117955.56,6,149.6,46.5,2.0,0.2,1265.33,0
CUST-18561,46,Female,Chicago,85556.09,14,200.23,100.0,11.2,,2525.72,1
CUST-18562,49,Male,San Francisco,81635.3,7,149.28,67.6,7.9,0.4,1233.08,1
CUST-18563,40,Male,Phoenix,20671.02,9,58.37,66.8,5.9,0.69,444.17,1
CUST-18564,18,Female,New York,72413.25,4,209.04,61.3,0.5,0.34,991.03,0
CUST-18565,38,Female,Boston,154397.68,5,430.13,63.0,7.1,0.19,2502.82,1
CUST-18566,52,Female,Los Angeles,69560.58,6,87.12,76.6,2.9,0.44,663.74,0
CUST-18567,44,Male,New York,60589.16,5,170.79,58.4,1.1,0.58,879.83,0
CUST-18568,43,Female,Los Angeles,55577.47,7,70.06,,4.2,0.42,600.8,0
CUST-18569,18,Male,Los Angeles,57534.26,10,143.58,61.4,0.5,0.56,1446.18,0
CUST-18570,29,Male,New York,49035.39,10,103.41,59.5,1.6,0.54,1066.73,0
CUST-18571,42,Male,Phoenix,47763.5,8,117.68,90.7,6.8,0.72,941.61,1
CUST-18572,42,Female,Los Angeles,128172.1,4,232.41,46.6,1.2,0.22,1269.39,0
CUST-18573,52,Male,Phoenix,94785.05,13,122.91,77.1,10.9,0.44,1736.44,1
CUST-18574,36,Male,New York,50158.17,9,139.18,84.2,5.3,0.57,1244.64,1
CUST-18575,42,Male,Austin,112787.28,5,244.52,50.1,2.4,0.22,1485.82,0
CUST-18576,38,Female,New York,107009.75,9,203.35,53.4,2.7,0.34,2040.14,1
CUST-18577,26,Female,Phoenix,66923.72,7,120.97,99.5,2.7,0.7,922.15,0
CUST-18578,18,Female,San Francisco,94129.63,6,147.97,65.2,0.5,0.47,1049.48,0
CUST-18579,43,Male,New York,45931.96,10,70.75,100.0,8.2,0.73,711.39,1
CUST-18580,40,Male,New York,59713.63,9,161.82,62.6,3.2,0.51,1378.5,0
CUST-18581,30,Male,New York,110919.92,5,307.9,77.6,4.7,0.44,1657.51,1
CUST-18582,18,Female,Los Angeles,34075.26,10,64.3,97.3,0.5,0.66,605.38,1
CUST-18583,45,Male,New York,43465.25,6,74.26,53.3,1.2,0.45,549.0,0
CUST-18584,34,Male,San Francisco,88395.02,5,121.44,57.7,3.3,0.29,758.95,0
CUST-18585,44,Female,Chicago,38331.37,9,17.17,72.4,7.1,0.59,243.06,1
CUST-18586,60,Male,Houston,77703.37,7,127.72,67.0,2.9,0.55,963.98,1
CUST-18587,18,Male,New York,50161.13,4,72.87,74.8,0.5,0.68,307.55,0
CUST-18588,29,Male,Seattle,76522.0,9,171.07,77.0,3.4,0.48,1568.72,1
CUST-18589,35,Male,New York,86175.43,9,160.78,62.8,1.0,0.48,1519.81,1
CUST-18590,55,Female,Chicago,44700.63,10,44.94,100.0,13.6,0.65,497.47,1
CUST-18591,18,Female,New York,64879.13,2,149.21,88.1,0.5,0.48,481.22,0
CUST-18592,61,Male,New York,52057.22,5,114.27,61.4,7.1,0.48,656.94,1
CUST-18593,39,Male,San Francisco,75144.63,8,176.23,82.2,6.7,0.55,1423.87,1
CUST-18594,36,Female,San Francisco,46893.23,10,69.15,78.4,4.8,0.6,728.42,1
CUST-18595,35,Female,San Francisco,67827.19,7,108.12,63.9,3.3,0.62,845.17,0
CUST-18596,32,Male,Houston,74828.36,4,119.55,86.6,1.8,0.54,609.34,0
CUST-18597,50,Female,Austin,33756.72,11,81.47,88.4,6.9,0.64,844.57,1
CUST-18598,25,Male,Houston,40342.95,4,93.61,76.6,1.8,0.64,470.37,0
CUST-18599,42,Female,Chicago,73712.04,10,133.32,76.4,6.2,0.57,1397.22,1
CUST-18600,33,Female,Los Angeles,22047.17,9,21.7,67.9,3.8,0.64,237.4,0
CUST-18601,28,Female,New York,184960.32,7,218.06,,2.7,0.0,2071.11,1
CUST-18602,69,Female,Houston,86797.72,6,95.52,73.3,7.4,,790.33,1
CUST-18603,43,Male,Los Angeles,28871.04,8,88.46,65.8,5.8,0.66,720.06,1
CUST-18604,45,Female,Houston,18000.0,4,48.1,73.4,3.5,0.75,249.56,0
CUST-18605,51,Female,Los Angeles,63232.31,8,112.67,49.2,2.5,0.53,982.75,0
CUST-18606,20,Female,Seattle,38677.81,3,111.69,39.2,0.7,0.57,416.38,0
CUST-18607,59,Male,Austin,96380.27,5,153.29,42.9,1.2,0.36,954.36,0
CUST-18608,18,Female,Los Angeles,75868.97,4,87.11,43.0,0.5,0.38,509.71,0
CUST-18609,28,Female,Seattle,72029.65,10,174.88,88.9,1.4,,1677.7,1
CUST-18610,32,Male,Seattle,50920.22,4,84.29,96.0,1.5,0.66,466.7,0
CUST-18611,44,Male,Austin,132629.39,8,220.6,55.9,4.2,0.32,2030.34,1
CUST-18612,40,Male,Los Angeles,90806.67,4,127.4,49.9,3.6,0.25,704.32,0
CUST-18613,35,Female,San Francisco,102544.81,5,110.9,49.9,1.2,0.23,931.41,0
CUST-18614,37,Female,Los Angeles,113526.31,6,248.74,63.3,2.3,0.35,1660.52,0
CUST-18615,26,Female,Phoenix,29296.08,2,55.05,80.2,0.5,0.63,170.86,0
CUST-18616,20,Male,San Francisco,144183.37,12,264.41,55.4,0.6,0.22,3361.08,1
CUST-18617,46,Female,San Francisco,66447.54,9,168.89,84.9,9.0,0.65,1459.86,1
CUST-18618,46,Female,Los Angeles,73653.49,6,118.02,64.1,3.3,0.4,900.95,0
CUST-18619,57,Male,Seattle,62624.51,7,136.89,93.9,9.8,0.57,970.07,1
CUST-18620,28,Male,Chicago,22244.66,3,52.49,76.1,0.8,0.49,232.42,0
CUST-18621,46,Male,Los Angeles,100552.58,5,158.31,67.4,0.6,0.38,1014.74,0
CUST-18622,34,Female,Houston,20670.55,12,37.68,65.4,3.4,0.68,388.99,1
CUST-18623,52,Male,Seattle,41767.89,8,36.31,,6.5,0.62,366.84,1
CUST-18624,50,Male,Austin,47519.62,7,70.88,66.1,2.9,0.58,513.46,0
CUST-18625,40,Male,San Francisco,28557.2,12,87.3,77.0,2.9,0.69,912.7,1
CUST-18626,33,Female,New York,42183.87,6,83.82,60.8,0.7,0.57,511.41,0
CUST-18627,49,Male,New York,82661.95,9,189.68,84.1,10.0,0.5,1758.82,1
CUST-18628,45,Male,New York,61499.17,6,80.26,69.5,3.6,0.55,649.76,1
CUST-18629,29,Male,New York,64089.01,9,136.42,68.4,1.4,0.58,1200.17,1
CUST-18630,22,Male,Chicago,36000.46,6,80.45,57.8,1.4,0.39,566.34,0
CUST-18631,34,Male,Los Angeles,63758.17,6,150.13,84.3,0.7,0.6,948.33,0
CUST-18632,56,Female,New York,62160.85,7,78.68,63.0,4.6,0.53,681.31,1
CUST-18633,51,Female,Seattle,29811.84,6,76.12,67.9,3.8,0.53,458.26,0
CUST-18634,24,Female,Phoenix,44098.46,5,120.14,51.6,1.0,0.41,699.29,0
CUST-18635,23,Female,Miami,27660.23,9,56.12,54.7,0.5,0.67,483.51,0
CUST-18636,53,Male,Chicago,89111.06,12,175.24,86.3,13.1,0.6,2044.78,1
CUST-18637,24,Female,Chicago,46771.85,8,76.5,69.8,2.1,0.6,684.4,0
CUST-18638,44,Male,Los Angeles,219811.17,10,450.0,51.3,4.6,0.0,4800.0,1
CUST-18639,30,Male,Chicago,92248.51,5,245.64,58.5,2.4,0.46,1362.85,0
CUST-18640,57,Female,Phoenix,45684.07,7,54.14,82.1,8.1,0.66,429.82,1
CUST-18641,28,Female,Houston,68764.72,2,138.48,68.5,2.2,0.54,501.49,0
CUST-18642,51,Female,Seattle,23819.12,9,15.98,92.4,10.4,0.6,253.25,1
CUST-18643,40,Female,Boston,105188.71,7,150.58,61.9,4.6,0.4,1348.83,1
CUST-18644,41,Other,Chicago,37746.38,5,80.15,50.6,2.1,0.61,500.95,0
CUST-18645,18,Female,Los Angeles,65161.79,5,101.3,52.8,0.5,0.44,633.86,0
CUST-18646,18,Female,Boston,45184.54,7,141.05,48.4,0.5,0.44,1004.19,0
CUST-18647,35,Female,San Francisco,55593.03,5,156.09,57.9,0.8,0.47,876.57,0
CUST-18648,40,Male,Phoenix,44536.9,7,124.79,76.7,7.9,0.6,852.86,1
CUST-18649,24,Male,San Francisco,78817.37,7,235.02,61.9,1.8,0.4,1678.38,1
CUST-18650,24,Female,New York,72160.4,4,210.07,74.7,1.3,0.58,957.75,0
CUST-18651,44,Male,New York,73065.55,5,138.79,55.4,2.4,0.28,886.29,0
CUST-18652,44,Male,New York,32443.75,8,98.13,57.0,3.6,0.53,821.51,0
CUST-18653,36,Male,New York,234715.49,8,450.0,59.4,4.1,0.0,4236.6,1
CUST-18654,47,Male,Chicago,63881.2,10,59.63,81.1,7.8,0.53,701.76,1
CUST-18655,23,Female,New York,91024.89,4,138.05,66.3,1.5,0.33,719.02,0
CUST-18656,33,Female,Seattle,57133.62,11,127.33,71.2,3.0,0.56,1345.86,1
CUST-18657,57,Female,Houston,33243.99,7,60.22,82.6,5.9,0.78,476.27,0
CUST-18658,38,Female,Chicago,61347.4,11,60.1,100.0,6.3,0.57,759.49,1
CUST-18659,39,Female,New York,84519.96,7,213.28,49.2,7.8,0.57,1531.01,1
CUST-18660,65,Female,Phoenix,93483.85,11,217.63,91.9,13.8,0.53,2326.89,1
CUST-18661,21,Female,New York,206677.2,9,287.83,53.0,0.9,0.01,3224.88,1
CUST-18662,47,Male,San Francisco,158733.73,3,181.32,58.3,1.4,0.16,972.75,0
CUST-18663,57,Male,Miami,21278.28,3,45.02,39.7,1.6,0.51,225.36,0
CUST-18664,34,Male,Houston,40884.15,7,89.84,50.0,2.9,0.47,661.17,0
CUST-18665,48,Female,New York,86509.81,14,200.12,63.5,8.9,0.39,2801.89,1
CUST-18666,26,Female,Miami,42132.04,6,78.6,58.2,1.8,0.55,560.09,0
CUST-18667,29,Female,Los Angeles,60952.4,11,123.02,45.4,2.9,0.41,1304.86,0
CUST-18668,42,Female,Los Angeles,21315.59,7,53.93,68.9,8.2,0.73,330.46,1
CUST-18669,47,Male,Chicago,89849.98,8,223.84,48.6,0.9,0.27,1954.7,0
CUST-18670,51,Male,Boston,25453.13,12,72.37,92.5,12.2,0.63,806.64,1
CUST-18671,56,Female,Los Angeles,28382.19,9,43.61,52.7,5.3,0.66,428.88,0
CUST-18672,37,Male,Boston,39143.36,8,110.65,59.4,0.8,0.6,933.41,0
CUST-18673,52,Female,New York,69656.94,8,128.54,48.4,11.4,0.38,1115.94,1
CUST-18674,33,Female,New York,32491.76,7,85.22,77.3,5.6,0.55,596.6,1
CUST-18675,48,Female,San Francisco,44635.11,10,104.92,84.2,9.3,0.62,971.75,1
CUST-18676,40,Male,New York,129907.39,13,191.47,75.6,7.2,0.23,2745.97,1
CUST-18677,43,Female,Los Angeles,58899.14,6,97.41,,8.8,0.42,666.66,1
CUST-18678,43,Female,New York,90842.1,7,124.47,80.0,5.5,0.65,965.82,1
CUST-18679,18,Other,Los Angeles,33578.48,7,46.06,75.5,0.5,0.67,406.81,0
CUST-18680,24,Female,Los Angeles,60648.12,5,157.51,77.8,1.0,0.46,918.11,0
CUST-18681,39,Female,San Francisco,70865.5,10,202.28,68.7,2.5,0.49,2026.51,1
CUST-18682,18,Male,San Francisco,50962.07,4,111.55,41.7,0.5,0.41,503.97,0
CUST-18683,47,Female,Austin,58091.33,7,75.16,85.5,8.7,0.61,684.75,1
CUST-18684,48,Female,San Francisco,29448.83,3,59.62,61.0,5.1,0.43,257.17,1
CUST-18685,41,Male,San Francisco,94445.35,12,199.5,68.4,4.0,0.52,2332.41,1
CUST-18686,24,Male,San Francisco,62113.95,7,104.73,65.7,2.3,0.56,808.03,0
CUST-18687,54,Male,Seattle,59547.75,12,93.96,55.5,7.7,0.41,1126.21,1
CUST-18688,62,Female,Los Angeles,95381.97,13,210.01,75.6,14.8,0.42,2751.06,1
CUST-18689,39,Male,Los Angeles,77325.47,7,159.97,95.9,7.3,0.39,1249.49,1
CUST-18690,44,Male,San Francisco,64686.17,14,89.75,64.4,6.8,0.56,1275.73,1
CUST-18691,40,Female,Los Angeles,35648.73,6,75.65,82.6,0.6,0.7,520.83,0
CUST-18692,44,Female,Boston,126329.93,7,211.02,72.0,3.4,0.29,1805.77,1
CUST-18693,36,Male,Houston,26334.78,8,34.25,84.5,3.3,0.61,325.12,1
CUST-18694,37,Male,Los Angeles,85344.0,6,119.11,61.8,5.1,0.6,922.55,0
CUST-18695,48,Male,Miami,23156.01,9,48.33,68.2,5.0,0.72,430.22,1
CUST-18696,66,Male,Los Angeles,98587.39,11,251.47,84.6,12.5,0.44,2739.9,1
CUST-18697,21,Male,Austin,98776.07,3,167.21,43.3,1.0,0.27,800.32,0
CUST-18698,36,Female,Austin,22902.58,7,58.17,57.6,2.8,0.68,388.08,1
CUST-18699,23,Female,San Francisco,94953.23,7,221.45,86.7,1.7,0.52,1602.23,0
CUST-18700,57,Female,New York,87847.39,2,125.6,56.8,4.9,0.4,512.78,0
CUST-18701,30,Male,Los Angeles,88546.81,9,226.75,66.8,0.8,0.45,2070.71,0
CUST-18702,20,Female,Houston,61779.5,10,135.77,57.7,0.6,0.32,1400.87,0
CUST-18703,45,Female,Seattle,41855.8,11,42.45,65.9,0.5,0.52,534.37,0
CUST-18704,58,Male,New York,65610.31,8,127.31,82.4,12.6,0.48,1069.36,1
CUST-18705,45,Male,New York,168119.09,11,350.63,66.0,7.0,0.02,4310.95,1
CUST-18706,40,Female,New York,42032.48,5,60.61,67.6,5.2,0.54,401.15,0
CUST-18707,42,Female,Houston,60484.09,6,90.33,86.1,6.5,0.63,636.19,1
CUST-18708,54,Male,Seattle,120423.56,10,274.79,86.7,9.6,0.42,2814.49,1
CUST-18709,27,Female,New York,44566.07,7,113.13,73.6,2.3,0.55,815.68,0
CUST-18710,36,Female,Los Angeles,30680.07,11,67.27,77.9,6.1,0.55,722.17,1
CUST-18711,32,Female,San Francisco,40272.38,10,102.67,89.8,2.7,0.68,945.16,1
CUST-18712,23,Male,Miami,62704.74,5,130.64,79.9,1.7,0.54,712.07,0
CUST-18713,34,Female,Miami,27211.77,8,54.62,,5.1,0.73,509.93,1
CUST-18714,51,Male,Miami,48099.48,7,67.05,,3.0,0.57,592.04,0
CUST-18715,44,Female,New York,145181.55,7,363.26,51.0,5.0,0.17,2833.47,1
CUST-18716,45,Female,Chicago,55444.41,10,142.02,74.2,9.1,0.63,1320.67,1
CUST-18717,39,Male,Austin,40392.68,7,46.34,84.0,7.1,0.71,389.48,1
CUST-18718,44,Female,Austin,63450.48,6,188.8,76.1,0.7,0.54,1192.03,0
CUST-18719,28,Male,Phoenix,47112.94,8,40.93,64.2,1.3,0.67,409.57,0
CUST-18720,34,Female,San Francisco,95111.11,6,245.6,93.5,3.0,0.63,1461.09,1
CUST-18721,40,Male,Austin,133904.54,2,276.91,26.0,0.9,0.1,959.52,0
CUST-18722,41,Female,Chicago,69367.56,6,162.6,36.6,2.8,0.32,1077.72,0
CUST-18723,41,Male,New York,202196.62,8,450.0,43.4,2.7,0.0,4170.77,1
CUST-18724,36,Female,San Francisco,95236.94,5,223.87,78.1,1.9,0.43,1297.7,0
CUST-18725,33,Female,Austin,40604.92,6,49.35,89.1,2.7,0.66,416.35,0
CUST-18726,75,Female,San Francisco,238142.31,14,450.0,77.6,12.3,0.0,4800.0,1
CUST-18727,48,Male,Miami,48353.68,4,101.66,64.1,3.3,0.47,488.01,1
CUST-18728,42,Female,Chicago,33568.52,14,82.34,96.8,5.8,0.71,1062.96,1
CUST-18729,35,Male,New York,233741.0,6,450.0,73.5,4.0,0.0,3384.55,1
CUST-18730,32,Female,New York,50693.15,15,140.46,69.0,4.7,0.54,1950.38,1
CUST-18731,36,Female,Austin,40502.36,6,110.45,73.6,3.1,0.67,703.92,0
CUST-18732,41,Female,Houston,39064.58,8,66.05,69.3,2.4,0.53,614.03,0
CUST-18733,18,Female,New York,79413.03,9,131.19,69.6,0.5,0.46,1261.36,0
CUST-18734,19,Male,Austin,94915.36,10,159.13,73.0,0.5,0.53,1651.96,1
CUST-18735,30,Female,Houston,18000.0,11,19.57,76.1,3.2,0.48,262.3,0
CUST-18736,40,Male,Seattle,107623.45,5,257.3,67.3,1.3,0.35,1470.4,1
CUST-18737,35,Female,Houston,39004.78,10,122.76,75.3,0.6,0.68,1088.49,0
CUST-18738,55,Female,New York,59495.58,6,84.65,68.9,3.1,0.55,631.13,0
CUST-18739,20,Female,Phoenix,114948.03,11,185.11,69.3,0.6,0.27,2260.29,1
CUST-18740,28,Female,Austin,66301.27,5,159.17,52.6,1.0,0.34,877.43,0
CUST-18741,56,Male,New York,91487.28,3,156.82,65.3,4.3,0.3,685.16,1
CUST-18742,39,Female,Seattle,66096.0,4,184.81,85.8,3.2,0.59,862.89,0
CUST-18743,48,Male,Los Angeles,91270.53,6,155.37,74.3,9.2,0.49,1054.78,1
CUST-18744,62,Female,Chicago,127745.52,12,191.84,70.6,10.8,0.39,2456.1,1
CUST-18745,29,Female,Chicago,18000.0,7,28.64,87.5,0.9,0.82,311.14,0
CUST-18746,36,Male,Boston,111818.3,6,294.66,82.7,7.0,0.44,1881.26,1
CUST-18747,34,Male,Houston,111549.45,8,159.81,52.5,4.9,0.3,1557.47,1
CUST-18748,18,Male,Chicago,73080.86,10,145.81,49.4,0.5,0.39,1553.57,0
CUST-18749,34,Other,Miami,36681.41,9,90.03,34.3,1.2,0.34,909.82,0
CUST-18750,48,Male,New York,41108.43,8,80.08,53.9,1.5,0.46,676.46,0
CUST-18751,44,Female,New York,238238.47,11,290.52,60.2,7.7,0.0,3923.42,1
CUST-18752,45,Female,New York,46518.84,7,78.94,55.9,2.9,0.45,620.81,0
CUST-18753,33,Male,San Francisco,161990.51,6,215.21,81.6,0.9,0.15,1711.35,0
CUST-18754,30,Male,Houston,62565.07,9,120.91,59.0,2.3,0.36,1183.48,1
CUST-18755,53,Female,Seattle,188350.33,12,369.47,76.3,10.1,0.03,4800.0,1
CUST-18756,32,Male,Houston,43895.92,7,47.46,,2.1,0.57,434.68,0
CUST-18757,41,Female,Los Angeles,27888.55,12,63.91,78.4,4.7,0.63,676.71,1
CUST-18758,39,Male,Miami,51523.44,5,96.75,71.4,2.0,0.5,589.46,0
CUST-18759,55,Male,Los Angeles,29629.87,9,75.51,54.4,6.6,0.51,675.83,1
CUST-18760,49,Female,Boston,247917.63,4,450.0,79.8,4.8,0.0,2550.68,1
CUST-18761,22,Male,Los Angeles,85349.6,5,127.34,71.8,1.0,,853.17,0
CUST-18762,23,Female,New York,107922.63,13,197.81,52.9,1.2,0.34,2650.93,1
CUST-18763,44,Female,Houston,75969.85,5,179.52,58.6,1.4,0.36,1059.85,0
CUST-18764,37,Male,New York,51705.0,4,134.36,43.7,1.2,0.47,658.65,0
CUST-18765,32,Male,New York,68465.78,9,141.16,55.2,1.8,0.36,1372.35,0
CUST-18766,50,Male,Houston,54387.47,4,88.55,49.9,1.9,0.58,414.78,0
CUST-18767,40,Male,Los Angeles,164671.22,6,201.48,49.1,2.6,0.1,1606.09,1
CUST-18768,38,Female,New York,41009.49,5,102.55,59.3,0.7,0.54,608.82,0
CUST-18769,47,Female,Los Angeles,43281.04,8,72.54,72.0,4.4,0.62,633.93,1
CUST-18770,33,Male,Chicago,47444.91,9,154.41,73.9,1.7,0.57,1300.18,0
CUST-18771,56,Male,Chicago,40618.01,11,59.11,95.9,13.4,0.6,654.31,1
CUST-18772,28,Male,New York,35264.83,12,76.0,88.1,3.5,,874.14,1
CUST-18773,45,Male,Houston,18000.0,7,25.16,35.6,3.6,,258.13,0
CUST-18774,55,Female,San Francisco,30425.92,8,75.39,100.0,7.3,0.85,590.64,1
CUST-18775,21,Female,San Francisco,131398.14,2,294.71,52.1,1.2,0.21,949.26,0
CUST-18776,33,Female,Chicago,56651.89,8,75.74,34.1,3.4,0.32,749.44,0
CUST-18777,51,Male,New York,111065.35,10,336.94,88.5,11.3,0.41,3426.71,1
CUST-18778,51,Female,Houston,38462.92,8,102.82,,11.0,0.73,750.6,1
CUST-18779,35,Male,Boston,61892.47,8,74.16,90.7,6.4,0.62,735.19,1
CUST-18780,29,Female,Chicago,127435.92,5,323.72,81.3,1.7,0.34,1812.77,0
CUST-18781,49,Male,New York,158969.22,10,283.04,33.9,1.0,0.03,3281.56,1
CUST-18782,52,Female,New York,117135.97,11,292.26,64.0,1.9,,3275.23,1
CUST-18783,24,Female,Boston,71935.88,4,86.25,76.6,1.6,0.57,537.17,0
CUST-18784,23,Male,San Francisco,98268.32,10,178.06,76.8,1.3,0.27,2010.22,1
CUST-18785,40,Female,Los Angeles,74987.83,5,154.94,76.7,3.0,0.51,932.55,1
CUST-18786,45,Female,Los Angeles,57313.91,7,124.29,56.4,3.1,0.44,880.68,0
CUST-18787,34,Male,Boston,53110.86,10,58.18,68.0,4.7,0.75,663.94,1
CUST-18788,46,Male,New York,128192.53,10,236.06,71.1,4.1,0.2,2644.56,1
CUST-18789,29,Female,Houston,26927.22,3,24.35,65.8,2.9,0.65,161.66,0
CUST-18790,18,Female,San Francisco,159556.18,4,226.38,70.9,0.5,0.13,1300.38,1
CUST-18791,32,Female,Chicago,49566.41,6,117.42,77.2,2.7,0.6,744.43,0
CUST-18792,38,Female,New York,37914.08,7,94.33,78.5,2.0,0.54,656.05,0
CUST-18793,34,Female,Los Angeles,47429.97,7,72.29,62.4,5.6,0.52,622.37,1
CUST-18794,24,Female,Boston,41987.1,7,113.34,69.5,0.7,0.61,754.37,0
CUST-18795,18,Female,Houston,38594.67,2,25.94,73.3,0.5,0.5,143.0,0
CUST-18796,31,Male,Miami,38243.54,7,85.92,71.6,4.4,0.6,572.57,1
CUST-18797,48,Female,Houston,37491.12,8,66.92,76.8,7.1,0.73,599.83,1
CUST-18798,53,Male,Boston,55733.85,10,151.59,91.9,9.0,0.57,1424.98,1
CUST-18799,52,Male,Boston,62939.86,5,93.26,53.4,5.2,0.58,518.87,0
CUST-18800,28,Female,Houston,75405.58,8,194.76,56.1,3.4,0.4,1665.07,0
CUST-18801,24,Male,Los Angeles,55120.98,5,76.63,67.3,1.0,0.59,513.36,0
CUST-18802,43,Male,Phoenix,57391.41,14,89.04,63.2,5.8,0.56,1216.99,1
CUST-18803,45,Male,San Francisco,76133.06,7,96.05,72.9,0.5,0.41,807.99,0
CUST-18804,42,Female,Houston,67440.24,8,140.28,84.3,9.1,0.6,1192.55,1
CUST-18805,18,Female,Miami,52682.8,5,82.73,74.8,0.5,0.59,428.65,0
CUST-18806,27,Female,New York,52928.31,8,147.53,68.9,2.7,0.51,1143.27,1
CUST-18807,37,Female,Los Angeles,39366.17,12,68.34,43.8,3.5,0.54,842.42,0
CUST-18808,43,Male,San Francisco,84253.64,5,209.37,64.8,2.2,0.39,1175.75,1
CUST-18809,47,Male,Los Angeles,117765.56,5,313.57,79.0,6.0,0.35,1800.09,1
CUST-18810,39,Male,Chicago,50727.72,6,96.26,66.0,6.8,0.55,692.55,1
CUST-18811,41,Male,Austin,41977.05,8,54.45,61.6,5.8,0.41,553.68,1
CUST-18812,39,Male,Phoenix,42896.87,9,48.17,44.7,4.7,0.55,522.43,1
CUST-18813,46,Male,Boston,49100.49,9,65.75,85.9,9.6,0.55,630.99,1
CUST-18814,41,Male,San Francisco,54338.16,6,153.61,75.1,3.2,0.61,988.33,0
CUST-18815,38,Female,San Francisco,36852.36,8,55.46,79.4,6.9,0.49,475.52,1
CUST-18816,34,Female,Phoenix,43149.9,8,100.2,62.4,3.1,0.62,820.64,0
CUST-18817,38,Female,New York,82289.04,9,130.94,58.7,0.5,0.45,1328.94,0
CUST-18818,43,Female,Houston,29964.08,13,78.18,59.4,7.5,0.64,969.81,1
CUST-18819,41,Male,Los Angeles,40158.61,13,82.04,84.9,8.1,0.56,1013.89,1
CUST-18820,42,Female,Austin,37096.55,7,102.72,74.6,4.9,0.57,702.91,0
CUST-18821,54,Male,Los Angeles,31145.43,10,53.0,66.7,6.8,0.71,546.69,1
CUST-18822,41,Female,Los Angeles,38637.01,8,61.44,73.2,7.5,0.65,485.35,1
CUST-18823,30,Female,Phoenix,44166.03,5,94.37,63.5,4.3,0.64,494.12,0
CUST-18824,48,Female,Houston,26309.3,13,44.67,76.6,11.7,0.57,573.61,1
CUST-18825,21,Female,New York,68277.35,6,149.26,66.2,0.7,0.49,981.75,0
CUST-18826,25,Female,New York,51450.28,8,64.62,86.3,1.9,0.61,569.86,0
CUST-18827,42,Female,Miami,32345.03,7,91.48,73.1,8.0,0.64,521.29,1
CUST-18828,44,Male,Houston,62150.31,6,95.24,64.4,5.8,0.55,674.58,1
CUST-18829,23,Female,New York,53105.82,5,136.6,75.7,1.2,0.5,805.15,0
CUST-18830,33,Male,Chicago,44971.45,6,50.48,61.1,3.6,0.6,398.67,0
CUST-18831,30,Female,Los Angeles,119224.71,7,161.35,79.1,2.0,0.36,1417.23,1
CUST-18832,32,Male,Los Angeles,39329.66,3,119.66,77.4,1.5,0.47,409.62,0
CUST-18833,49,Male,Austin,130385.07,4,318.21,71.1,1.3,0.29,1564.26,0
CUST-18834,46,Female,Chicago,47805.43,3,139.83,71.1,7.0,0.63,446.24,1
CUST-18835,37,Male,New York,41441.47,7,102.29,63.3,3.2,0.54,822.69,1
CUST-18836,31,Female,Austin,45176.67,7,101.0,83.8,4.6,0.66,688.04,1
CUST-18837,21,Male,Miami,53268.17,7,70.86,94.6,0.7,0.73,625.25,0
CUST-18838,55,Female,Los Angeles,116659.4,8,129.63,39.1,4.9,0.23,1395.54,0
CUST-18839,45,Female,Chicago,84812.87,11,229.0,81.2,10.5,0.39,2515.5,1
CUST-18840,29,Female,Seattle,69919.3,3,100.44,71.6,2.7,0.4,484.92,0
CUST-18841,46,Male,Los Angeles,116977.86,9,259.46,64.6,4.2,0.42,2450.77,1
CUST-18842,37,Male,Houston,20094.23,7,48.12,67.6,6.6,0.62,391.61,0
CUST-18843,34,Female,Houston,58304.09,4,88.8,73.0,4.9,0.45,488.53,1
CUST-18844,43,Male,Chicago,66420.43,10,166.57,82.3,5.9,0.58,1659.2,1
CUST-18845,29,Male,Phoenix,57280.22,3,159.08,70.9,4.0,0.45,548.37,0
CUST-18846,33,Female,Chicago,25430.76,8,46.37,57.3,1.0,0.58,394.01,0
CUST-18847,39,Male,New York,43986.95,6,62.91,63.7,3.6,0.55,395.12,1
CUST-18848,32,Male,Miami,47356.98,6,109.81,63.6,4.6,0.6,681.96,1
CUST-18849,46,Male,New York,127707.83,6,371.2,98.4,4.6,0.43,2354.5,1
CUST-18850,60,Male,Chicago,148215.48,9,229.14,75.1,13.9,0.12,2415.56,1
CUST-18851,28,Female,Houston,36919.28,5,47.08,83.5,1.0,0.58,316.56,0
CUST-18852,18,Male,San Francisco,39401.09,4,116.07,78.5,0.5,0.51,551.23,0
CUST-18853,18,Female,Chicago,85534.14,9,129.34,59.2,0.5,0.42,1291.3,0
CUST-18854,36,Male,San Francisco,250000.0,11,450.0,88.8,5.1,,4800.0,1
CUST-18855,30,Male,New York,127207.5,7,198.36,66.0,1.3,0.3,1680.87,0
CUST-18856,40,Female,Phoenix,33534.27,11,68.73,41.7,0.6,0.63,703.93,0
CUST-18857,39,Male,Miami,215189.94,11,450.0,67.3,8.2,0.04,4800.0,1
CUST-18858,18,Female,Seattle,95467.71,7,170.78,91.4,0.5,0.57,1332.04,0
CUST-18859,18,Female,Houston,34655.1,8,107.41,67.0,0.5,0.64,869.33,0
CUST-18860,41,Male,Los Angeles,163883.82,6,284.24,79.1,4.7,0.06,2114.94,1
CUST-18861,39,Female,New York,47339.9,6,116.8,63.1,4.4,0.75,706.27,0
CUST-18862,32,Male,Los Angeles,45670.95,11,70.46,69.0,4.9,0.51,774.46,1
CUST-18863,18,Male,Houston,74014.56,8,139.81,76.9,0.5,0.54,1085.87,0
CUST-18864,43,Male,New York,72232.97,12,128.83,84.1,8.4,0.38,1604.98,1
CUST-18865,53,Female,Austin,60706.97,13,122.95,84.7,12.8,0.57,1608.15,1
CUST-18866,41,Male,Boston,66281.58,5,132.1,56.2,5.4,0.52,812.97,0
CUST-18867,27,Female,New York,127687.93,4,270.49,90.4,1.4,0.32,1375.41,0
CUST-18868,38,Female,Houston,18000.0,10,41.96,57.9,4.2,0.76,402.12,0
CUST-18869,21,Male,Miami,59335.54,7,103.61,88.9,1.1,0.58,819.84,0
CUST-18870,50,Male,Los Angeles,53887.85,11,135.33,78.7,7.7,0.63,1399.85,1
CUST-18871,38,Female,Houston,35328.97,8,73.45,71.8,7.2,0.63,583.13,1
CUST-18872,18,Female,Chicago,38996.3,5,89.88,70.8,0.5,0.61,517.21,0
CUST-18873,34,Male,New York,19566.02,6,31.88,84.3,2.7,0.71,288.09,0
CUST-18874,43,Female,Phoenix,32709.81,10,85.44,82.3,4.8,0.78,798.38,1
CUST-18875,34,Male,Austin,113611.67,6,252.87,60.4,4.5,0.29,1762.39,1
CUST-18876,34,Female,Chicago,86233.81,6,147.96,57.8,1.2,0.32,1038.47,0
CUST-18877,23,Female,Houston,46770.87,5,62.67,60.7,1.2,0.66,387.47,0
CUST-18878,44,Female,Los Angeles,30765.03,5,78.22,70.4,2.0,0.61,399.6,0
CUST-18879,30,Female,Seattle,102137.83,6,128.31,85.1,4.1,0.44,994.09,1
CUST-18880,18,Female,Seattle,130361.65,10,279.43,53.8,0.5,0.25,3030.87,0
CUST-18881,33,Female,New York,122663.72,11,349.75,67.0,1.3,0.22,4010.77,1
CUST-18882,49,Female,Boston,40053.0,11,104.09,91.1,8.4,0.71,1057.16,1
CUST-18883,33,Male,New York,47461.08,12,76.4,81.1,4.0,0.67,870.4,0
CUST-18884,58,Female,New York,167386.41,12,320.2,92.2,11.5,0.18,4124.05,1
CUST-18885,43,Male,Phoenix,26635.6,9,82.03,66.6,7.1,0.58,768.92,1
CUST-18886,42,Male,Chicago,72250.67,3,180.63,77.5,2.5,0.44,697.38,0
CUST-18887,36,Male,Houston,21159.38,11,68.03,62.3,2.5,0.79,652.98,0
CUST-18888,37,Male,Phoenix,41960.41,5,87.82,78.4,1.7,0.69,492.47,0
CUST-18889,34,Male,New York,97995.79,5,155.17,63.9,5.9,0.34,975.88,1
CUST-18890,34,Female,Los Angeles,61376.29,11,141.07,51.2,3.6,0.45,1583.11,0
CUST-18891,44,Male,Chicago,73920.6,9,175.23,100.0,10.2,0.62,1483.25,1
CUST-18892,26,Female,Los Angeles,33747.43,6,62.05,95.2,1.7,0.72,354.98,0
CUST-18893,25,Male,New York,48538.06,6,54.53,63.6,1.8,0.62,408.43,0
CUST-18894,24,Male,New York,93061.31,6,225.92,38.6,2.0,0.29,1553.17,0
CUST-18895,62,Male,Miami,72922.37,11,94.8,61.4,12.1,0.48,1141.84,1
CUST-18896,44,Male,Boston,72564.27,3,76.21,54.0,2.8,0.41,482.71,0
CUST-18897,41,Female,New York,117434.2,4,326.84,47.7,3.0,0.24,1612.06,0
CUST-18898,25,Female,Los Angeles,27205.05,3,62.57,63.3,0.7,0.8,275.53,0
CUST-18899,45,Male,Phoenix,38620.58,12,75.01,81.3,8.8,0.7,839.52,1
CUST-18900,36,Male,Austin,148249.52,9,201.96,64.3,5.8,0.41,2072.48,1
CUST-18901,40,Female,Los Angeles,118361.21,8,330.6,46.7,1.2,0.27,2804.55,1
CUST-18902,26,Male,Seattle,92963.54,6,161.49,58.1,1.2,0.42,1132.36,0
CUST-18903,39,Male,Houston,47620.72,7,94.81,61.4,4.1,0.66,703.94,0
CUST-18904,32,Female,Austin,99979.26,5,224.13,73.7,3.3,0.45,1265.74,1
CUST-18905,28,Male,New York,90642.22,6,90.31,67.2,2.3,0.54,766.88,0
CUST-18906,46,Female,Austin,27905.8,7,78.69,75.3,11.0,0.6,548.1,1
CUST-18907,19,Female,Chicago,93589.3,10,260.81,66.4,0.5,0.5,2537.24,1
CUST-18908,44,Male,Austin,38649.48,3,45.03,70.8,1.6,0.6,209.29,0
CUST-18909,46,Male,Chicago,83169.36,6,144.25,94.6,3.6,0.43,1015.46,1
CUST-18910,27,Female,Houston,22941.9,8,25.4,52.4,1.6,0.54,261.67,0
CUST-18911,28,Male,Miami,114486.98,5,144.96,65.7,1.6,0.35,1007.52,1
CUST-18912,35,Female,San Francisco,66106.61,5,142.38,76.1,5.5,0.61,823.97,0
CUST-18913,41,Female,Phoenix,28000.32,7,87.85,86.9,3.6,0.82,584.8,0
CUST-18914,36,Male,Chicago,40317.36,9,85.5,64.4,3.8,0.53,818.99,1
CUST-18915,43,Female,Miami,43489.82,5,84.63,77.7,5.6,0.61,524.12,1
CUST-18916,59,Male,Boston,64824.36,7,156.3,82.0,4.4,0.53,1101.31,1
CUST-18917,31,Male,New York,141375.88,8,355.63,66.8,2.0,0.26,3045.0,1
CUST-18918,18,Female,Phoenix,50499.1,11,114.87,51.5,0.5,0.55,1279.13,0
CUST-18919,47,Female,Seattle,22872.38,11,32.07,100.0,10.1,0.66,370.25,1
CUST-18920,58,Female,Phoenix,26364.41,7,63.72,46.2,1.0,0.57,540.61,0
CUST-18921,42,Male,Miami,204326.42,13,371.18,86.9,6.0,0.05,4800.0,1
CUST-18922,24,Female,Boston,69564.94,2,171.67,79.8,1.7,0.55,535.29,0
CUST-18923,36,Male,San Francisco,122011.1,9,278.17,55.5,5.4,0.37,2635.07,1
CUST-18924,24,Female,San Francisco,65010.18,7,95.02,66.3,1.8,0.51,784.21,1
CUST-18925,45,Female,Austin,36062.34,10,39.97,86.6,9.5,0.65,409.79,1
CUST-18926,21,Female,Seattle,53236.65,5,132.37,72.6,0.6,,721.17,0
CUST-18927,34,Female,Miami,54878.11,6,69.63,49.4,2.8,0.5,542.92,0
CUST-18928,25,Female,New York,58103.8,5,125.45,83.1,2.3,0.6,700.16,0
CUST-18929,39,Other,Los Angeles,162591.44,7,314.41,78.5,7.2,0.29,2532.35,1
CUST-18930,33,Female,Houston,37819.51,6,38.16,88.8,2.0,0.64,341.53,0
CUST-18931,40,Female,San Francisco,44759.3,15,111.7,86.5,5.4,0.8,1479.05,1
CUST-18932,38,Female,Los Angeles,93354.87,7,198.88,61.9,1.9,0.44,1486.78,0
CUST-18933,26,Female,New York,116553.52,8,295.2,45.7,2.8,0.11,2614.28,0
CUST-18934,45,Female,Los Angeles,63243.68,10,139.88,76.6,8.0,0.61,1405.02,1
CUST-18935,37,Male,Miami,38087.25,3,89.22,58.3,2.1,0.54,322.82,0
CUST-18936,26,Male,Seattle,26181.65,6,69.67,76.0,2.2,0.59,442.87,0
CUST-18937,64,Female,Boston,119692.63,9,241.74,78.5,7.9,0.36,2309.78,1
CUST-18938,43,Male,Chicago,87822.29,8,207.56,82.6,3.0,0.44,1738.89,1
CUST-18939,36,Female,Chicago,45653.98,10,82.08,79.2,6.5,0.63,818.57,1
CUST-18940,54,Male,Chicago,58605.06,9,77.29,59.9,2.6,0.46,814.09,0
CUST-18941,60,Male,Chicago,50789.84,8,152.54,64.6,7.3,0.63,1199.94,1
CUST-18942,36,Female,San Francisco,171242.74,5,317.4,58.2,4.4,0.19,1991.6,0
CUST-18943,42,Female,Los Angeles,37078.88,6,92.29,92.4,8.0,0.83,573.09,1
CUST-18944,26,Male,New York,53641.26,7,88.6,64.7,0.9,0.44,744.73,0
CUST-18945,36,Female,Chicago,39752.46,8,43.01,57.8,4.6,,460.58,0
CUST-18946,35,Female,Los Angeles,72754.25,7,154.29,49.3,0.5,0.41,1201.21,0
CUST-18947,40,Male,New York,75219.77,6,151.71,74.8,7.3,0.52,1048.41,1
CUST-18948,41,Male,Chicago,62869.99,7,106.23,71.1,2.5,0.5,855.47,1
CUST-18949,44,Male,Los Angeles,40113.11,10,104.11,89.6,7.6,0.72,985.21,1
CUST-18950,40,Male,Chicago,119519.95,10,249.69,93.6,5.5,,2557.9,1
CUST-18951,23,Male,Los Angeles,49649.29,2,136.45,64.0,0.6,0.63,355.48,0
CUST-18952,26,Male,Phoenix,88294.62,5,240.42,56.9,1.0,0.41,1319.97,1
CUST-18953,31,Male,Austin,250000.0,8,450.0,75.2,1.8,0.0,4320.54,1
CUST-18954,34,Female,Houston,33257.6,8,76.21,71.4,5.7,0.55,587.53,0
CUST-18955,50,Female,Phoenix,57862.91,6,129.42,74.6,6.4,0.53,851.81,1
CUST-18956,24,Female,Boston,60871.46,7,148.0,68.7,2.2,0.31,1120.0,0
CUST-18957,33,Male,Chicago,157036.09,5,211.91,61.6,0.8,0.16,1504.96,0
CUST-18958,49,Female,New York,63562.42,2,164.98,23.6,0.6,0.28,462.5,0
CUST-18959,34,Female,Los Angeles,70552.17,9,165.11,81.6,6.1,0.51,1494.56,1
CUST-18960,43,Female,Chicago,63718.12,13,88.99,60.0,7.4,0.4,1244.55,1
CUST-18961,36,Female,Phoenix,46371.49,11,63.01,60.8,5.7,0.56,749.24,1
CUST-18962,41,Female,New York,106706.94,7,118.69,41.8,8.5,0.22,1073.45,1
CUST-18963,35,Female,Seattle,70957.88,10,136.05,51.0,6.7,0.47,1347.3,1
CUST-18964,46,Female,New York,93062.86,5,232.48,68.3,1.5,0.53,1250.52,0
CUST-18965,19,Male,Boston,72339.31,5,85.79,68.5,0.5,0.61,641.38,0
CUST-18966,33,Male,Boston,48052.66,9,66.95,56.9,1.5,0.59,625.95,1
CUST-18967,41,Male,Austin,52095.26,11,82.07,74.8,7.6,0.44,958.35,1
CUST-18968,44,Male,Miami,67942.57,5,96.02,50.8,4.0,0.59,650.69,0
CUST-18969,55,Male,New York,96354.05,11,232.5,79.6,9.0,0.42,2588.52,1
CUST-18970,33,Female,San Francisco,141347.51,5,358.11,79.7,5.2,0.22,2172.64,1
CUST-18971,55,Male,Los Angeles,157847.4,10,270.64,85.1,10.3,0.13,3081.99,1
CUST-18972,30,Female,Boston,50100.54,5,101.17,68.7,0.8,0.55,619.81,0
CUST-18973,53,Female,Los Angeles,66649.25,6,160.71,42.1,6.5,0.43,1001.18,1
CUST-18974,47,Male,Los Angeles,56560.1,8,75.93,44.0,1.2,0.42,677.74,0
CUST-18975,27,Female,Boston,37371.65,6,66.43,76.9,2.0,0.67,439.87,0
CUST-18976,41,Male,New York,96991.84,2,242.56,78.7,2.4,0.41,819.45,0
CUST-18977,37,Other,New York,107906.8,2,242.74,81.1,0.5,0.44,735.14,0
CUST-18978,45,Female,Chicago,33199.65,10,63.52,95.8,8.9,0.75,682.51,1
CUST-18979,35,Male,San Francisco,62895.04,7,157.25,58.0,6.6,0.6,1152.87,0
CUST-18980,34,Female,Phoenix,38506.98,9,37.47,83.6,6.2,0.75,387.74,1
CUST-18981,54,Female,San Francisco,35676.94,10,70.7,44.3,4.7,0.54,717.51,0
CUST-18982,36,Male,Seattle,66499.84,11,172.91,79.2,6.1,0.69,1836.02,1
CUST-18983,47,Female,New York,41253.19,6,93.29,76.7,8.0,0.59,566.15,1
CUST-18984,35,Female,Houston,55726.08,8,90.21,62.6,5.5,0.62,810.67,1
CUST-18985,57,Male,San Francisco,86771.46,11,134.34,71.1,12.8,0.45,1541.19,1
CUST-18986,29,Female,Phoenix,59346.65,8,121.91,65.7,4.3,0.41,1029.42,1
CUST-18987,30,Male,Chicago,70930.18,6,115.4,71.2,1.2,0.58,834.14,0
CUST-18988,56,Male,New York,157247.29,10,405.2,94.1,11.7,0.36,4144.13,1
CUST-18989,32,Male,New York,48814.44,5,118.33,75.0,4.2,0.64,647.14,0
CUST-18990,57,Female,New York,50054.3,5,169.4,91.5,4.7,0.72,787.38,0
CUST-18991,48,Female,Los Angeles,86451.94,10,207.71,46.5,5.0,,2079.04,1
CUST-18992,36,Male,New York,68467.46,4,96.1,85.8,1.7,0.62,536.02,0
CUST-18993,18,Male,Chicago,99852.91,7,175.41,80.4,0.5,0.46,1442.12,0
CUST-18994,37,Male,New York,96852.94,11,237.31,78.5,6.7,0.46,2560.13,1
CUST-18995,39,Female,Miami,134290.73,5,153.65,100.0,5.4,0.46,1131.8,1
CUST-18996,52,Male,Seattle,64697.6,6,163.43,,7.2,0.38,1066.2,1
CUST-18997,57,Female,Chicago,27113.05,4,22.61,44.0,3.9,0.5,165.43,0
CUST-18998,29,Female,Houston,61024.91,3,114.38,85.7,3.6,0.5,455.72,0
CUST-18999,47,Female,Austin,57496.14,3,113.06,49.5,0.6,0.59,417.28,0
CUST-19000,47,Male,Houston,67235.08,10,140.1,58.7,5.6,0.32,1542.45,1
CUST-19001,50,Male,Austin,83001.48,10,200.8,81.8,11.1,0.34,2079.94,1
CUST-19002,43,Male,New York,55984.51,10,124.77,63.4,6.4,0.61,1265.36,1
CUST-19003,18,Female,Seattle,40890.0,5,48.65,61.9,0.5,,306.91,0
CUST-19004,36,Female,Houston,47845.63,7,91.04,60.1,1.0,0.53,765.04,0
CUST-19005,24,Female,New York,22236.91,3,38.5,61.2,1.0,0.54,188.8,0
CUST-19006,35,Male,Austin,62046.77,3,81.32,71.4,4.7,0.62,345.12,0
CUST-19007,49,Female,Austin,48610.32,6,126.08,54.0,1.1,0.45,845.03,0
CUST-19008,41,Male,Chicago,87520.44,9,233.95,,3.4,0.39,2156.55,1
CUST-19009,51,Male,Austin,22079.08,12,50.15,66.6,5.0,0.52,574.34,1
CUST-19010,42,Female,New York,73370.5,9,193.13,65.4,5.0,0.43,1708.97,1
CUST-19011,22,Male,San Francisco,166805.61,10,388.72,76.3,0.9,0.31,4048.26,1
CUST-19012,18,Female,New York,102519.19,8,153.76,58.8,0.5,0.43,1447.34,0
CUST-19013,39,Female,Los Angeles,101732.08,7,292.4,78.4,4.8,0.34,2169.09,1
CUST-19014,35,Female,Miami,60996.6,9,130.05,64.7,1.3,0.71,1147.21,0
CUST-19015,26,Male,Chicago,24785.72,6,73.37,,1.0,0.5,392.83,0
CUST-19016,18,Male,New York,79488.62,2,175.47,70.6,0.5,0.56,551.41,0
CUST-19017,29,Male,Chicago,69775.26,3,207.61,76.6,2.3,0.41,738.15,0
CUST-19018,35,Male,Los Angeles,36339.1,10,63.97,65.4,2.7,0.54,729.43,1
CUST-19019,45,Female,San Francisco,71196.24,7,180.65,49.4,5.0,0.56,1333.4,1
CUST-19020,40,Female,New York,18000.0,3,16.43,65.5,2.0,,83.55,0
CUST-19021,57,Male,Seattle,57302.21,10,110.64,67.9,4.0,0.46,1187.74,1
CUST-19022,25,Female,Los Angeles,50089.86,4,114.72,68.9,1.7,0.54,553.4,0
CUST-19023,48,Female,Chicago,114681.02,10,180.53,45.6,4.6,0.08,2082.58,1
CUST-19024,38,Male,Los Angeles,46080.74,7,128.68,67.3,4.1,0.46,917.94,1
CUST-19025,46,Male,Phoenix,42678.94,4,113.28,,2.1,0.59,536.0,0
CUST-19026,32,Male,New York,70297.41,3,148.63,50.2,1.3,0.27,601.53,0
CUST-19027,50,Female,Chicago,42346.04,8,67.84,79.0,5.2,0.59,583.48,1
CUST-19028,41,Female,Los Angeles,89291.15,7,202.55,83.0,3.8,0.6,1404.49,0
CUST-19029,29,Female,Seattle,25007.91,9,48.97,60.1,3.9,0.51,445.7,1
CUST-19030,37,Male,New York,129106.5,5,176.85,72.6,0.7,0.34,1157.93,0
CUST-19031,35,Female,Miami,51162.78,11,95.35,80.3,6.8,0.6,1101.89,1
CUST-19032,43,Male,New York,140214.43,10,276.76,76.2,9.6,0.35,2914.9,1
CUST-19033,23,Other,New York,18517.82,9,30.75,82.4,1.3,0.84,293.6,1
CUST-19034,37,Female,Los Angeles,18428.38,11,43.4,71.1,5.6,0.58,443.63,1
CUST-19035,42,Male,New York,63203.52,10,154.24,78.0,9.0,0.52,1579.06,1
CUST-19036,38,Female,Houston,66281.39,6,134.63,55.5,2.4,0.44,865.65,0
CUST-19037,54,Female,Austin,45154.44,5,144.91,61.0,4.9,0.6,747.86,0
CUST-19038,47,Female,New York,97931.89,4,256.01,61.9,1.7,0.2,1237.52,0
CUST-19039,37,Male,Chicago,92915.43,9,124.88,71.9,4.5,0.52,1291.7,1
CUST-19040,40,Male,Chicago,79363.19,7,118.56,61.3,1.8,0.51,954.24,0
CUST-19041,41,Female,Los Angeles,65604.28,9,112.44,73.1,8.6,0.54,1102.35,1
CUST-19042,42,Female,Los Angeles,65353.31,4,173.48,67.4,4.4,0.52,694.56,0
CUST-19043,18,Male,Boston,47806.84,4,88.24,63.1,0.5,0.43,422.3,0
CUST-19044,34,Female,New York,71140.88,3,124.93,79.8,1.7,0.34,609.55,0
CUST-19045,20,Male,Miami,30840.72,7,58.42,61.0,0.7,0.57,501.54,0
CUST-19046,53,Female,Los Angeles,42082.92,10,52.91,57.3,9.2,0.41,558.49,1
CUST-19047,37,Male,Chicago,73568.5,8,94.88,51.8,3.3,0.41,911.5,0
CUST-19048,35,Male,Chicago,45132.13,10,109.02,94.3,6.2,0.71,1046.53,1
CUST-19049,48,Female,Los Angeles,43087.19,10,85.5,79.5,5.5,0.73,767.26,1
CUST-19050,43,Male,New York,91557.28,9,191.65,54.0,2.4,0.36,1803.16,1
CUST-19051,24,Female,New York,88437.77,4,137.44,70.4,2.4,0.35,715.56,1
CUST-19052,37,Female,Los Angeles,55944.32,5,155.2,58.3,3.6,0.53,857.81,0
CUST-19053,33,Male,Miami,47774.1,3,92.95,62.5,1.6,0.64,413.22,0
CUST-19054,18,Male,New York,90046.23,3,128.95,88.6,0.5,0.56,587.15,0
CUST-19055,29,Female,San Francisco,123124.44,7,190.12,84.2,2.9,0.47,1598.6,1
CUST-19056,35,Male,Los Angeles,68892.65,11,156.91,70.0,3.7,0.48,1709.13,1
CUST-19057,36,Female,Seattle,37314.1,6,80.82,41.8,4.8,0.48,559.83,0
CUST-19058,20,Female,Chicago,50923.33,11,133.19,70.5,0.7,0.37,1496.06,1
CUST-19059,51,Female,New York,59666.72,6,133.87,60.4,2.1,0.47,866.42,1
CUST-19060,36,Female,Austin,35200.55,9,78.6,65.4,2.6,0.72,683.3,0
CUST-19061,38,Male,New York,93814.15,9,267.99,63.4,6.1,0.25,2483.89,1
CUST-19062,42,Female,Houston,68605.84,8,81.74,87.6,6.4,0.63,781.12,1
CUST-19063,28,Other,Houston,73999.3,5,136.31,58.4,0.8,0.51,775.09,0
CUST-19064,43,Male,Chicago,34659.73,7,102.12,74.3,3.5,0.84,745.57,0
CUST-19065,33,Female,Austin,64475.18,7,141.48,80.9,5.6,0.41,1150.17,1
CUST-19066,27,Female,Seattle,67508.31,4,111.03,67.9,3.2,0.62,507.95,0
CUST-19067,44,Male,Miami,60018.51,8,133.65,86.4,7.1,0.63,1057.44,1
CUST-19068,55,Male,Austin,63587.58,6,135.47,45.5,1.5,0.43,936.24,0
CUST-19069,46,Female,Chicago,56529.46,6,88.2,75.0,7.0,0.64,602.02,1
CUST-19070,49,Male,New York,68442.05,9,159.33,78.5,0.6,0.52,1442.89,0
CUST-19071,31,Male,Miami,89511.91,9,211.9,58.4,3.6,,2061.42,0
CUST-19072,18,Male,Chicago,36970.78,7,51.55,67.5,0.5,0.53,424.33,0
CUST-19073,55,Male,New York,67071.81,10,175.56,76.0,7.6,0.5,1783.93,1
CUST-19074,62,Male,Houston,88379.21,3,195.19,55.0,0.6,0.33,783.65,0
CUST-19075,56,Female,Boston,43338.37,9,62.45,82.2,10.2,0.51,652.22,1
CUST-19076,33,Male,New York,50014.12,9,115.86,62.9,5.0,0.69,965.19,1
CUST-19077,24,Other,Seattle,97744.68,11,118.17,69.9,1.6,0.63,1379.31,1
CUST-19078,25,Male,Chicago,27912.59,6,58.67,63.4,2.1,0.64,374.2,0
CUST-19079,18,Male,New York,101764.86,4,141.29,91.7,0.5,0.47,818.26,0
CUST-19080,36,Male,Seattle,53014.79,10,73.76,72.8,5.3,0.48,862.79,1
CUST-19081,57,Male,Austin,73153.15,9,117.07,53.4,9.4,0.36,1134.78,1
CUST-19082,36,Male,Los Angeles,33839.86,9,50.28,71.6,2.7,0.62,399.1,1
CUST-19083,41,Female,Los Angeles,112679.19,5,185.55,89.3,6.5,0.49,1124.74,1
CUST-19084,54,Female,Chicago,30951.32,7,38.66,79.2,9.5,,330.96,1
CUST-19085,33,Male,Miami,73952.77,7,88.99,63.2,3.8,0.43,769.47,1
CUST-19086,62,Male,New York,40634.53,9,87.92,50.4,3.2,0.46,779.21,0
CUST-19087,61,Male,Los Angeles,153877.54,10,340.35,64.8,4.8,0.47,3498.47,1
CUST-19088,36,Female,San Francisco,73187.6,6,224.4,91.5,7.1,0.46,1422.37,1
CUST-19089,31,Female,Chicago,150876.77,8,318.97,79.5,2.5,0.17,2844.59,1
CUST-19090,46,Male,Los Angeles,41370.29,3,73.02,60.3,1.1,0.63,344.87,0
CUST-19091,33,Male,Seattle,54274.96,5,129.91,63.7,5.4,0.45,752.11,1
CUST-19092,24,Female,Boston,119095.52,8,315.72,66.6,0.8,0.34,2629.01,1
CUST-19093,53,Male,Boston,31863.73,9,114.79,70.4,5.9,0.7,930.93,1
CUST-19094,52,Female,Los Angeles,43920.16,8,96.56,59.3,4.1,0.67,767.19,1
CUST-19095,39,Male,Boston,83271.01,8,131.45,59.2,8.1,0.43,1168.61,1
CUST-19096,22,Female,San Francisco,45573.51,6,76.15,74.6,0.9,0.46,559.02,0
CUST-19097,23,Female,New York,94941.23,8,154.46,82.3,1.6,0.52,1349.19,0
CUST-19098,39,Other,Phoenix,53095.19,12,150.96,96.3,5.2,,1758.99,1
CUST-19099,32,Female,New York,34313.08,6,65.79,55.4,0.7,0.44,491.92,0
CUST-19100,33,Male,San Francisco,123051.3,5,301.33,56.9,2.6,0.41,1700.19,0
CUST-19101,50,Female,San Francisco,40346.33,6,60.14,68.7,5.3,0.47,496.86,1
CUST-19102,46,Male,Miami,75685.83,11,115.58,90.9,11.1,0.51,1330.05,1
CUST-19103,54,Other,New York,77990.5,8,91.26,77.8,11.8,0.5,917.53,1
CUST-19104,26,Female,Phoenix,38837.18,6,65.87,68.4,2.8,0.58,477.5,0
CUST-19105,33,Male,New York,42083.18,3,82.12,91.1,2.2,0.74,360.74,0
CUST-19106,47,Male,Boston,76646.27,3,154.7,46.1,4.2,0.35,631.31,0
CUST-19107,43,Female,San Francisco,49031.09,12,66.59,64.4,5.4,0.54,814.04,1
CUST-19108,56,Other,New York,133797.31,9,189.3,,9.6,0.39,1940.91,1
CUST-19109,43,Female,New York,136261.33,8,306.88,73.2,7.4,0.22,2707.77,1
CUST-19110,60,Male,San Francisco,172385.62,9,289.14,62.2,12.4,0.19,3030.58,1
CUST-19111,44,Male,Chicago,65462.9,8,180.1,100.0,9.1,0.53,1439.91,1
CUST-19112,50,Male,San Francisco,61964.53,7,110.98,51.4,0.8,0.45,905.34,0
CUST-19113,34,Female,Los Angeles,53707.65,7,115.29,82.8,5.2,0.54,875.02,1
CUST-19114,38,Other,Phoenix,40521.81,7,78.8,96.1,5.1,0.69,544.47,1
CUST-19115,48,Female,New York,82793.71,11,116.55,80.2,6.6,0.6,1418.36,1
CUST-19116,57,Female,Houston,64023.81,11,160.52,75.4,9.6,0.54,1730.95,1
CUST-19117,46,Female,Austin,110314.69,6,286.25,83.2,9.9,0.39,1892.05,1
CUST-19118,37,Female,Phoenix,49251.8,12,92.41,63.0,4.4,0.53,1120.1,1
CUST-19119,54,Female,New York,36260.74,7,62.08,55.5,2.8,0.55,465.57,0
CUST-19120,18,Female,Austin,48610.74,7,94.35,94.6,0.5,0.54,749.64,1
CUST-19121,20,Male,New York,159218.14,8,209.15,76.1,0.8,,2023.47,0
CUST-19122,46,Female,San Francisco,34828.21,11,59.96,72.7,9.2,0.6,676.9,1
CUST-19123,38,Male,Houston,74479.69,8,136.06,89.0,2.0,0.53,1161.84,1
CUST-19124,45,Male,Los Angeles,51250.23,8,68.85,74.3,7.9,0.64,606.13,1
CUST-19125,38,Female,New York,47022.07,7,98.7,80.0,2.4,0.58,746.72,0
CUST-19126,44,Female,New York,89135.25,6,242.4,75.8,4.0,0.58,1500.98,1
CUST-19127,28,Female,Seattle,147800.71,8,290.84,67.3,2.1,0.48,2533.39,1
CUST-19128,44,Male,Seattle,80287.21,8,186.3,62.3,4.9,0.31,1659.38,1
CUST-19129,49,Female,Chicago,49887.12,4,100.15,65.3,0.8,0.48,540.98,0
CUST-19130,52,Female,New York,38256.93,11,82.27,100.0,10.6,0.81,828.46,1
CUST-19131,62,Male,Seattle,64454.77,11,101.72,78.9,12.8,0.6,1127.89,1
CUST-19132,40,Female,Houston,26439.96,4,85.55,80.7,4.9,0.69,363.2,0
CUST-19133,41,Male,Chicago,48719.18,5,97.32,52.5,2.0,0.52,630.96,0
CUST-19134,19,Male,Chicago,55119.64,9,128.89,75.5,0.5,0.51,1111.85,1
CUST-19135,31,Female,Chicago,18000.0,7,30.11,72.6,1.1,0.76,224.79,0
CUST-19136,35,Male,Houston,103039.51,8,179.81,62.0,1.6,0.53,1522.96,0
CUST-19137,50,Male,Phoenix,26248.88,11,48.9,75.1,11.3,0.68,566.97,1
CUST-19138,30,Male,Chicago,51834.47,7,88.77,77.1,2.6,0.43,772.73,1
CUST-19139,47,Male,Boston,84900.75,6,171.13,,1.7,0.42,1185.51,0
CUST-19140,37,Male,Los Angeles,119854.86,6,156.29,70.5,2.3,0.38,1157.22,1
CUST-19141,35,Male,Houston,34635.35,9,103.58,85.0,6.5,0.77,880.03,1
CUST-19142,40,Male,Los Angeles,18000.0,9,64.38,93.1,4.7,0.75,453.65,1
CUST-19143,33,Male,San Francisco,130066.88,11,340.23,83.2,3.3,0.38,3807.52,1
CUST-19144,32,Male,New York,39157.89,8,68.44,56.7,3.2,0.59,582.86,0
CUST-19145,18,Male,New York,87537.82,5,96.17,68.5,0.5,0.54,744.48,0
CUST-19146,35,Female,Miami,63544.87,9,162.1,72.3,6.6,0.56,1380.23,1
CUST-19147,32,Female,New York,18000.0,5,29.32,60.6,0.9,0.64,154.42,0
CUST-19148,31,Male,Phoenix,21746.78,5,54.78,69.1,3.8,0.57,249.59,0
CUST-19149,43,Female,Austin,47330.23,4,108.92,78.0,1.0,0.39,506.61,0
CUST-19150,45,Other,Houston,18000.0,10,47.48,52.8,5.1,0.68,461.62,1
CUST-19151,40,Female,New York,37461.87,10,41.54,71.0,8.0,0.55,403.11,1
CUST-19152,49,Male,Los Angeles,66250.69,12,197.48,76.8,9.6,0.68,2115.83,1
CUST-19153,44,Female,Miami,49240.16,9,115.11,54.1,3.8,0.53,1057.92,0
CUST-19154,34,Male,Los Angeles,72481.68,7,188.43,58.9,3.8,0.27,1464.27,1
CUST-19155,32,Male,San Francisco,94947.82,9,211.56,58.1,1.3,0.42,2001.57,1
CUST-19156,41,Male,Miami,22198.76,10,21.68,86.9,8.8,0.68,281.12,1
CUST-19157,44,Male,Houston,27072.74,12,45.88,71.8,7.5,0.57,563.96,1
CUST-19158,54,Female,Miami,75311.63,6,144.09,77.5,5.7,0.49,1036.21,0
CUST-19159,52,Female,Los Angeles,133509.39,10,168.62,61.6,4.7,0.22,2062.17,1
CUST-19160,31,Female,Houston,31729.52,5,69.63,69.6,1.6,0.6,304.15,0
CUST-19161,36,Male,San Francisco,86329.36,12,126.58,86.0,5.8,0.26,1693.12,1
CUST-19162,46,Male,New York,109496.3,10,291.44,76.2,5.2,0.38,2987.4,1
CUST-19163,50,Male,Los Angeles,70160.43,8,124.17,61.3,4.6,0.44,1097.32,1
CUST-19164,49,Male,Phoenix,43055.98,13,85.37,83.9,11.3,0.85,1000.86,1
CUST-19165,37,Other,Phoenix,35394.6,5,29.98,70.5,1.6,0.54,272.91,0
CUST-19166,22,Female,Houston,138876.64,4,255.82,71.5,0.8,0.24,1368.09,0
CUST-19167,26,Female,Miami,54003.88,3,122.24,79.2,1.4,0.6,431.53,0
CUST-19168,41,Female,Houston,62515.99,9,109.64,59.7,2.8,0.49,1028.29,1
CUST-19169,42,Male,Seattle,79642.54,4,168.83,,5.8,0.54,836.51,1
CUST-19170,24,Male,San Francisco,50527.0,9,137.8,76.0,1.6,0.59,1244.13,0
CUST-19171,38,Male,Los Angeles,63906.25,11,83.1,56.1,0.9,0.38,1001.03,0
CUST-19172,45,Male,Chicago,48420.03,7,88.11,68.5,2.0,0.65,618.22,0
CUST-19173,24,Female,San Francisco,63984.65,9,172.12,71.6,0.9,0.52,1439.35,1
CUST-19174,51,Male,Boston,76175.95,2,112.47,59.0,1.4,,483.03,0
CUST-19175,33,Male,New York,46271.57,11,86.43,61.3,1.2,,933.28,1
CUST-19176,53,Female,Houston,28178.44,6,46.57,39.8,3.7,0.51,319.8,0
CUST-19177,31,Female,New York,94039.21,4,164.69,59.2,2.1,0.5,854.41,0
CUST-19178,25,Male,Los Angeles,47760.62,7,88.1,65.6,2.3,0.45,689.55,1
CUST-19179,32,Female,San Francisco,63829.09,4,179.85,76.4,1.6,0.69,851.19,0
CUST-19180,36,Male,New York,27881.16,9,103.72,56.8,5.0,0.61,902.7,1
CUST-19181,33,Female,San Francisco,122763.33,10,259.92,56.2,0.8,,2830.59,1
CUST-19182,35,Male,Boston,84485.03,5,125.14,73.4,4.6,0.48,780.88,0
CUST-19183,42,Male,Austin,84909.78,6,221.23,80.6,7.7,,1413.25,1
CUST-19184,35,Female,Los Angeles,75616.12,5,86.87,54.8,4.3,0.48,589.59,0
CUST-19185,37,Male,San Francisco,35542.83,6,120.91,95.9,1.9,0.66,653.67,0
CUST-19186,18,Female,Boston,72898.33,8,177.99,90.5,0.5,0.74,1403.26,0
CUST-19187,42,Female,New York,53935.16,9,133.95,75.1,7.8,0.64,1140.22,1
CUST-19188,36,Male,Chicago,35149.36,5,79.4,70.8,3.4,0.58,380.12,0
CUST-19189,57,Female,Boston,83478.61,10,203.28,65.1,4.2,0.44,2058.3,0
CUST-19190,26,Female,Los Angeles,142773.74,8,290.75,51.5,3.0,0.15,2682.89,1
CUST-19191,18,Male,Boston,137172.05,10,249.29,71.2,0.5,0.19,2844.58,1
CUST-19192,45,Female,Houston,70247.44,16,131.02,82.9,8.8,0.56,2031.73,1
CUST-19193,42,Female,New York,72040.99,5,145.37,64.0,0.7,0.44,934.29,1
CUST-19194,25,Female,Chicago,51073.4,7,71.82,76.7,1.3,0.61,626.46,1
CUST-19195,19,Female,Los Angeles,39636.68,7,105.46,56.0,0.5,0.61,764.55,0
CUST-19196,56,Female,Los Angeles,54442.23,10,90.54,57.5,9.0,0.55,959.47,1
CUST-19197,54,Other,Houston,81061.93,10,86.37,64.6,3.1,0.34,989.95,1
CUST-19198,18,Female,Houston,128062.83,3,257.79,81.3,0.5,0.34,1070.88,0
CUST-19199,32,Male,Houston,34216.6,9,40.15,61.0,4.0,0.49,486.23,0
CUST-19200,57,Male,New York,26973.17,6,52.7,67.7,5.5,0.54,397.57,1
CUST-19201,32,Male,Miami,39468.96,7,69.83,77.5,4.0,0.53,502.25,0
CUST-19202,32,Female,Houston,80876.92,9,161.89,69.0,2.5,0.38,1564.94,1
CUST-19203,34,Female,Miami,145051.68,5,370.77,75.0,3.3,0.19,2215.02,1
CUST-19204,24,Male,Miami,99084.4,6,198.55,57.2,0.8,0.17,1385.03,0
CUST-19205,18,Male,Los Angeles,118468.76,5,219.06,57.4,0.5,0.28,1411.05,0
CUST-19206,50,Male,New York,47825.99,7,90.1,63.3,3.3,0.48,708.81,1
CUST-19207,18,Male,Boston,43115.03,2,107.24,100.0,0.5,0.65,300.91,0
CUST-19208,40,Female,Miami,26550.45,5,68.51,74.1,5.1,0.63,373.68,0
CUST-19209,48,Female,New York,52436.84,7,131.99,87.8,6.9,0.64,919.87,1
CUST-19210,20,Female,San Francisco,119793.07,9,351.86,58.2,0.8,0.39,3276.22,1
CUST-19211,26,Male,New York,164776.98,8,410.59,58.5,1.0,,3739.04,1
CUST-19212,52,Female,New York,86930.41,9,131.42,63.8,7.4,0.37,1347.24,1
CUST-19213,44,Female,Houston,45303.8,11,80.59,63.0,4.3,0.47,934.21,1
CUST-19214,30,Female,New York,42904.94,7,88.07,57.8,4.7,0.56,577.26,0
CUST-19215,52,Female,Austin,56333.95,11,103.81,88.4,10.9,0.73,1081.86,1
CUST-19216,52,Male,Boston,71961.37,8,176.67,88.2,10.4,0.47,1452.74,1
CUST-19217,41,Male,Phoenix,23461.2,3,49.08,62.3,2.3,0.67,106.31,0
CUST-19218,27,Female,New York,115941.5,6,304.99,67.8,1.2,0.41,2022.31,0
CUST-19219,33,Female,Los Angeles,50402.95,8,79.13,76.7,0.7,0.63,709.62,0
CUST-19220,41,Female,Chicago,87509.1,8,178.07,77.7,6.1,0.52,1451.03,1
CUST-19221,35,Male,Houston,51187.3,10,111.34,53.0,2.8,0.43,1089.01,1
CUST-19222,49,Female,New York,84856.17,6,118.42,60.7,4.2,0.34,895.77,0
CUST-19223,19,Male,Houston,36233.24,4,63.33,72.5,0.5,0.77,259.61,0
CUST-19224,20,Other,Chicago,47881.41,7,115.27,71.7,0.7,0.54,834.71,0
CUST-19225,40,Female,Boston,89620.79,6,161.06,77.6,1.6,0.45,1114.98,0
CUST-19226,32,Female,Boston,60874.67,10,131.8,65.3,5.2,0.53,1311.78,1
CUST-19227,30,Female,Houston,29620.43,10,66.23,63.7,0.6,0.62,623.96,0
CUST-19228,18,Male,Phoenix,51556.14,8,111.03,67.6,0.5,0.63,896.67,0
CUST-19229,38,Male,New York,88693.52,6,174.89,60.7,6.8,0.24,1275.96,1
CUST-19230,37,Male,Los Angeles,123773.21,6,160.52,84.5,4.0,0.24,1221.87,1
CUST-19231,45,Male,Boston,115681.75,11,325.17,100.0,10.2,0.41,3522.68,1
CUST-19232,38,Female,San Francisco,73434.89,6,205.09,47.4,4.0,0.35,1329.54,0
CUST-19233,36,Male,New York,55627.73,7,98.74,80.0,6.7,0.55,781.95,1
CUST-19234,52,Female,Houston,45915.41,6,125.58,45.1,3.6,0.46,778.6,0
CUST-19235,22,Male,Boston,50033.84,3,97.08,84.8,1.2,0.53,474.02,0
CUST-19236,44,Female,Los Angeles,80245.23,10,193.52,60.0,10.3,0.49,1950.44,1
CUST-19237,18,Female,New York,123122.76,4,188.24,66.4,0.5,0.39,1060.52,0
CUST-19238,27,Male,Boston,120841.95,12,230.29,71.6,0.5,0.38,2900.63,1
CUST-19239,23,Male,Chicago,46290.26,5,83.94,82.5,0.6,0.57,504.42,0
CUST-19240,47,Male,Chicago,44036.63,11,56.52,78.6,10.0,,668.85,1
CUST-19241,37,Female,Los Angeles,50491.72,10,109.2,61.6,4.0,0.51,1051.55,1
CUST-19242,37,Female,Boston,24743.13,9,30.35,65.0,4.3,0.66,297.95,1
CUST-19243,24,Male,Seattle,37113.55,9,111.1,60.6,2.0,0.49,1004.5,1
CUST-19244,34,Female,Chicago,55910.85,9,156.19,80.9,5.3,0.47,1417.87,1
CUST-19245,28,Male,New York,88410.01,4,184.01,62.8,2.2,0.41,960.1,0
CUST-19246,42,Female,Chicago,72720.36,11,145.29,69.1,8.3,0.63,1641.85,1
CUST-19247,26,Male,New York,49506.41,5,147.05,54.4,1.8,0.53,846.1,0
CUST-19248,53,Female,New York,125870.25000000001,9,98.31,74.5,9.6,0.65,924.95,1
CUST-19249,18,Female,Chicago,49713.82,4,54.38,68.1,0.5,0.6,358.13,0
CUST-19250,28,Female,New York,60448.17,7,85.1,48.4,1.0,,667.69,0
CUST-19251,58,Male,Austin,84062.77,12,119.67,75.9,12.8,0.46,1492.35,1
CUST-19252,32,Male,New York,38025.7,8,75.94,50.1,2.1,0.59,638.41,0
CUST-19253,22,Female,Chicago,32020.84,6,82.42,71.8,0.9,0.73,516.96,0
CUST-19254,40,Male,New York,62999.81,11,127.36,83.6,6.0,0.56,1377.99,1
CUST-19255,32,Male,San Francisco,38317.82,11,70.86,82.0,3.5,0.47,818.15,1
CUST-19256,27,Female,New York,28278.85,4,76.07,63.6,0.8,0.66,347.89,0
CUST-19257,24,Male,Houston,24390.97,7,81.83,65.7,2.0,0.7,556.38,0
CUST-19258,71,Male,Miami,45585.7,6,91.07,55.4,9.4,0.56,597.76,1
CUST-19259,34,Female,Austin,81680.91,7,223.84,70.0,5.5,0.24,1797.08,1
CUST-19260,18,Male,San Francisco,105046.2,3,142.46,86.5,0.5,0.42,690.45,0
CUST-19261,55,Male,New York,161791.27,4,370.15,64.2,6.4,0.02,1987.98,1
CUST-19262,45,Female,New York,76952.0,13,217.99,72.1,4.3,0.45,2749.26,1
CUST-19263,28,Female,San Francisco,85354.84,11,201.29,79.4,0.5,0.55,2212.05,1
CUST-19264,26,Male,Los Angeles,54970.86,3,109.79,86.9,0.6,0.68,451.99,0
CUST-19265,46,Female,Chicago,51424.86,6,58.8,66.5,1.9,0.55,499.36,0
CUST-19266,35,Female,Austin,168650.34,8,361.13,73.9,6.4,0.29,3184.03,1
CUST-19267,18,Male,Miami,58652.32,2,135.67,79.1,0.5,0.6,408.15,0
CUST-19268,59,Male,Seattle,80602.16,10,120.61,82.3,7.7,0.63,1225.2,1
CUST-19269,32,Male,Seattle,38199.83,6,119.99,50.9,1.4,0.59,761.21,0
CUST-19270,55,Female,Phoenix,59865.2,6,141.89,55.7,2.6,0.5,892.02,0
CUST-19271,53,Female,San Francisco,105412.68,5,192.01,54.0,4.0,0.24,1166.34,0
CUST-19272,25,Male,Los Angeles,108544.66,9,156.61,59.4,2.6,0.2,1674.58,1
CUST-19273,50,Female,Austin,81662.68,4,183.5,99.6,6.9,0.55,859.93,1
CUST-19274,30,Female,Los Angeles,58477.24,11,122.34,40.8,4.0,0.4,1384.87,1
CUST-19275,18,Male,Phoenix,44798.41,10,55.88,62.2,0.5,0.53,626.12,0
CUST-19276,32,Female,Los Angeles,60097.38,5,152.61,76.1,3.6,0.61,829.38,0
CUST-19277,42,Male,New York,77164.76,4,192.62,81.4,6.1,0.62,869.44,1
CUST-19278,32,Female,Houston,97006.37,6,201.6,65.8,0.7,0.52,1310.07,0
CUST-19279,34,Female,Los Angeles,106519.33,7,197.41,70.3,3.1,0.26,1649.71,1
CUST-19280,51,Female,Phoenix,71046.86,7,140.08,66.8,11.5,0.51,1069.08,1
CUST-19281,39,Female,Houston,141961.57,7,383.42,59.1,4.4,0.24,2986.36,1
CUST-19282,27,Female,Houston,18000.0,12,10.0,73.0,1.8,0.59,149.51,1
CUST-19283,46,Female,New York,58108.97,6,70.49,81.3,6.1,0.45,531.43,1
CUST-19284,40,Female,Chicago,56565.46,6,100.12,70.7,3.7,0.43,634.7,0
CUST-19285,18,Female,Miami,36775.68,10,93.48,74.5,0.5,0.49,888.25,0
CUST-19286,43,Female,Los Angeles,39139.47,6,111.43,86.5,1.8,0.61,675.67,0
CUST-19287,42,Male,Chicago,24105.86,13,45.14,75.9,9.3,0.72,590.44,1
CUST-19288,38,Female,Houston,44048.32,7,125.92,65.4,0.8,0.53,876.98,0
CUST-19289,48,Female,Seattle,105890.1,5,304.55,77.8,6.1,0.31,1664.66,1
CUST-19290,29,Female,Phoenix,71797.7,4,90.89,72.7,1.3,0.38,520.92,0
CUST-19291,42,Other,New York,50213.52,8,112.48,59.8,1.0,,933.1,0
CUST-19292,19,Male,Seattle,75604.12,6,180.25,79.7,0.5,0.51,1169.65,0
CUST-19293,42,Male,Seattle,133511.58,14,169.78,89.7,9.5,0.28,2620.61,1
CUST-19294,61,Male,San Francisco,35469.86,6,64.14,84.0,11.4,0.62,426.61,1
CUST-19295,26,Female,Chicago,52542.21,5,108.39,55.4,1.2,0.47,586.79,0
CUST-19296,28,Female,San Francisco,87528.56,3,169.43,74.4,2.2,0.54,619.48,0
CUST-19297,29,Female,Chicago,57170.76,9,84.61,78.4,0.7,0.55,855.85,0
CUST-19298,39,Male,San Francisco,116051.45,4,313.51,82.5,4.7,0.32,1547.28,1
CUST-19299,25,Female,Seattle,32023.67,11,59.19,44.8,0.7,0.75,590.29,0
CUST-19300,43,Female,Boston,39317.0,6,81.1,85.3,8.0,0.56,494.01,1
CUST-19301,48,Female,Chicago,80002.31,7,129.12,68.0,1.2,0.51,1067.35,0
CUST-19302,44,Male,Seattle,28912.56,7,70.66,55.4,0.6,0.5,481.02,0
CUST-19303,18,Female,New York,109753.09,3,252.17,82.9,0.5,0.33,1029.05,0
CUST-19304,49,Female,New York,91584.17,12,215.93,71.7,11.7,0.27,2677.02,1
CUST-19305,49,Other,Houston,74582.9,8,180.04,61.6,1.5,0.5,1351.68,1
CUST-19306,47,Female,Phoenix,38560.92,6,45.92,57.3,3.6,0.47,340.77,0
CUST-19307,42,Female,New York,94374.28,17,258.27,76.0,7.2,0.51,4095.89,1
CUST-19308,40,Male,Chicago,31654.84,10,74.65,69.1,5.0,0.61,699.12,1
CUST-19309,50,Male,New York,59447.69,11,115.6,89.2,12.2,0.61,1278.44,1
CUST-19310,61,Female,Phoenix,49652.74,8,121.4,71.9,6.1,0.67,940.22,1
CUST-19311,26,Male,Seattle,43207.48,1,69.19,73.7,0.5,0.71,217.85,0
CUST-19312,50,Male,San Francisco,84586.14,5,150.75,41.8,0.7,0.38,917.92,0
CUST-19313,36,Male,Chicago,32102.42,6,57.12,70.0,4.3,0.69,373.53,0
CUST-19314,36,Female,Austin,68161.53,7,97.58,72.0,5.5,0.52,767.14,1
CUST-19315,19,Female,San Francisco,181207.38,7,268.97,71.8,0.5,0.03,2438.29,0
CUST-19316,34,Male,Miami,27456.93,9,64.77,69.7,5.9,0.73,518.4,1
CUST-19317,26,Female,San Francisco,74996.16,5,96.79,60.0,1.1,0.45,648.95,0
CUST-19318,32,Female,Austin,26537.91,6,51.14,63.2,4.3,0.65,334.48,0
CUST-19319,24,Male,Miami,33935.93,10,74.39,52.3,2.1,0.54,798.91,1
CUST-19320,32,Male,Houston,73107.14,8,181.79,73.5,4.8,0.54,1472.59,1
CUST-19321,33,Female,Chicago,45865.84,9,90.92,60.3,2.8,0.52,836.33,0
CUST-19322,39,Female,San Francisco,109938.6,4,217.22,84.9,5.4,0.5,1176.55,1
CUST-19323,18,Male,Phoenix,58254.76,1,69.11,65.7,0.5,0.59,266.4,0
CUST-19324,20,Male,Phoenix,47210.91,4,60.05,54.8,0.7,0.46,362.84,0
CUST-19325,42,Male,Los Angeles,37236.91,3,88.01,42.0,3.1,0.48,387.89,0
CUST-19326,28,Male,Chicago,80140.31,9,95.82,85.5,2.9,0.56,993.66,0
CUST-19327,50,Male,Houston,59920.48,7,139.3,84.7,9.2,0.44,1008.74,1
CUST-19328,40,Female,Seattle,31543.52,8,56.76,71.5,2.1,0.58,497.85,0
CUST-19329,45,Female,Miami,31775.28,7,60.43,79.5,5.1,0.65,434.58,1
CUST-19330,54,Female,New York,18317.1,5,29.52,78.1,6.4,0.65,131.11,1
CUST-19331,34,Male,Los Angeles,31474.99,5,90.94,,4.9,0.66,459.66,0
CUST-19332,31,Female,New York,62530.92,2,85.19,53.7,3.6,0.37,400.41,0
CUST-19333,48,Male,New York,43138.74,11,89.51,46.2,6.0,0.48,1008.87,1
CUST-19334,44,Male,Los Angeles,41106.79,11,55.34,69.9,7.0,0.45,636.07,1
CUST-19335,35,Female,Miami,103155.39,14,224.62,77.5,2.2,0.38,3171.87,1
CUST-19336,54,Female,Boston,108741.44,10,231.13,46.7,3.7,0.26,2471.8,1
CUST-19337,35,Male,Chicago,40193.32,7,28.03,59.9,2.0,0.47,315.82,0
CUST-19338,38,Female,Houston,76532.86,5,189.87,61.9,0.7,0.47,1059.39,0
CUST-19339,38,Female,San Francisco,139233.64,7,376.7,68.4,5.7,0.28,2832.82,1
CUST-19340,26,Female,Austin,81193.01,11,146.4,73.5,3.2,0.53,1635.92,1
CUST-19341,38,Female,Boston,75492.25,6,154.86,70.8,2.8,0.32,1082.14,0
CUST-19342,54,Other,New York,126660.57,7,264.25,78.0,13.4,0.4,2096.41,1
CUST-19343,43,Female,Los Angeles,91539.05,13,127.49,87.2,6.3,0.56,1690.2,1
CUST-19344,38,Female,New York,39877.1,17,90.12,64.1,2.2,0.63,1435.87,1
CUST-19345,36,Male,Phoenix,44363.55,12,133.66,59.4,0.6,0.5,1518.48,1
CUST-19346,41,Male,San Francisco,57551.63,10,111.21,74.9,6.8,0.52,1143.97,1
CUST-19347,46,Female,Los Angeles,110857.26,17,158.51,74.7,8.0,0.34,2812.74,1
CUST-19348,45,Female,Seattle,50662.06,12,58.28,73.8,2.9,0.6,700.07,0
CUST-19349,34,Male,Chicago,39053.89,5,72.86,65.7,2.5,0.52,478.71,0
CUST-19350,41,Female,Austin,99573.49,7,139.65,77.7,8.3,0.34,1227.77,1
CUST-19351,43,Male,New York,83278.03,6,212.36,76.4,2.0,0.43,1371.51,1
CUST-19352,25,Female,New York,210238.06,5,283.6,71.4,2.4,0.11,2020.11,1
CUST-19353,40,Male,Los Angeles,40483.15,13,93.13,75.4,1.9,0.5,1171.47,1
CUST-19354,18,Male,New York,56426.07,8,111.68,85.8,0.5,0.67,943.18,1
CUST-19355,43,Female,Miami,90191.51,12,134.95,85.7,5.2,0.41,1702.22,1
CUST-19356,45,Male,New York,38582.51,8,91.01,81.7,5.4,0.8,670.07,0
CUST-19357,46,Male,San Francisco,146725.45,5,406.65,59.3,3.6,0.31,2370.73,0
CUST-19358,33,Female,New York,39989.69,7,50.93,72.2,1.9,,403.31,0
CUST-19359,41,Female,Los Angeles,84531.01,6,182.44,57.6,6.9,0.32,1238.18,1
CUST-19360,55,Female,Seattle,26946.75,5,72.43,25.5,4.4,0.49,386.3,0
CUST-19361,54,Female,Austin,60954.02,9,102.36,82.1,9.0,0.51,951.38,1
CUST-19362,37,Male,Chicago,28682.0,14,23.04,59.0,6.5,0.52,376.92,1
CUST-19363,39,Female,Austin,156130.55,6,254.63,63.4,7.1,0.23,1917.8,1
CUST-19364,51,Female,Phoenix,28533.22,12,78.72,67.3,2.6,0.59,846.1,1
CUST-19365,19,Other,Chicago,37585.05,9,68.37,44.0,0.5,0.52,686.36,0
CUST-19366,34,Female,Miami,67266.64,7,158.01,65.7,4.1,0.48,1198.41,1
CUST-19367,54,Female,Los Angeles,46132.97,5,85.56,56.1,4.4,0.41,521.9,0
CUST-19368,49,Female,Los Angeles,88409.85,10,114.46,,5.2,0.52,1247.44,1
CUST-19369,42,Male,Phoenix,34173.11,2,34.77,62.9,3.1,0.71,160.73,0
CUST-19370,19,Male,Chicago,38361.69,11,75.03,73.1,0.5,0.76,842.44,0
CUST-19371,37,Female,New York,72137.21,7,207.68,89.7,6.2,0.5,1458.67,1
CUST-19372,30,Female,New York,39800.68,8,71.78,83.1,4.3,0.55,663.49,1
CUST-19373,41,Female,Miami,62748.5,8,150.69,60.8,6.8,0.38,1296.19,0
CUST-19374,28,Female,San Francisco,117609.08,6,244.72,62.5,2.2,0.3,1761.49,1
CUST-19375,25,Male,Chicago,75003.38,8,183.81,84.4,2.7,0.74,1460.61,0
CUST-19376,18,Female,Boston,89676.32,8,132.61,81.3,0.5,0.46,1143.88,0
CUST-19377,52,Male,Chicago,21728.12,5,67.74,66.4,6.8,0.72,346.59,1
CUST-19378,33,Male,San Francisco,60213.29,7,187.23,79.6,5.2,0.54,1316.34,1
CUST-19379,39,Male,Boston,58034.27,9,87.85,60.3,2.0,0.47,913.05,0
CUST-19380,37,Female,Seattle,140136.17,10,351.88,66.2,1.6,0.14,3834.44,1
CUST-19381,25,Male,Houston,38486.12,4,62.87,78.9,2.3,0.69,268.26,0
CUST-19382,22,Female,San Francisco,23995.1,6,64.44,71.3,1.5,0.61,375.03,0
CUST-19383,25,Male,Chicago,34434.2,4,76.47,67.9,0.7,0.6,399.58,0
CUST-19384,29,Male,Phoenix,35032.9,6,44.08,65.6,3.5,0.69,381.82,0
CUST-19385,42,Female,Los Angeles,21195.01,5,55.93,,4.4,0.52,333.51,0
CUST-19386,28,Female,Chicago,92331.57,9,168.02,77.3,3.0,0.42,1650.28,0
CUST-19387,58,Male,Los Angeles,28423.51,5,59.6,48.1,2.5,0.58,343.83,0
CUST-19388,50,Male,New York,91410.48,10,179.56,67.6,12.5,0.42,1938.14,1
CUST-19389,47,Female,Phoenix,28238.49,9,86.62,85.2,10.3,0.59,808.96,1
CUST-19390,36,Male,Seattle,143865.73,6,193.34,79.9,3.2,0.27,1482.67,1
CUST-19391,56,Female,New York,63705.6,14,92.6,100.0,13.5,0.76,1259.2,1
CUST-19392,35,Male,New York,57558.02,13,76.76,,6.1,0.56,1080.23,1
CUST-19393,37,Male,Chicago,74081.22,6,131.22,69.1,3.8,0.43,884.23,0
CUST-19394,40,Male,San Francisco,45835.86,6,83.76,74.0,8.4,0.55,583.07,1
CUST-19395,46,Female,New York,97526.35,12,164.96,91.2,11.0,0.53,1947.22,1
CUST-19396,45,Female,New York,57484.48,9,135.57,63.4,2.7,0.62,1267.49,1
CUST-19397,32,Male,Houston,38231.15,11,84.79,73.4,0.8,0.73,907.09,0
CUST-19398,31,Female,Miami,49262.69,4,130.53,78.2,2.1,0.53,536.69,0
CUST-19399,45,Female,New York,42415.51,10,74.08,79.0,5.5,0.76,720.52,1
CUST-19400,46,Female,Los Angeles,56631.24,5,68.7,38.8,1.5,0.41,480.54,0
CUST-19401,33,Male,San Francisco,89878.56,7,116.1,74.3,1.3,0.52,983.3,0
CUST-19402,18,Male,New York,23057.21,8,40.21,68.9,0.5,0.71,319.0,0
CUST-19403,35,Female,Los Angeles,107518.23,4,290.29,61.4,5.1,0.43,1318.27,0
CUST-19404,45,Male,Houston,77396.42,8,102.86,83.9,9.5,0.67,990.33,1
CUST-19405,59,Male,Austin,23576.87,13,39.83,88.6,14.6,0.83,466.35,1
CUST-19406,23,Female,Los Angeles,22800.68,5,69.24,58.6,1.1,0.65,385.31,0
CUST-19407,32,Male,Houston,78406.34,7,146.58,70.8,4.0,0.57,1070.48,0
CUST-19408,33,Male,Chicago,83370.48,13,196.86,78.3,1.5,0.4,2528.21,1
CUST-19409,54,Male,Boston,88773.1,11,128.58,85.8,8.2,0.36,1522.21,1
CUST-19410,37,Female,New York,35833.65,9,61.18,66.4,2.0,0.53,652.97,0
CUST-19411,27,Male,Houston,128415.68,6,138.68,70.0,1.0,0.22,1161.22,1
CUST-19412,44,Female,Seattle,46427.31,9,68.13,62.3,1.5,0.53,688.06,0
CUST-19413,33,Female,Austin,67174.46,3,136.29,50.4,3.7,0.46,540.04,0
CUST-19414,23,Female,San Francisco,86022.29,7,234.57,66.0,1.9,0.4,1738.7,0
CUST-19415,27,Male,Chicago,126153.63,9,305.88,92.7,0.9,0.4,2914.56,1
CUST-19416,58,Male,Chicago,60559.03,11,136.61,76.0,7.8,0.64,1503.76,1
CUST-19417,42,Female,Los Angeles,76701.97,6,125.03,89.6,6.8,0.53,915.26,1
CUST-19418,39,Male,Phoenix,46914.24,13,82.8,34.6,4.4,0.44,1105.79,1
CUST-19419,35,Female,San Francisco,41696.5,7,72.03,71.5,6.2,0.66,527.55,1
CUST-19420,41,Female,Miami,18000.0,4,27.77,67.8,1.9,0.62,144.22,0
CUST-19421,41,Female,Chicago,57819.43,4,87.61,48.8,0.7,0.45,468.57,0
CUST-19422,41,Male,San Francisco,37432.35,10,75.85,72.9,3.8,0.45,769.88,0
CUST-19423,39,Female,Boston,77451.73,9,198.34,63.5,4.9,0.32,1863.25,1
CUST-19424,48,Male,Boston,70031.23,7,196.56,56.8,3.4,0.55,1379.46,0
CUST-19425,38,Male,San Francisco,80715.76,11,92.68,66.7,1.8,0.58,1075.36,0
CUST-19426,26,Female,Phoenix,28801.34,8,96.14,78.0,2.7,,722.98,1
CUST-19427,30,Female,Houston,86420.37,3,189.59,58.2,1.3,0.34,743.87,0
CUST-19428,18,Female,New York,92733.97,9,222.11,65.8,0.5,0.53,1951.78,1
CUST-19429,62,Female,New York,40508.0,12,70.71,95.8,14.3,0.71,809.4,1
CUST-19430,48,Female,Houston,144781.43,12,269.49,53.8,7.5,0.18,3478.15,1
CUST-19431,28,Male,New York,65821.97,5,104.99,,2.2,0.56,665.98,0
CUST-19432,34,Male,Houston,26411.73,8,76.38,66.5,2.6,0.77,546.75,0
CUST-19433,30,Female,Phoenix,33371.7,8,84.67,67.5,2.7,0.62,643.66,0
CUST-19434,56,Male,Houston,24203.71,8,66.23,54.6,11.1,0.49,544.04,1
CUST-19435,20,Female,New York,144324.29,6,278.06,65.6,0.7,0.24,2018.03,0
CUST-19436,39,Male,New York,125533.6,10,163.21,98.8,5.6,0.51,1841.39,1
CUST-19437,36,Male,New York,105857.0,8,161.18,71.9,5.8,0.49,1418.02,1
CUST-19438,47,Male,New York,96343.53,3,153.4,55.4,1.5,0.16,743.12,0
CUST-19439,36,Female,Austin,111244.0,6,196.88,39.0,0.6,0.28,1445.49,0
CUST-19440,18,Female,Los Angeles,55202.57,7,131.94,61.8,0.5,0.56,993.0,0
CUST-19441,34,Male,Los Angeles,76964.0,7,130.08,,2.0,0.44,1041.77,0
CUST-19442,26,Male,New York,48735.3,6,129.36,79.5,2.9,0.74,739.78,1
CUST-19443,38,Female,Phoenix,45157.66,8,101.05,73.9,4.5,0.62,875.34,1
CUST-19444,55,Male,Phoenix,61064.02,4,175.25,67.4,7.3,0.55,833.04,1
CUST-19445,18,Female,New York,18000.0,4,23.83,71.5,0.5,,110.31,0
CUST-19446,28,Female,Boston,47689.48,8,58.23,54.5,3.1,0.48,538.39,0
CUST-19447,31,Female,Miami,55893.33,6,153.89,80.9,3.8,0.59,973.41,1
CUST-19448,33,Female,Los Angeles,59934.28,5,103.9,71.9,4.3,0.66,630.44,0
CUST-19449,46,Male,Houston,41048.46,9,112.19,76.7,6.0,0.59,1018.2,1
CUST-19450,35,Female,Chicago,76371.6,8,221.45,72.2,6.3,0.51,1749.78,1
CUST-19451,42,Female,Los Angeles,43735.08,6,62.91,67.7,8.6,0.61,465.52,1
CUST-19452,30,Female,Miami,27938.28,6,79.44,77.1,1.9,0.57,531.01,0
CUST-19453,40,Male,New York,132188.95,10,184.65,70.4,7.2,0.34,2077.62,1
CUST-19454,47,Female,Chicago,95809.24,8,150.46,66.0,10.4,0.37,1425.83,1
CUST-19455,29,Female,Chicago,42159.51,7,99.82,80.7,2.9,0.58,721.3,0
CUST-19456,47,Female,Chicago,54964.5,7,145.42,67.4,6.7,0.7,1051.42,1
CUST-19457,38,Male,Seattle,103377.06,12,156.24,78.3,5.5,0.51,1939.78,1
CUST-19458,50,Male,Los Angeles,63689.76,12,156.35,59.4,2.5,0.53,1836.0,0
CUST-19459,35,Female,New York,95340.35,7,166.88,62.4,1.1,0.21,1484.02,0
CUST-19460,42,Female,Phoenix,61847.25,18,128.16,71.8,8.0,0.46,2224.81,1
CUST-19461,37,Male,New York,62350.03,5,118.04,73.0,4.6,0.55,705.83,1
CUST-19462,36,Female,New York,94661.87,1,207.72,52.4,1.3,0.36,480.59,0
CUST-19463,41,Male,Chicago,35112.71,6,61.45,76.7,4.1,0.63,498.75,1
CUST-19464,44,Male,Los Angeles,75879.29,7,171.04,80.2,3.5,0.46,1257.83,1
CUST-19465,23,Male,Chicago,54816.22,5,118.42,88.9,1.8,0.55,702.7,0
CUST-19466,55,Male,Los Angeles,52020.95,14,110.91,100.0,7.8,0.63,1459.55,1
CUST-19467,18,Male,New York,39211.94,10,91.03,89.4,0.5,0.63,829.82,1
CUST-19468,29,Male,Houston,54969.64,6,71.86,62.4,1.4,0.49,561.98,0
CUST-19469,36,Male,New York,74560.77,9,124.36,73.4,5.9,0.41,1250.97,1
CUST-19470,42,Female,Austin,39163.17,8,58.71,71.0,9.0,0.47,528.11,1
CUST-19471,56,Female,Los Angeles,28038.28,9,10.0,88.8,12.0,0.79,174.84,1
CUST-19472,18,Female,San Francisco,33330.72,4,46.54,59.2,0.5,0.61,290.56,0
CUST-19473,31,Male,Miami,45327.55,12,34.01,79.9,4.4,0.46,485.2,1
CUST-19474,18,Male,Los Angeles,72621.1,7,65.94,61.6,0.5,0.38,699.36,0
CUST-19475,38,Female,San Francisco,191273.2,3,339.79,65.5,1.4,0.13,1582.77,0
CUST-19476,41,Female,Seattle,66208.63,5,134.76,80.3,4.3,0.58,768.5,0
CUST-19477,57,Male,Los Angeles,27641.37,9,67.08,62.3,3.1,0.7,635.11,1
CUST-19478,39,Male,Austin,53736.68,8,80.94,75.6,2.5,0.61,768.03,0
CUST-19479,50,Female,New York,136733.22,8,209.52,79.5,7.7,0.34,1919.69,1
CUST-19480,45,Female,Los Angeles,44283.35,5,132.33,67.1,4.7,0.68,702.89,0
CUST-19481,32,Male,Miami,90039.93,7,158.8,57.4,4.9,0.47,1225.37,0
CUST-19482,21,Female,New York,79854.93,10,217.85,67.1,0.7,0.47,2194.47,0
CUST-19483,41,Female,San Francisco,104810.9,7,277.76,90.2,9.2,0.56,2054.6,1
CUST-19484,20,Female,Seattle,171539.96,9,450.0,55.6,0.6,0.24,4328.94,0
CUST-19485,53,Male,Austin,23781.86,8,35.65,98.3,7.5,0.74,311.75,1
CUST-19486,36,Other,Chicago,89057.92,6,153.41,72.6,1.4,0.39,1051.5,1
CUST-19487,52,Male,Austin,56837.96,7,114.47,75.6,8.1,0.37,856.09,1
CUST-19488,32,Female,Chicago,35390.54,7,77.09,56.4,5.4,0.63,576.91,1
CUST-19489,41,Female,Los Angeles,59245.47,8,136.99,75.5,7.0,0.53,1067.93,1
CUST-19490,40,Male,Houston,119873.49,5,147.63,51.2,2.5,,1003.77,0
CUST-19491,37,Female,Phoenix,95045.64,11,177.5,71.5,3.6,0.4,1989.05,1
CUST-19492,32,Male,Chicago,20919.41,10,64.49,75.1,2.7,0.69,556.45,1
CUST-19493,42,Male,Houston,35023.93,5,101.69,79.6,1.4,0.73,499.3,0
CUST-19494,26,Male,Chicago,91147.77,6,160.37,89.5,2.9,0.35,1145.4,1
CUST-19495,23,Female,Houston,50911.02,3,81.88,61.4,1.1,0.58,395.07,0
CUST-19496,52,Male,Austin,59059.67,7,79.21,63.2,7.0,0.5,737.11,1
CUST-19497,46,Female,Houston,23495.01,7,51.19,70.8,3.6,0.66,362.58,0
CUST-19498,38,Male,Los Angeles,42917.01,4,55.14,63.4,1.6,0.43,298.72,0
CUST-19499,57,Male,San Francisco,38459.82,13,100.01,,13.6,0.64,1221.1,1
CUST-19500,34,Male,Los Angeles,27258.02,1,63.12,50.7,0.7,0.51,57.43,0
CUST-19501,53,Female,Miami,27442.21,7,59.56,83.1,5.9,0.74,485.7,1
CUST-19502,40,Male,New York,45984.32,6,124.68,63.3,6.6,0.53,808.65,0
CUST-19503,25,Male,Los Angeles,42582.78,11,74.57,77.7,1.2,0.59,885.03,0
CUST-19504,60,Male,New York,48004.01,10,108.63,27.3,7.0,0.38,1135.38,1
CUST-19505,49,Male,New York,121824.0,9,177.44,75.4,7.2,0.42,1721.54,1
CUST-19506,36,Female,Phoenix,30979.08,7,53.9,90.6,7.2,0.68,428.33,1
CUST-19507,46,Female,Chicago,116062.31,11,204.99,93.3,8.6,0.6,2225.54,1
CUST-19508,33,Male,Seattle,53165.0,6,119.55,59.8,5.8,0.34,885.83,1
CUST-19509,47,Male,Houston,64106.82,6,182.0,73.2,8.2,0.53,1138.46,1
CUST-19510,18,Female,Los Angeles,78852.44,5,121.73,78.3,0.5,0.55,759.17,0
CUST-19511,25,Male,San Francisco,48414.3,4,106.53,82.6,1.2,0.62,584.13,0
CUST-19512,49,Female,Phoenix,41381.71,9,55.22,80.5,10.3,0.5,583.18,1
CUST-19513,35,Male,Miami,40024.01,4,88.72,59.7,3.2,0.58,451.11,1
CUST-19514,40,Male,Phoenix,58739.04,3,112.93,77.6,3.6,0.49,518.56,0
CUST-19515,21,Female,New York,68574.93,7,65.29,71.7,1.2,0.46,543.76,0
CUST-19516,60,Female,San Francisco,52170.53,6,118.19,48.1,0.7,0.44,809.97,0
CUST-19517,52,Male,Chicago,60374.33,8,170.14,83.0,7.4,,1362.34,1
CUST-19518,35,Male,Chicago,67413.34,14,154.07,71.5,5.4,0.56,2104.26,1
CUST-19519,33,Male,Boston,163954.45,6,410.08,83.1,4.5,0.32,2754.01,1
CUST-19520,50,Female,Los Angeles,64461.61,12,95.0,63.1,5.0,0.38,1211.03,1
CUST-19521,61,Female,Phoenix,49003.34,9,65.48,77.8,8.3,0.55,604.78,1
CUST-19522,49,Male,Chicago,70473.32,8,214.29,87.1,0.6,0.39,1753.02,0
CUST-19523,64,Male,New York,45497.08,12,54.37,61.8,8.3,0.54,701.06,1
CUST-19524,26,Male,Chicago,24005.43,11,51.9,36.2,2.1,0.47,574.29,0
CUST-19525,28,Male,Phoenix,41713.85,8,78.72,70.4,3.6,0.69,649.74,0
CUST-19526,23,Male,Chicago,97230.5,2,250.43,83.1,0.8,0.52,759.17,0
CUST-19527,43,Female,Chicago,105405.07,11,162.2,79.0,8.3,0.53,1912.46,1
CUST-19528,40,Male,Miami,20110.84,8,37.35,64.0,6.5,0.72,352.62,0
CUST-19529,36,Male,New York,102042.47,5,131.81,100.0,5.0,0.52,866.21,1
CUST-19530,47,Female,Los Angeles,20897.04,7,39.37,59.4,4.9,0.66,344.84,0
CUST-19531,52,Male,Miami,64750.52,8,152.01,66.5,5.3,0.51,1246.26,1
CUST-19532,19,Male,Boston,79379.96,7,189.07,48.2,0.5,0.19,1473.87,0
CUST-19533,30,Male,Chicago,24023.8,11,32.4,75.8,4.8,0.63,323.24,0
CUST-19534,47,Male,Seattle,111654.73,8,169.28,53.8,5.0,0.21,1633.48,1
CUST-19535,32,Female,New York,174909.25,7,358.34,93.8,5.2,0.4,2783.92,1
CUST-19536,28,Female,Los Angeles,60386.56,9,87.92,58.3,2.6,0.31,867.37,1
CUST-19537,50,Male,Seattle,72667.06,7,123.03,85.2,11.2,0.51,944.89,1
CUST-19538,22,Male,Boston,136200.0,5,373.64,70.7,0.7,0.35,2166.33,0
CUST-19539,34,Male,Los Angeles,35475.44,7,64.33,76.5,5.0,0.75,444.78,0
CUST-19540,41,Female,New York,42174.28,9,70.03,87.5,7.8,0.5,688.18,1
CUST-19541,31,Female,New York,48069.97,5,137.99,82.7,4.4,0.78,690.83,0
CUST-19542,47,Male,Los Angeles,63468.75,9,172.53,78.7,9.2,0.61,1499.1,1
CUST-19543,31,Male,Miami,52360.86,7,98.27,51.3,1.9,0.5,784.24,0
CUST-19544,54,Male,Houston,39029.05,8,115.94,61.5,7.8,0.5,978.21,1
CUST-19545,36,Female,Chicago,48949.77,12,67.66,64.7,2.5,0.62,782.5,0
CUST-19546,46,Female,Phoenix,37229.45,9,38.47,69.0,4.2,0.57,415.76,1
CUST-19547,46,Female,Boston,50839.13,7,64.15,53.9,3.7,0.51,506.55,0
CUST-19548,30,Male,New York,49803.67,5,72.84,51.8,1.7,0.5,482.42,0
CUST-19549,18,Female,San Francisco,51857.37,7,138.84,100.0,0.5,0.76,907.92,0
CUST-19550,42,Female,Boston,23905.16,7,31.13,67.9,6.4,0.64,301.71,1
CUST-19551,38,Female,Los Angeles,55710.53,7,32.49,64.8,2.0,0.68,318.13,0
CUST-19552,44,Male,Seattle,25472.48,10,55.46,87.2,7.3,0.85,475.24,1
CUST-19553,35,Female,San Francisco,110387.46,3,273.73,71.9,2.3,0.41,981.15,0
CUST-19554,32,Male,New York,55278.85,2,103.86,58.5,1.5,0.49,364.01,0
CUST-19555,62,Female,Los Angeles,58691.91,13,162.3,86.3,11.3,0.62,2040.56,1
CUST-19556,20,Male,Phoenix,40458.61,5,68.7,83.4,0.6,0.68,371.65,0
CUST-19557,46,Female,Houston,45553.82,7,75.97,66.1,6.6,0.55,530.17,0
CUST-19558,31,Female,Houston,96799.21,14,215.48,80.4,1.4,0.55,2928.32,1
CUST-19559,33,Male,Los Angeles,31698.15,6,55.46,79.4,3.9,0.66,375.72,0
CUST-19560,34,Female,San Francisco,33685.2,11,21.56,62.6,1.7,0.48,256.48,0
CUST-19561,28,Male,Los Angeles,66134.65,3,185.68,62.5,1.1,0.44,725.75,0
CUST-19562,44,Male,Chicago,44393.59,11,49.55,95.4,4.3,0.6,640.95,1
CUST-19563,54,Male,Chicago,68091.12,12,134.08,93.1,11.5,0.52,1626.66,1
CUST-19564,43,Male,San Francisco,108527.71,9,153.92,56.7,2.2,0.29,1606.34,1
CUST-19565,39,Female,New York,42063.39,11,91.08,53.1,1.4,0.43,1056.15,1
CUST-19566,26,Male,Los Angeles,84242.63,9,138.21,48.0,0.6,0.54,1278.63,0
CUST-19567,44,Female,Los Angeles,37376.23,6,51.37,55.5,4.6,0.52,379.92,0
CUST-19568,63,Female,New York,75916.72,10,117.4,68.7,4.6,,1285.62,1
CUST-19569,33,Female,Los Angeles,33567.21,7,51.41,71.9,2.1,0.74,384.61,0
CUST-19570,33,Female,Phoenix,52089.12,8,135.12,69.7,5.9,0.6,1070.77,1
CUST-19571,31,Male,San Francisco,75059.29,4,154.57,69.2,1.4,0.42,800.73,1
CUST-19572,32,Female,San Francisco,43695.81,6,83.82,42.5,2.8,0.35,598.79,0
CUST-19573,18,Male,Chicago,28841.9,4,40.61,80.6,0.5,0.79,211.61,0
CUST-19574,42,Female,New York,106449.28,8,199.96,79.5,0.8,0.47,1797.17,0
CUST-19575,27,Female,Austin,47515.44,4,103.76,80.3,2.7,0.53,542.98,1
CUST-19576,18,Female,New York,121311.89,11,239.27,72.5,0.5,0.29,2819.54,0
CUST-19577,47,Male,San Francisco,57801.81,8,118.7,90.2,10.6,0.77,1008.31,1
CUST-19578,25,Female,Boston,124668.24,8,222.23,41.2,2.6,0.24,2034.53,1
CUST-19579,33,Female,San Francisco,47206.06,9,126.49,74.6,2.6,0.57,1155.27,1
CUST-19580,55,Female,Los Angeles,130109.96,7,270.84,51.0,3.7,0.15,2292.34,1
CUST-19581,21,Male,Los Angeles,67978.58,3,187.47,83.7,0.8,0.6,712.53,1
CUST-19582,19,Female,New York,89321.99,5,144.12,80.6,0.5,0.52,863.49,0
CUST-19583,41,Male,Phoenix,29514.21,3,78.09,76.5,2.9,0.63,294.74,0
CUST-19584,51,Female,Phoenix,70210.07,13,67.66,80.3,13.0,0.47,1020.34,1
CUST-19585,19,Female,San Francisco,111127.81,8,190.24,57.6,0.5,0.25,1811.99,0
CUST-19586,42,Male,New York,62186.12,8,85.19,73.7,2.9,0.53,781.7,0
CUST-19587,44,Male,Miami,18000.0,11,19.09,71.1,8.3,0.62,330.23,1
CUST-19588,18,Female,San Francisco,43469.2,6,82.73,58.2,0.5,0.67,511.26,0
CUST-19589,47,Male,New York,41913.54,4,87.33,56.2,6.6,0.48,438.6,1
CUST-19590,48,Male,Los Angeles,77997.99,4,175.59,89.1,4.6,0.45,879.15,1
CUST-19591,34,Female,Phoenix,38643.09,8,55.1,60.7,3.0,0.45,404.28,0
CUST-19592,53,Female,Houston,41187.98,9,46.4,80.8,6.9,0.75,495.83,1
CUST-19593,51,Female,New York,55102.39,11,125.08,67.4,6.9,0.43,1381.25,1
CUST-19594,39,Male,New York,152474.06,4,430.07,68.5,5.7,0.21,2112.72,1
CUST-19595,32,Male,Miami,52647.96,8,96.96,87.3,4.1,0.6,829.84,0
CUST-19596,26,Female,New York,80738.82,5,128.44,76.4,3.1,0.56,788.78,1
CUST-19597,37,Female,New York,53659.29,11,144.55,80.6,5.9,0.6,1558.36,1
CUST-19598,44,Female,Seattle,66724.28,10,129.3,85.0,7.3,0.63,1310.39,1
CUST-19599,34,Female,Phoenix,29935.33,10,38.77,77.7,2.8,0.6,454.7,1
CUST-19600,18,Male,Phoenix,57901.69,4,126.67,63.6,0.5,0.49,632.93,0
CUST-19601,53,Male,Chicago,32064.78,9,68.16,,1.3,0.31,705.57,0
CUST-19602,40,Female,Houston,74668.73,7,105.86,82.9,4.5,0.53,904.66,1
CUST-19603,33,Female,Phoenix,33764.44,7,105.76,94.5,4.2,0.8,658.18,1
CUST-19604,48,Female,Austin,95751.02,12,208.74,72.2,8.0,0.33,2634.03,1
CUST-19605,56,Female,Los Angeles,161685.61,11,285.54,100.0,14.3,0.35,3385.05,1
CUST-19606,18,Female,Los Angeles,62337.13,8,123.27,69.7,0.5,0.52,1026.03,0
CUST-19607,43,Female,New York,140915.0,6,392.26,73.2,6.5,0.29,2557.91,1
CUST-19608,20,Male,Phoenix,70994.95,11,121.47,86.6,0.8,0.64,1385.19,0
CUST-19609,43,Other,Houston,25142.52,6,53.78,61.3,4.3,0.58,382.67,0
CUST-19610,39,Female,New York,77309.22,6,109.9,82.5,4.3,0.57,775.27,1
CUST-19611,45,Male,Chicago,73085.81,13,112.38,96.3,10.0,0.53,1489.76,1
CUST-19612,32,Female,New York,98613.38,5,257.79,86.7,3.3,0.57,1410.19,0
CUST-19613,18,Male,Los Angeles,68109.05,6,95.3,63.7,0.5,0.36,710.37,0
CUST-19614,32,Female,Austin,64729.08,11,77.43,81.0,5.3,0.58,906.79,1
CUST-19615,42,Male,San Francisco,76040.09,14,144.76,87.4,5.7,0.58,1953.9,1
CUST-19616,50,Female,New York,78174.02,5,170.14,59.9,1.8,0.47,1042.56,0
CUST-19617,23,Female,Los Angeles,33790.08,2,54.92,75.2,1.7,0.8,223.23,0
CUST-19618,50,Female,New York,64990.68,13,93.21,68.2,10.6,0.51,1245.62,1
CUST-19619,30,Female,San Francisco,36679.8,2,46.06,60.3,1.0,0.53,232.84,0
CUST-19620,42,Female,Chicago,44354.8,9,140.19,57.3,5.5,0.37,1270.97,0
CUST-19621,31,Male,Austin,44351.75,4,91.39,70.8,2.8,0.54,486.43,0
CUST-19622,40,Male,San Francisco,54673.85,12,104.32,83.0,7.5,0.5,1298.92,1
CUST-19623,48,Female,Houston,30415.35,7,76.48,99.3,3.7,0.73,528.31,0
CUST-19624,23,Female,Miami,58885.22,7,98.74,42.8,1.1,0.47,724.0,0
CUST-19625,29,Male,San Francisco,64694.86,8,130.36,71.1,2.9,0.57,1107.74,0
CUST-19626,40,Male,Los Angeles,50490.92,3,92.54,68.7,4.8,0.6,409.72,0
CUST-19627,66,Male,Houston,25461.42,10,21.07,60.2,14.3,0.7,232.48,1
CUST-19628,27,Female,Houston,44345.93,4,135.56,67.5,3.5,0.55,625.5,0
CUST-19629,62,Female,Chicago,100866.85,5,218.52,42.7,1.7,0.34,1320.29,0
CUST-19630,62,Male,New York,130680.12,8,351.96,65.8,4.8,0.41,2919.04,1
CUST-19631,36,Female,Los Angeles,75095.67,4,189.02,60.3,0.6,0.46,915.56,0
CUST-19632,34,Male,Los Angeles,53754.62,4,148.15,54.9,3.0,0.31,673.4,0
CUST-19633,29,Female,New York,96721.98,12,138.93,73.5,3.1,0.33,1791.01,1
CUST-19634,37,Male,Boston,46566.88,6,73.18,100.0,3.8,0.73,493.51,1
CUST-19635,21,Female,San Francisco,65306.45,5,109.47,61.6,0.5,0.3,641.98,0
CUST-19636,37,Male,San Francisco,52324.03,6,89.22,75.4,1.9,0.62,616.46,0
CUST-19637,55,Male,Houston,81055.54,6,214.44,75.3,3.0,0.44,1377.59,0
CUST-19638,30,Female,San Francisco,112024.76,9,211.49,68.2,2.7,0.45,2037.48,0
CUST-19639,35,Male,Austin,58569.48,5,140.1,70.5,4.8,0.41,795.3,0
CUST-19640,18,Female,Chicago,135187.28,7,373.81,96.9,0.5,0.41,2711.94,1
CUST-19641,42,Female,San Francisco,93221.11,6,152.96,87.7,1.7,0.4,1150.23,0
CUST-19642,41,Male,Los Angeles,74449.45,9,141.6,95.5,7.4,0.51,1329.56,1
CUST-19643,38,Female,Seattle,76703.58,10,161.41,68.4,6.9,0.38,1672.85,1
CUST-19644,35,Male,Seattle,36026.14,6,39.15,55.0,2.2,0.51,320.59,0
CUST-19645,34,Female,Boston,41571.98,6,83.09,49.8,3.0,0.57,601.43,0
CUST-19646,44,Other,New York,71167.08,3,175.13,47.3,1.3,0.52,699.53,0
CUST-19647,37,Male,Los Angeles,60874.53,7,162.17,44.7,2.1,0.46,1168.06,0
CUST-19648,41,Female,New York,98222.04,6,207.29,83.4,7.2,0.48,1408.9,1
CUST-19649,40,Male,Chicago,40735.56,2,114.17,52.9,3.5,0.53,356.47,0
CUST-19650,51,Female,Houston,53319.11,8,125.1,63.1,8.2,0.51,1003.7,1
CUST-19651,46,Male,Los Angeles,65123.58,9,152.3,69.1,10.6,0.49,1440.16,1
CUST-19652,40,Male,San Francisco,80867.7,10,126.17,,6.5,0.57,1312.63,1
CUST-19653,56,Other,Los Angeles,62816.26,10,145.14,99.7,7.1,0.65,1429.77,1
CUST-19654,43,Male,Seattle,33564.48,6,49.19,70.1,4.0,0.61,331.49,1
CUST-19655,53,Female,New York,23611.65,8,10.0,35.4,3.1,0.6,119.04,0
CUST-19656,45,Female,Chicago,35522.03,10,116.79,73.5,8.3,0.64,1087.36,1
CUST-19657,18,Female,Phoenix,37386.99,6,76.82,52.0,0.5,0.34,516.95,0
CUST-19658,53,Female,Phoenix,27049.22,5,73.16,41.7,1.3,0.57,407.52,0
CUST-19659,39,Female,New York,71130.23,4,92.25,55.6,1.3,0.43,498.36,0
CUST-19660,37,Male,Seattle,116797.51,6,239.5,71.7,2.2,0.35,1707.98,0
CUST-19661,41,Female,Phoenix,70098.46,9,113.34,81.6,6.0,0.66,1055.38,1
CUST-19662,33,Female,Seattle,85503.3,6,200.56,84.9,5.2,0.57,1275.01,0
CUST-19663,40,Male,Seattle,110835.11,12,313.55,68.4,8.7,0.28,3844.1,1
CUST-19664,30,Male,Houston,32415.6,6,74.22,82.6,3.6,0.72,461.05,0
CUST-19665,53,Female,Boston,51736.74,11,112.97,53.5,2.5,0.64,1174.58,0
CUST-19666,36,Other,Seattle,92094.18,2,141.5,75.9,2.4,0.64,560.08,0
CUST-19667,33,Female,Austin,47006.69,8,117.5,66.5,1.2,0.44,1026.4,1
CUST-19668,26,Female,Seattle,54897.9,7,134.02,87.3,0.8,0.54,944.63,0
CUST-19669,41,Male,Miami,130602.84,10,373.46,63.7,5.4,0.2,3909.74,1
CUST-19670,40,Female,Chicago,59665.62,10,146.64,77.5,8.0,0.73,1449.54,1
CUST-19671,42,Female,Los Angeles,150478.43,10,351.13,91.1,6.7,0.38,3593.78,1
CUST-19672,25,Male,Boston,26125.66,3,85.51,71.3,2.3,0.63,312.75,0
CUST-19673,18,Male,San Francisco,55328.26,7,94.47,61.1,0.5,0.51,750.33,0
CUST-19674,45,Male,Los Angeles,76433.03,11,196.84,68.4,5.4,0.45,2143.53,1
CUST-19675,55,Female,Los Angeles,65292.22,14,135.94,100.0,13.9,0.57,1797.74,1
CUST-19676,25,Male,San Francisco,27138.24,2,24.06,52.9,2.2,0.53,144.33,0
CUST-19677,57,Male,Chicago,50716.2,7,122.26,67.1,7.2,0.61,895.35,1
CUST-19678,41,Male,New York,250000.0,6,450.0,78.0,3.4,0.0,3401.74,1
CUST-19679,37,Male,New York,82748.48,4,169.94,63.2,1.2,0.47,815.77,0
CUST-19680,33,Male,San Francisco,102609.96,5,214.92,93.2,5.0,0.52,1252.61,1
CUST-19681,21,Female,Los Angeles,45152.02,8,117.15,62.1,0.6,0.47,944.68,0
CUST-19682,49,Male,Houston,58124.86,8,100.48,76.8,6.6,0.49,931.71,1
CUST-19683,28,Female,Miami,51151.27,6,63.41,87.8,2.7,0.64,486.61,0
CUST-19684,28,Female,San Francisco,132704.41,8,274.87,84.9,3.1,0.36,2398.39,1
CUST-19685,49,Female,New York,125945.56,8,201.17,40.9,1.5,0.11,1963.16,0
CUST-19686,18,Female,New York,89667.41,7,205.89,84.4,0.5,0.62,1538.57,0
CUST-19687,19,Male,Phoenix,50519.89,13,108.15,69.2,0.5,0.58,1325.81,1
CUST-19688,37,Male,San Francisco,32758.52,6,58.92,59.8,3.7,0.53,429.32,0
CUST-19689,41,Male,New York,31042.95,5,54.83,56.5,2.1,0.45,283.78,0
CUST-19690,43,Other,Chicago,59263.31,11,136.95,73.3,9.8,0.66,1444.66,1
CUST-19691,34,Male,Seattle,104868.31,8,167.51,63.3,5.2,0.41,1467.71,1
CUST-19692,68,Female,Boston,126524.92,6,346.58,84.4,8.9,0.38,2280.49,1
CUST-19693,35,Female,Chicago,36458.17,9,70.13,97.4,4.9,0.79,539.58,1
CUST-19694,35,Female,New York,34388.77,7,57.11,65.6,1.5,0.61,443.69,0
CUST-19695,28,Female,Los Angeles,99333.83,6,195.94,91.8,3.9,0.38,1393.28,1
CUST-19696,39,Female,Los Angeles,41457.17,12,72.06,95.0,8.4,0.63,884.74,1
CUST-19697,45,Male,Los Angeles,28317.29,11,69.42,61.9,7.2,0.39,742.98,1
CUST-19698,52,Female,Houston,40209.86,8,85.89,74.9,9.3,0.71,680.32,1
CUST-19699,20,Male,Phoenix,37763.19,7,84.73,82.6,0.7,0.67,618.09,0
CUST-19700,35,Female,New York,141519.12,5,259.27,86.2,4.7,0.25,1696.59,1
CUST-19701,43,Female,Seattle,104397.45,6,164.84,58.2,4.7,0.38,1229.47,0
CUST-19702,45,Male,Phoenix,33723.36,6,87.99,56.4,6.1,0.52,534.91,0
CUST-19703,38,Female,Phoenix,98087.64,7,128.9,75.4,2.6,0.42,1114.03,0
CUST-19704,44,Male,Austin,63438.3,4,74.52,61.5,4.9,0.38,447.35,1
CUST-19705,28,Female,Phoenix,82872.4,3,121.73,68.8,2.0,0.45,510.45,0
CUST-19706,56,Female,Boston,126236.3,4,269.4,58.5,4.7,0.29,1332.94,1
CUST-19707,49,Female,Los Angeles,54636.94,9,36.81,72.7,9.9,0.63,434.91,1
CUST-19708,21,Male,Los Angeles,82902.6,8,144.05,68.2,0.8,0.41,1327.41,0
CUST-19709,25,Male,Houston,92391.00200000002,10,65.77,76.0,1.8,0.53,696.12,0
CUST-19710,25,Female,Houston,81941.25,6,174.21,94.1,0.9,0.52,1130.33,0
CUST-19711,46,Female,Los Angeles,65179.45,13,109.82,59.2,5.6,0.41,1515.09,1
CUST-19712,22,Male,San Francisco,122594.0,10,199.81,,1.3,0.11,2256.76,1
CUST-19713,34,Male,New York,156761.83,8,270.76,62.3,3.1,0.16,2628.08,1
CUST-19714,43,Male,San Francisco,99716.67,8,161.78,77.2,5.8,0.39,1462.11,1
CUST-19715,37,Female,Chicago,54288.09,8,148.68,63.1,5.5,0.64,1144.59,1
CUST-19716,41,Male,San Francisco,72988.58,3,164.32,73.2,3.9,0.52,620.75,0
CUST-19717,25,Male,Chicago,18000.0,5,26.7,43.3,1.3,0.48,149.43,0
CUST-19718,45,Female,Austin,41727.39,6,57.95,46.7,1.4,,429.1,0
CUST-19719,30,Male,Los Angeles,99314.68,7,133.9,68.6,3.0,0.38,1171.46,0
CUST-19720,34,Female,Austin,96785.34,9,166.54,63.6,4.7,0.26,1660.1,1
CUST-19721,40,Male,New York,50656.4,9,157.0,82.2,5.3,0.67,1333.11,1
CUST-19722,39,Male,San Francisco,82352.13,7,112.81,63.4,2.7,0.33,928.7,1
CUST-19723,38,Female,Chicago,51748.82,7,120.69,56.9,2.5,0.56,842.65,0
CUST-19724,28,Male,Miami,72657.21,2,93.96,64.5,1.1,,381.3,0
CUST-19725,34,Male,Miami,155284.48,4,239.95,69.6,0.8,0.35,1340.26,0
CUST-19726,38,Female,Miami,73345.83,4,124.77,82.9,3.7,0.57,664.98,0
CUST-19727,21,Male,New York,52313.82,7,69.51,76.0,0.6,0.57,661.59,0
CUST-19728,32,Female,Miami,49488.57,4,118.47,78.7,4.0,0.54,587.88,0
CUST-19729,42,Male,Los Angeles,125583.49,11,287.68,100.0,9.3,0.47,3128.48,1
CUST-19730,22,Female,New York,36162.07,7,64.18,49.0,0.6,0.67,474.25,0
CUST-19731,51,Female,Los Angeles,45808.87,15,128.59,85.5,11.8,0.46,1881.08,1
CUST-19732,53,Male,Chicago,81127.08,8,71.52,75.5,9.4,0.39,803.12,1
CUST-19733,23,Male,San Francisco,144876.63,4,238.88,73.2,1.8,0.23,1339.98,0
CUST-19734,54,Female,Los Angeles,84477.96,3,158.81,55.0,2.7,0.38,732.78,0
CUST-19735,36,Male,New York,54000.96,7,81.22,75.5,6.6,0.75,612.08,1
CUST-19736,43,Male,Phoenix,63761.65,8,142.24,89.9,9.6,0.61,1124.23,1
CUST-19737,32,Male,Austin,73310.31,7,169.46,85.7,5.1,0.57,1200.04,1
CUST-19738,49,Female,Phoenix,58107.52,13,86.61,77.1,9.8,0.53,1099.0,1
CUST-19739,42,Female,San Francisco,72253.45,3,148.72,45.4,1.3,0.34,628.92,0
CUST-19740,28,Male,Houston,52849.52,6,132.62,81.6,1.3,0.77,827.22,0
CUST-19741,24,Female,Miami,32694.32,7,33.26,63.2,2.2,0.46,272.12,0
CUST-19742,20,Female,Austin,205954.86,11,310.05,53.4,0.6,0.0,4011.65,1
CUST-19743,40,Male,Houston,55670.54,10,138.04,71.8,3.4,0.73,1296.14,0
CUST-19744,44,Female,Chicago,74835.4,4,117.39,64.5,1.0,0.44,599.81,0
CUST-19745,45,Female,Seattle,60729.69,13,85.89,91.1,7.0,0.69,1100.22,1
CUST-19746,36,Female,Austin,90940.92,6,200.51,68.2,4.3,0.37,1433.67,1
CUST-19747,24,Male,New York,38211.36,4,58.94,74.3,2.3,0.72,271.55,0
CUST-19748,29,Other,Houston,21502.06,7,49.51,77.9,4.0,0.62,342.25,1
CUST-19749,51,Female,Miami,50689.34,7,48.68,67.6,6.9,0.45,408.47,1
CUST-19750,32,Female,Houston,143736.11,10,381.41,66.4,3.6,0.15,4082.56,1
CUST-19751,39,Female,Chicago,104083.69,10,178.12,84.0,3.8,0.56,1796.6,1
CUST-19752,25,Male,Phoenix,32546.21,10,62.5,61.0,0.8,0.61,631.47,0
CUST-19753,42,Female,Los Angeles,80644.48,12,144.89,72.3,8.4,0.36,1784.92,1
CUST-19754,32,Female,Los Angeles,45331.94,13,68.21,87.3,3.3,0.67,893.06,1
CUST-19755,50,Male,Austin,73756.07,13,200.66,52.6,5.7,0.32,2604.91,1
CUST-19756,47,Male,Phoenix,62745.14,4,136.24,68.0,1.3,0.54,646.21,0
CUST-19757,32,Male,Seattle,107622.3,6,197.75,84.9,3.9,0.43,1441.65,1
CUST-19758,36,Female,Miami,23526.31,8,61.79,53.5,3.2,0.6,494.73,0
CUST-19759,31,Female,Phoenix,25896.04,8,55.6,58.8,1.7,0.59,457.15,1
CUST-19760,20,Female,Seattle,65209.36,11,137.22,63.9,0.8,0.45,1525.85,1
CUST-19761,27,Male,Los Angeles,37180.89,7,50.18,84.8,1.1,0.71,402.37,0
CUST-19762,40,Female,Phoenix,27994.92,11,48.06,78.1,4.8,0.6,514.39,0
CUST-19763,41,Female,Phoenix,55858.01,12,155.82,92.2,7.4,0.47,1769.22,1
CUST-19764,39,Male,Phoenix,30841.66,9,56.95,89.4,7.2,,533.14,1
CUST-19765,34,Male,New York,226145.31,11,450.0,68.4,5.3,0.1,4800.0,1
CUST-19766,49,Male,Los Angeles,47723.49,9,119.12,100.0,11.2,0.76,983.39,1
CUST-19767,38,Female,Los Angeles,54428.65,4,97.76,52.8,1.6,0.56,456.28,0
CUST-19768,46,Female,Phoenix,56579.94,13,93.94,82.2,10.6,0.64,1182.92,1
CUST-19769,18,Other,Austin,28038.46,5,50.33,67.6,0.5,0.63,323.72,0
CUST-19770,18,Male,Austin,76846.29,3,121.8,70.5,0.5,0.4,552.02,0
CUST-19771,41,Female,Los Angeles,73902.04,9,147.05,81.9,1.2,0.43,1361.17,1
CUST-19772,20,Female,Los Angeles,52318.7,10,117.4,58.4,0.8,0.62,1168.73,0
CUST-19773,35,Male,New York,83873.77,5,155.71,69.2,3.2,0.34,1016.14,1
CUST-19774,34,Male,Chicago,70469.23,8,171.01,69.9,2.4,0.39,1412.2,1
CUST-19775,57,Female,Seattle,138793.0,14,266.41,58.9,2.9,0.14,4044.36,1
CUST-19776,42,Female,Boston,226942.57,5,429.55,63.8,1.9,0.0,2793.21,0
CUST-19777,39,Male,Los Angeles,36644.24,7,25.9,46.0,5.4,0.43,321.65,0
CUST-19778,48,Male,Los Angeles,32568.09,9,90.08,58.6,1.0,0.5,771.91,0
CUST-19779,42,Female,Los Angeles,65587.26,10,160.01,78.1,5.9,0.64,1547.69,1
CUST-19780,32,Female,Los Angeles,22033.13,9,47.88,71.5,4.5,0.62,417.03,1
CUST-19781,50,Female,Miami,71211.84,10,103.59,79.6,7.9,0.66,1057.56,1
CUST-19782,24,Male,Phoenix,51594.99,5,75.94,67.2,2.1,0.6,494.81,0
CUST-19783,41,Male,Miami,61842.74,6,156.13,56.8,2.8,0.5,1023.92,0
CUST-19784,19,Male,Phoenix,41892.14,6,90.86,64.9,0.5,0.56,588.41,0
CUST-19785,40,Female,Los Angeles,70775.62,8,144.44,84.4,6.5,0.53,1219.38,1
CUST-19786,40,Female,Los Angeles,78895.68,15,133.25,69.8,7.4,0.56,1944.56,1
CUST-19787,58,Female,New York,80831.04,7,140.59,83.6,7.8,0.36,1211.61,1
CUST-19788,19,Male,Miami,26269.33,5,20.71,,0.5,0.85,146.79,0
CUST-19789,30,Female,Seattle,73802.4,6,108.51,68.2,2.5,0.48,835.12,0
CUST-19790,47,Female,Miami,130051.92,8,163.53,41.9,2.7,0.33,1601.38,0
CUST-19791,42,Female,New York,82499.76,8,210.52,92.8,4.8,0.61,1723.4,1
CUST-19792,40,Female,Miami,55118.16,5,126.49,88.7,2.3,0.52,701.08,0
CUST-19793,26,Female,New York,159551.72,10,405.11,72.9,1.8,0.15,4399.9,1
CUST-19794,30,Female,New York,50377.34,5,72.51,85.7,1.1,0.68,431.87,0
CUST-19795,52,Male,Chicago,88754.46,9,146.15,55.6,2.9,0.4,1394.18,0
CUST-19796,37,Female,Chicago,43639.22,9,36.08,82.2,6.8,0.63,423.17,1
CUST-19797,42,Male,Miami,88609.86,10,211.82,52.3,1.6,0.25,2210.06,0
CUST-19798,36,Female,San Francisco,113039.92,11,233.24,76.9,2.0,0.45,2591.86,0
CUST-19799,23,Female,New York,59513.9,5,90.26,74.9,2.0,0.44,545.76,1
CUST-19800,49,Male,Los Angeles,54545.0,8,115.11,60.9,7.4,0.56,925.11,1
CUST-19801,44,Female,Los Angeles,101586.68,11,265.89,62.1,6.3,0.4,2916.07,1
CUST-19802,65,Female,New York,28922.62,12,41.58,68.9,12.8,,499.62,1
CUST-19803,25,Female,Los Angeles,49950.98,8,80.36,,1.7,0.67,678.38,0
CUST-19804,47,Female,San Francisco,103433.17,8,282.51,65.4,3.0,0.41,2347.2,0
CUST-19805,22,Female,Los Angeles,53407.61,6,78.92,72.3,1.0,0.6,517.78,0
CUST-19806,39,Female,Seattle,72444.44,13,162.27,,6.5,0.56,2063.19,1
CUST-19807,49,Male,Chicago,20500.71,13,63.35,85.4,10.9,0.6,734.36,1
CUST-19808,18,Male,Los Angeles,40640.6,7,16.1,76.5,0.5,0.58,135.56,0
CUST-19809,35,Male,Chicago,79898.83,8,92.78,67.5,2.2,0.52,849.36,0
CUST-19810,31,Female,San Francisco,52102.52,12,123.0,57.4,2.0,0.53,1489.95,1
CUST-19811,29,Male,Houston,26835.39,13,34.6,54.2,2.8,,452.27,0
CUST-19812,42,Female,New York,124356.64,3,175.14,71.3,3.0,0.16,971.6,0
CUST-19813,51,Male,Boston,84133.79,12,127.02,100.0,11.8,0.47,1590.51,1
CUST-19814,36,Female,New York,42439.63,5,72.83,76.3,7.1,0.85,416.83,0
CUST-19815,40,Male,Boston,69673.37,6,187.28,100.0,6.1,0.6,1139.66,1
CUST-19816,39,Female,New York,43136.75,11,68.46,76.8,8.2,0.65,777.89,1
CUST-19817,38,Female,Miami,47690.01,6,55.23,95.2,2.7,0.72,331.93,0
CUST-19818,24,Female,Houston,56201.62,1,81.23,69.9,2.0,0.56,209.54,0
CUST-19819,51,Female,Houston,34353.48,13,45.63,91.7,9.1,0.71,566.66,1
CUST-19820,41,Female,New York,106008.13,6,295.42,60.5,2.8,0.35,1992.32,1
CUST-19821,42,Female,Los Angeles,97580.97,7,244.4,59.3,3.4,0.39,1847.08,0
CUST-19822,28,Female,Miami,58717.29,8,142.71,72.7,2.2,0.46,1208.75,1
CUST-19823,32,Male,Boston,79962.47,7,163.88,80.8,4.5,0.55,1185.13,1
CUST-19824,35,Female,Houston,24891.76,7,58.05,75.3,6.0,,394.88,1
CUST-19825,19,Female,Los Angeles,123112.71,3,268.81,52.8,0.5,0.25,1155.32,0
CUST-19826,18,Male,New York,69873.52,9,173.05,75.2,0.5,0.43,1613.54,1
CUST-19827,30,Female,San Francisco,47517.06,10,104.32,93.9,1.6,0.55,1052.6,1
CUST-19828,44,Female,Los Angeles,67015.54,12,145.65,77.0,7.8,0.55,1708.75,1
CUST-19829,30,Female,New York,106174.54,5,223.28,74.3,3.1,0.3,1322.39,0
CUST-19830,25,Female,San Francisco,97992.58,7,136.76,47.6,1.0,0.36,1169.06,0
CUST-19831,28,Male,Houston,29922.37,4,70.54,90.7,3.8,0.64,320.47,1
CUST-19832,32,Male,New York,106822.47,6,262.57,74.6,3.1,0.29,1776.43,1
CUST-19833,33,Male,New York,70953.15,6,92.7,86.6,4.9,0.59,676.39,0
CUST-19834,63,Male,San Francisco,97448.01,13,210.98,65.6,8.1,0.46,2659.71,1
CUST-19835,50,Female,New York,48987.91,9,107.79,87.7,12.0,0.75,932.17,1
CUST-19836,50,Male,Seattle,114244.86,6,226.4,55.7,2.2,0.36,1576.89,0
CUST-19837,52,Female,Los Angeles,68262.76,12,113.33,46.8,7.7,0.37,1423.51,1
CUST-19838,26,Female,New York,132523.63,6,300.59,66.1,0.6,0.27,2049.88,1
CUST-19839,23,Female,San Francisco,35208.34,5,77.22,67.8,0.8,0.49,485.18,0
CUST-19840,24,Male,Houston,25539.9,5,54.71,77.8,1.0,0.64,247.95,0
CUST-19841,54,Male,Los Angeles,55256.87,9,143.26,55.0,7.1,0.56,1300.2,1
CUST-19842,31,Male,Chicago,118492.23,4,230.46,71.1,4.4,0.34,1216.15,1
CUST-19843,22,Male,New York,195147.32,5,450.0,62.0,1.0,0.09,2785.4,0
CUST-19844,32,Other,San Francisco,48642.8,6,96.38,41.0,3.4,0.35,681.45,0
CUST-19845,35,Female,Chicago,58414.16,8,101.29,73.0,6.3,0.4,872.75,1
CUST-19846,41,Male,San Francisco,81965.05,7,149.69,87.7,7.1,0.51,1162.29,1
CUST-19847,41,Female,Phoenix,69822.97,7,72.88,52.4,0.9,0.37,675.53,0
CUST-19848,28,Male,Phoenix,75896.12,5,173.15,68.7,1.1,0.46,1012.75,0
CUST-19849,46,Female,Miami,29481.19,7,63.15,62.7,0.9,0.63,504.51,0
CUST-19850,30,Male,Phoenix,50359.18,4,70.0,66.9,0.8,0.61,389.71,0
CUST-19851,36,Female,Chicago,20837.95,10,34.41,,2.8,0.58,369.0,0
CUST-19852,46,Male,Chicago,85321.85,8,177.85,81.9,8.3,0.52,1544.65,1
CUST-19853,30,Male,New York,61746.63,6,153.9,66.9,1.6,0.47,979.89,0
CUST-19854,31,Male,Miami,28170.08,8,54.08,56.0,2.3,0.55,470.06,0
CUST-19855,45,Male,Miami,60777.81,10,59.18,73.1,4.6,0.59,680.42,1
CUST-19856,27,Female,Los Angeles,51783.52,7,108.2,81.1,2.3,0.49,761.95,1
CUST-19857,33,Male,Seattle,127245.56,7,353.53,66.7,5.4,0.38,2595.24,1
CUST-19858,44,Female,Phoenix,31205.46,10,66.87,90.1,10.2,0.56,683.06,1
CUST-19859,62,Female,Chicago,172865.27,12,418.49,98.3,9.3,0.28,4800.0,1
CUST-19860,45,Female,New York,112126.43,6,197.45,84.7,5.7,0.56,1342.14,1
CUST-19861,43,Female,Chicago,108297.5,5,288.31,82.4,7.0,0.34,1620.2,1
CUST-19862,44,Male,Phoenix,29150.33,7,78.19,80.1,7.1,,545.25,1
CUST-19863,25,Female,New York,178855.64,10,450.0,61.5,1.7,0.11,4800.0,1
CUST-19864,39,Female,Chicago,31024.0,8,65.66,68.0,6.3,0.54,557.31,0
CUST-19865,37,Female,Austin,53658.99,5,101.45,75.4,4.0,0.57,575.29,1
CUST-19866,41,Female,San Francisco,145626.52,8,318.2,82.1,9.2,0.35,2726.05,1
CUST-19867,39,Female,Houston,66309.68,4,116.72,83.2,0.9,0.54,647.44,0
CUST-19868,42,Male,Houston,27698.28,8,49.74,55.2,4.5,,395.64,1
CUST-19869,34,Female,New York,129031.21,8,276.24,57.0,2.8,0.3,2472.14,0
CUST-19870,38,Female,Austin,70635.45,13,119.65,58.6,6.3,0.4,1586.81,1
CUST-19871,23,Male,Boston,52797.62,3,110.78,86.1,0.8,0.81,389.27,0
CUST-19872,34,Female,San Francisco,35082.85,6,84.56,49.2,3.1,0.65,519.55,0
CUST-19873,54,Male,New York,90896.78,7,240.97,76.1,10.2,0.43,1707.55,1
CUST-19874,41,Male,Los Angeles,57414.26,7,131.09,66.0,5.7,0.56,924.52,0
CUST-19875,37,Female,New York,79083.48,9,159.8,42.6,4.4,0.29,1547.19,0
CUST-19876,60,Female,Houston,23297.61,9,48.98,51.1,6.8,0.65,429.41,0
CUST-19877,21,Female,Los Angeles,50535.6,10,84.84,65.0,1.0,0.58,851.25,0
CUST-19878,24,Female,San Francisco,96435.01,8,173.06,67.5,1.7,0.5,1537.35,0
CUST-19879,58,Male,Houston,131523.26,10,361.24,92.8,13.2,0.29,3830.37,1
CUST-19880,38,Female,New York,66003.55,8,117.49,73.7,6.0,0.51,1027.71,1
CUST-19881,35,Male,San Francisco,156079.66,5,305.66,57.8,1.4,0.31,1864.76,0
CUST-19882,23,Male,New York,108421.19,6,209.37,78.8,1.4,0.54,1360.76,0
CUST-19883,43,Male,Miami,57849.45,8,115.35,78.5,0.9,0.53,1024.21,0
CUST-19884,44,Female,Los Angeles,37556.1,9,67.97,52.0,4.3,0.43,659.85,1
CUST-19885,24,Female,Los Angeles,38350.49,9,89.9,64.8,1.3,0.57,852.23,0
CUST-19886,36,Female,New York,99595.78,13,231.64,93.8,6.2,0.45,2893.08,1
CUST-19887,33,Female,Austin,45801.05,4,111.72,58.7,1.5,0.58,502.88,0
CUST-19888,41,Male,Phoenix,35844.96,7,33.5,68.3,6.1,0.65,319.67,1
CUST-19889,24,Female,Chicago,51973.28,9,78.15,100.0,0.9,0.61,775.87,0
CUST-19890,53,Male,New York,67385.77,15,190.67,91.6,13.3,0.53,2651.12,1
CUST-19891,48,Male,San Francisco,118997.32,10,232.1,71.4,6.6,0.28,2490.66,1
CUST-19892,33,Female,Los Angeles,48388.29,8,98.68,87.5,4.4,0.61,781.28,1
CUST-19893,35,Female,Austin,88958.94,9,170.45,82.6,4.6,0.5,1568.06,1
CUST-19894,36,Female,Austin,74247.75,5,113.72,100.0,2.5,0.58,710.18,1
CUST-19895,28,Female,San Francisco,32842.35,6,97.74,87.6,3.7,0.57,530.0,1
CUST-19896,32,Female,Austin,69048.47,9,107.12,59.8,3.7,0.53,992.36,1
CUST-19897,34,Female,New York,19268.47,9,54.7,,3.5,0.52,508.25,0
CUST-19898,57,Male,Los Angeles,39821.02,13,59.23,79.9,8.2,0.62,834.98,1
CUST-19899,49,Male,Los Angeles,78535.06,10,224.92,96.1,11.1,0.51,2175.51,1
CUST-19900,49,Male,New York,72749.92,4,127.21,73.6,1.2,0.59,728.59,0
CUST-19901,42,Male,Austin,24621.22,6,28.33,77.6,4.0,0.74,158.63,1
CUST-19902,24,Male,New York,41794.65,4,117.06,71.1,2.1,0.57,565.44,0
CUST-19903,37,Other,Seattle,18373.91,7,68.8,72.5,0.8,0.79,430.84,0
CUST-19904,49,Female,Miami,26302.65,9,67.08,100.0,8.1,0.85,622.95,1
CUST-19905,22,Female,Chicago,75987.33,8,121.91,73.1,0.9,0.39,1058.15,1
CUST-19906,45,Male,New York,55347.57,12,135.0,69.8,2.6,0.57,1555.97,1
CUST-19907,65,Male,New York,79624.52,10,110.44,75.7,9.4,0.47,1176.44,1
CUST-19908,50,Male,Los Angeles,62729.31,12,171.74,78.7,10.7,0.51,1946.25,1
CUST-19909,54,Female,Houston,52312.9,7,138.35,77.0,7.0,0.49,977.68,1
CUST-19910,40,Male,Chicago,94878.88,6,218.39,76.5,1.7,0.51,1420.42,0
CUST-19911,49,Female,Phoenix,44054.56,6,47.48,60.7,4.1,0.6,400.77,0
CUST-19912,29,Female,Miami,81148.89,7,174.13,68.5,4.3,0.42,1348.04,1
CUST-19913,47,Female,Chicago,18000.0,7,22.59,68.3,1.7,0.61,201.81,0
CUST-19914,45,Male,New York,127493.11,5,347.09,59.5,2.2,,2048.49,0
CUST-19915,41,Female,Miami,27002.04,8,29.8,100.0,9.1,0.71,315.2,1
CUST-19916,53,Female,Los Angeles,36435.25,11,54.56,93.4,12.4,0.77,578.35,1
CUST-19917,31,Female,Los Angeles,43802.81,7,107.31,75.9,3.8,0.55,702.23,0
CUST-19918,35,Male,Miami,88489.07,9,196.97,83.7,1.5,0.51,1855.82,1
CUST-19919,39,Male,Boston,41675.62,7,125.51,57.7,2.4,0.47,927.71,0
CUST-19920,25,Male,Boston,46834.58,7,31.54,90.5,0.9,0.65,324.93,1
CUST-19921,40,Female,New York,45218.46,6,117.63,100.0,5.7,0.56,698.43,1
CUST-19922,18,Female,Houston,58477.9,8,106.53,71.4,0.5,0.62,898.91,0
CUST-19923,50,Other,New York,106075.75,8,307.84,60.9,1.1,0.25,2587.14,1
CUST-19924,38,Male,Austin,139730.72,5,276.76,60.5,2.7,0.12,1719.69,1
CUST-19925,31,Male,Los Angeles,206833.77,7,329.3,46.2,4.5,0.01,2929.41,1
CUST-19926,27,Female,New York,101234.51,7,164.87,81.4,3.0,0.35,1328.47,1
CUST-19927,35,Male,Seattle,81305.64,10,153.76,42.2,4.6,0.37,1639.4,1
CUST-19928,46,Female,Austin,32423.55,2,30.41,63.1,1.4,0.65,150.48,0
CUST-19929,44,Female,San Francisco,197032.47,12,312.6,80.6,9.2,0.11,4253.71,1
CUST-19930,29,Female,New York,81455.01,7,121.42,,2.6,0.49,994.15,1
CUST-19931,27,Female,Houston,44541.4,4,101.26,46.6,2.0,0.44,519.27,0
CUST-19932,45,Female,Miami,62471.93,12,164.8,100.0,10.1,0.63,1849.07,1
CUST-19933,29,Other,Houston,37441.36,6,38.31,73.7,0.5,0.72,326.67,0
CUST-19934,38,Male,New York,22726.09,7,71.45,67.9,4.7,0.59,496.26,1
CUST-19935,39,Female,New York,97343.97,7,205.15,79.9,6.8,0.4,1610.88,1
CUST-19936,41,Female,Seattle,132505.64,8,306.28,71.9,1.1,0.22,2691.12,1
CUST-19937,48,Female,Houston,67993.54,8,99.73,41.7,4.6,0.55,907.98,0
CUST-19938,22,Female,San Francisco,75578.92,6,173.0,68.0,1.6,0.4,1175.12,0
CUST-19939,18,Other,Chicago,57263.92,9,148.55,62.7,0.5,0.48,1387.21,0
CUST-19940,31,Female,Houston,56097.5,7,106.18,57.7,3.0,0.35,856.0,1
CUST-19941,59,Male,Austin,63967.94,12,117.48,75.5,11.3,0.59,1391.62,1
CUST-19942,62,Female,Los Angeles,60440.29,11,122.66,64.0,6.2,0.67,1331.17,1
CUST-19943,59,Female,San Francisco,76814.11,10,122.05,71.8,6.4,0.43,1298.51,1
CUST-19944,35,Female,New York,159151.36,5,230.22,71.9,0.9,0.08,1597.07,1
CUST-19945,18,Male,New York,92618.22,4,243.72,71.9,0.5,0.31,1210.13,0
CUST-19946,18,Female,Miami,54245.76,7,147.12,58.3,0.5,0.64,1026.43,0
CUST-19947,30,Male,Seattle,94160.59,5,211.61,72.4,4.0,0.24,1266.11,1
CUST-19948,35,Female,San Francisco,105463.66,12,211.98,47.1,2.4,0.16,2800.24,1
CUST-19949,53,Male,New York,117371.99,5,295.08,65.3,5.7,0.47,1601.43,0
CUST-19950,48,Female,Los Angeles,42672.34,9,82.59,59.5,5.6,0.63,755.86,1
CUST-19951,40,Male,Boston,51126.47,8,117.26,85.5,3.4,0.53,1013.37,1
CUST-19952,27,Male,Los Angeles,41480.69,5,50.89,75.9,2.5,0.6,381.54,0
CUST-19953,26,Female,Miami,75513.61,9,138.05,76.3,0.5,0.64,1255.04,0
CUST-19954,41,Male,Los Angeles,89205.45,8,202.15,76.6,8.2,0.4,1739.87,1
CUST-19955,46,Male,Boston,34396.16,6,21.45,75.2,3.7,0.69,236.58,0
CUST-19956,42,Male,Boston,79042.46,9,143.61,86.3,8.4,0.54,1337.05,1
CUST-19957,25,Female,New York,145251.43,1,281.36,75.2,1.5,0.06,740.01,0
CUST-19958,45,Female,Miami,45754.27,4,106.68,85.5,8.5,0.77,510.12,0
CUST-19959,43,Male,New York,85570.1,7,124.96,96.8,8.3,,1022.6,1
CUST-19960,25,Female,Los Angeles,89769.88,4,105.33,73.7,1.2,0.33,633.78,0
CUST-19961,28,Male,Chicago,29392.98,9,63.06,62.5,2.7,0.7,499.18,0
CUST-19962,46,Female,Houston,55531.23,11,55.08,75.1,7.0,0.43,700.31,1
CUST-19963,35,Female,Los Angeles,117691.26,7,179.75,86.4,3.5,,1460.99,1
CUST-19964,57,Other,Houston,38257.78,11,68.33,73.3,7.3,0.54,804.6,1
CUST-19965,44,Female,New York,110894.84,13,265.38,59.4,3.5,0.33,3486.7,1
CUST-19966,32,Male,New York,74138.14,8,113.77,61.9,2.1,0.46,1028.18,0
CUST-19967,37,Male,Houston,36733.87,10,66.35,65.7,4.4,0.57,668.65,1
CUST-19968,38,Female,Houston,49042.98,9,155.82,73.0,0.7,0.64,1355.82,0
CUST-19969,29,Male,San Francisco,58302.97,7,145.2,65.9,4.1,0.65,973.36,0
CUST-19970,27,Male,Phoenix,31272.13,7,64.83,82.6,2.5,0.61,474.57,1
CUST-19971,46,Male,Boston,57248.07,7,136.17,77.6,5.2,0.53,973.78,1
CUST-19972,48,Male,Chicago,58865.08,6,70.23,91.3,1.2,0.54,520.35,1
CUST-19973,45,Female,New York,67310.9,7,175.24,89.0,7.0,0.57,1274.82,1
CUST-19974,56,Male,Phoenix,42699.94,7,131.81,43.7,0.8,0.52,875.04,0
CUST-19975,31,Male,San Francisco,84920.45,11,111.83,98.9,3.7,0.74,1319.55,1
CUST-19976,58,Female,Houston,67131.57,5,129.59,65.1,1.6,0.45,698.58,0
CUST-19977,27,Male,San Francisco,42805.62,8,92.69,69.2,2.5,0.58,738.24,1
CUST-19978,25,Female,Los Angeles,54916.22,6,146.76,78.6,1.4,0.64,879.77,0
CUST-19979,18,Male,New York,27264.32,7,55.63,89.9,0.5,0.75,383.99,0
CUST-19980,32,Female,San Francisco,69939.13,7,131.2,71.7,1.2,0.54,990.9,1
CUST-19981,31,Male,Los Angeles,67172.99,4,64.6,50.1,1.1,0.58,381.16,0
CUST-19982,44,Male,Chicago,75635.44,8,165.37,89.6,2.9,0.62,1386.01,0
CUST-19983,40,Male,Houston,55590.03,11,66.88,54.6,3.9,0.55,816.05,1
CUST-19984,23,Female,Chicago,74822.8,10,166.23,81.6,0.9,0.46,1705.3,1
CUST-19985,33,Female,Phoenix,50375.08,2,104.39,75.6,1.0,0.64,284.42,0
CUST-19986,33,Female,New York,52174.3,8,77.85,81.5,2.3,0.49,726.37,0
CUST-19987,18,Male,Austin,34109.89,6,46.21,57.8,0.5,0.57,291.53,0
CUST-19988,26,Male,San Francisco,66500.91,5,100.02,83.1,2.1,0.5,618.71,0
CUST-19989,28,Male,Chicago,38779.69,6,65.94,81.0,3.9,0.63,416.05,1
CUST-19990,55,Male,New York,68888.53,9,104.63,58.6,6.7,0.5,1011.91,1
CUST-19991,40,Male,New York,57191.82,6,147.62,64.6,3.3,0.46,958.74,0
CUST-19992,45,Other,San Francisco,93527.68,10,142.04,90.5,7.6,0.41,1491.93,1
CUST-19993,20,Female,Los Angeles,63846.65,1,125.6,80.1,0.6,0.58,280.18,0
CUST-19994,52,Female,Los Angeles,77925.55,10,198.39,70.7,8.6,0.57,1905.96,1
CUST-19995,53,Female,Chicago,70967.87,8,182.56,95.8,13.3,0.78,1376.49,1
CUST-19996,18,Female,Phoenix,44569.41,2,89.12,74.8,0.5,0.63,254.9,0
CUST-19997,29,Male,San Francisco,71489.37,5,202.96,75.2,2.4,0.52,1110.93,0
CUST-19998,43,Female,Phoenix,62657.69,4,117.24,74.9,7.9,0.47,585.17,1
CUST-19999,45,Female,Seattle,230064.05,11,307.05,74.5,8.3,0.0,4019.13,1
